image_id,lat,lon,city,block_id,captured_at,compass_angle,quality_score,delta_t,t_ref_window,canopy_frac,asphalt_frac,sky_frac,building_frac,split,source,validated,fg_query_date
139906568156016,33.7370974,-84.3796271,atlanta,b_3755_-7812,1576356229167,180,0.685,0.65,14:00,0.3963,0.2051,0.2718,0.0831,train,mapillary+fortyguard,True,2025-07-15
193654233027068,33.7618009,-84.3920514,atlanta,b_3758_-7811,1662060996685,179.51115989685,0.66,-0.28,14:00,0.1251,0.0989,0.1112,0.5414,train,mapillary+fortyguard,True,2025-07-15
469196344358086,33.7357499,-84.4012346,atlanta,b_3755_-7814,1576351685498,337.42230224609,0.76,0.7,14:00,0.1281,0.1973,0.5356,0.0539,test,mapillary+fortyguard,True,2025-07-15
986880255385448,33.7424872,-84.3979935,atlanta,b_3756_-7813,1576175050166,10.862701416016,0.724,0.71,14:00,0.0797,0.0607,0.4199,0.2292,train,mapillary+fortyguard,True,2025-07-15
368567044585013,33.7379957,-84.3758458,atlanta,b_3755_-7811,1576352265169,268.66241455078,0.704,0.51,14:00,0.1364,0.1252,0.326,0.2894,train,mapillary+fortyguard,True,2025-07-15
174474285064132,33.7559619,-84.3915112,atlanta,b_3757_-7811,1662041861679,313.17756319046,0.626,-0.35,14:00,0.2715,0.007,0.0034,0.4302,test,mapillary+fortyguard,True,2025-07-15
3327300584259177,33.7626992,-84.3882701,atlanta,b_3758_-7810,1662659558386,84.709278106689,0.634,-0.12,14:00,0.1242,0.2574,0.0129,0.3047,train,mapillary+fortyguard,True,2025-07-15
995483170986718,33.747428,-84.3817878,atlanta,b_3756_-7811,1576520234170,138.48669433594,0.71,0.83,14:00,0.2949,0.1452,0.4232,0.1205,train,mapillary+fortyguard,True,2025-07-15
131460349025894,33.7433856,-84.3942122,atlanta,b_3756_-7813,1576777248105,180,0.489,0.73,14:00,0.1976,0.2546,0.3755,0.001,train,mapillary+fortyguard,True,2025-07-15
3371714606418907,33.7568602,-84.3877299,atlanta,b_3757_-7811,1663086098523,179.03071498871,0.653,-0.16,14:00,0.3598,0.0006,0.0181,0.1962,test,mapillary+fortyguard,True,2025-07-15
1645351825647893,33.7550636,-84.3747654,atlanta,b_3757_-7810,1576524419164,271.02844238281,0.72,-1.48,14:00,0.1324,0.1774,0.194,0.3984,train,mapillary+fortyguard,True,2025-07-15
500272517791382,33.7402415,-84.4028552,atlanta,b_3755_-7814,1576351265172,162.42248535156,0.786,0.67,14:00,0.0827,0.2263,0.514,0.139,test,mapillary+fortyguard,True,2025-07-15
125790080214771,33.7577585,-84.3839486,atlanta,b_3757_-7810,1663099015143,198.77894496918,0.551,-0.04,14:00,0.2867,0.1173,0.0283,0.3919,train,mapillary+fortyguard,True,2025-07-15
141859071257577,33.7424872,-84.3774663,atlanta,b_3756_-7811,1576356104170,273.09375,0.648,0.44,14:00,0.415,0.1602,0.1758,0.1298,train,mapillary+fortyguard,True,2025-07-15
5760211980655419,33.7451822,-84.3866495,atlanta,b_3756_-7812,1576519721183,4.1717529296875,0.815,1.03,14:00,0.0503,0.2266,0.3919,0.231,train,mapillary+fortyguard,True,2025-07-15
4569877086361198,33.7519195,-84.3834084,atlanta,b_3757_-7811,1576171758114,220.42211914062,0.725,0.08,14:00,0.0,0.0939,0.2904,0.5602,test,mapillary+fortyguard,True,2025-07-15
533135191194064,33.7586568,-84.3801673,atlanta,b_3758_-7810,1576180208168,64.95166015625,0.696,-0.33,14:00,0.0868,0.2061,0.3933,0.0024,train,mapillary+fortyguard,True,2025-07-15
790442921610577,33.7366482,-84.3769261,atlanta,b_3755_-7812,1576352148164,89.999969482422,0.76,0.51,14:00,0.1342,0.1644,0.449,0.111,train,mapillary+fortyguard,True,2025-07-15
1073403469954935,33.7546144,-84.3925916,atlanta,b_3757_-7811,1611088569600,347.35296742884,0.651,-0.41,14:00,0.0,0.5577,0.1672,0.1361,test,mapillary+fortyguard,True,2025-07-15
183007583691219,33.7433856,-84.373685,atlanta,b_3756_-7811,1576777464155,89.999908447266,0.643,-0.07,14:00,0.035,0.3479,0.2648,0.034,train,mapillary+fortyguard,True,2025-07-15
938351970413565,33.7613518,-84.3893505,atlanta,b_3758_-7810,1663081965963,177.28542709351,0.494,-0.13,14:00,0.0,0.3557,0.0006,0.2021,train,mapillary+fortyguard,True,2025-07-15
209573950757560,33.7393432,-84.3861093,atlanta,b_3755_-7812,1576356997182,287.56042480469,0.626,0.71,14:00,0.0209,0.2948,0.5652,0.0192,train,mapillary+fortyguard,True,2025-07-15
508511270185167,33.7460805,-84.3828682,atlanta,b_3756_-7811,1576520814195,359.34741210938,0.758,1.07,14:00,0.355,0.2128,0.2249,0.1729,train,mapillary+fortyguard,True,2025-07-15
204323338010906,33.7487754,-84.3920514,atlanta,b_3756_-7812,1576525789175,118.02774047852,0.761,0.4,14:00,0.0974,0.2532,0.2383,0.3354,train,mapillary+fortyguard,True,2025-07-15
369002107874502,33.7375465,-84.3731448,atlanta,b_3755_-7811,1576352226172,7.4033203125,0.737,0.35,14:00,0.4137,0.2457,0.3018,0.0072,train,mapillary+fortyguard,True,2025-07-15
3971180636322850,33.7622501,-84.3855692,atlanta,b_3758_-7810,1576872253080,271.12969970703,0.687,-0.01,14:00,0.1273,0.2456,0.0836,0.4926,train,mapillary+fortyguard,True,2025-07-15
489621342462782,33.7582077,-84.3979935,atlanta,b_3757_-7812,1598710222698,270.89202880859,0.576,-0.34,14:00,0.0883,0.2182,0.3112,0.2701,train,mapillary+fortyguard,True,2025-07-15
3057340891165595,33.7469788,-84.3790869,atlanta,b_3756_-7811,1576522633173,272.45947265625,0.719,0.4,14:00,0.0543,0.3088,0.4978,0.0798,train,mapillary+fortyguard,True,2025-07-15
248022107098860,33.7537161,-84.3758458,atlanta,b_3757_-7810,1576524664165,266.13446044922,0.73,-1.32,14:00,0.1627,0.1901,0.3672,0.1634,train,mapillary+fortyguard,True,2025-07-15
590815756862044,33.7429364,-84.3915112,atlanta,b_3756_-7812,1706984257000,100,0.545,0.75,14:00,0.0354,0.0042,0.2292,0.246,train,mapillary+fortyguard,True,2025-07-15
322918732566627,33.7496737,-84.3882701,atlanta,b_3757_-7811,1576776010087,304.70086669922,0.76,0.44,14:00,0.1533,0.3154,0.2002,0.2693,test,mapillary+fortyguard,True,2025-07-15
1442623426080282,33.7631484,-84.3817878,atlanta,b_3758_-7810,1598725557811,1.9569091796875,0.781,-0.13,14:00,0.1752,0.2352,0.3704,0.1664,train,mapillary+fortyguard,True,2025-07-15
308049420941013,33.7411398,-84.3785467,atlanta,b_3756_-7811,1576356163162,218.14471435547,0.693,0.62,14:00,0.2897,0.1958,0.3605,0.0569,train,mapillary+fortyguard,True,2025-07-15
804772464004548,33.759106,-84.3942122,atlanta,b_3758_-7811,1662488769020,119.96971559525,0.743,-0.32,14:00,0.5282,0.0007,0.1857,0.0319,train,mapillary+fortyguard,True,2025-07-15
166421735309621,33.7478771,-84.3753056,atlanta,b_3756_-7810,1576522483166,271.81274414062,0.708,-1.05,14:00,0.2509,0.2021,0.382,0.0439,train,mapillary+fortyguard,True,2025-07-15
825424688395709,33.7438347,-84.3877299,atlanta,b_3756_-7812,1576092625192,117.23455810547,0.786,0.94,14:00,0.1469,0.2385,0.5596,0.0011,train,mapillary+fortyguard,True,2025-07-15
386570135852717,33.7573094,-84.3812476,atlanta,b_3757_-7810,1576767755074,260.61566162109,0.739,-0.21,14:00,0.1429,0.2876,0.082,0.3618,train,mapillary+fortyguard,True,2025-07-15
138250538288406,33.753267,-84.393672,atlanta,b_3757_-7812,1576776333139,33.801147460938,0.748,-0.39,14:00,0.063,0.3066,0.1659,0.3956,train,mapillary+fortyguard,True,2025-07-15
514610153042004,33.7420381,-84.3747654,atlanta,b_3756_-7811,1576355965176,0.51229858398438,0.736,0.26,14:00,0.1713,0.1903,0.4454,0.1085,train,mapillary+fortyguard,True,2025-07-15
334832777989944,33.744733,-84.3839486,atlanta,b_3756_-7811,1576520026169,358.55657958984,0.741,1.06,14:00,0.4236,0.2325,0.1903,0.1008,train,mapillary+fortyguard,True,2025-07-15
4144019462320044,33.7582077,-84.3774663,atlanta,b_3757_-7810,1576180528170,337.42755126953,0.632,-0.85,14:00,0.0347,0.211,0.1155,0.1382,train,mapillary+fortyguard,True,2025-07-15
308848397800045,33.747428,-84.3931318,atlanta,b_3756_-7812,1639683055000,118.31,0.531,0.61,14:00,0.1537,0.3845,0.047,0.1102,train,mapillary+fortyguard,True,2025-07-15
1576524692548863,33.7361991,-84.3742252,atlanta,b_3755_-7811,1576352169198,95.463897705078,0.699,0.29,14:00,0.2125,0.2217,0.3229,0.1904,train,mapillary+fortyguard,True,2025-07-15
199950469140316,33.7541653,-84.3898907,atlanta,b_3757_-7811,1611088215000,104.95560588789,0.729,-0.31,14:00,0.0,0.615,0.0304,0.3123,test,mapillary+fortyguard,True,2025-07-15
831825700774776,33.7429364,-84.3709841,atlanta,b_3756_-7810,1576092693181,94.232452392578,0.751,-0.4,14:00,0.08,0.2718,0.4664,0.1545,train,mapillary+fortyguard,True,2025-07-15
127384523378606,33.7609026,-84.3866495,atlanta,b_3758_-7810,1662746207702,267.75897932053,0.511,-0.02,14:00,0.0751,0.0161,0.0,0.0916,train,mapillary+fortyguard,True,2025-07-15
461766458259668,33.738894,-84.3834084,atlanta,b_3755_-7812,1576356912173,359.23156738281,0.79,0.7,14:00,0.0866,0.1466,0.4023,0.207,train,mapillary+fortyguard,True,2025-07-15
148316603924388,33.7568602,-84.3990739,atlanta,b_3757_-7812,1576527801182,2.6871337890625,0.753,-0.37,14:00,0.043,0.288,0.5062,0.1352,train,mapillary+fortyguard,True,2025-07-15
152547153495445,33.7456313,-84.3801673,atlanta,b_3756_-7811,1576520971165,94.046508789062,0.732,0.79,14:00,0.0606,0.2224,0.463,0.1368,train,mapillary+fortyguard,True,2025-07-15
3804611706335112,33.7523687,-84.3769261,atlanta,b_3757_-7810,1576524724168,181.12072753906,0.72,-0.94,14:00,0.084,0.2294,0.3478,0.2672,train,mapillary+fortyguard,True,2025-07-15
1204370213338893,33.759106,-84.373685,atlanta,b_3758_-7809,1598722644617,250.6051940918,0.704,-1.82,14:00,0.3833,0.1625,0.2899,0.0687,train,mapillary+fortyguard,True,2025-07-15
1044333076250643,33.7550636,-84.3861093,atlanta,b_3757_-7811,1663088413834,177.53327465057,0.613,-0.16,14:00,0.4005,0.0697,0.0203,0.0598,test,mapillary+fortyguard,True,2025-07-15
605655457756670,33.7618009,-84.3828682,atlanta,b_3758_-7810,1662753415113,88.002103805542,0.621,-0.06,14:00,0.0463,0.2828,0.2454,0.3539,train,mapillary+fortyguard,True,2025-07-15
1005920869940413,33.7465296,-84.3763859,atlanta,b_3756_-7811,1576522451175,91.620880126953,0.752,-0.29,14:00,0.2048,0.2468,0.5171,0.0,train,mapillary+fortyguard,True,2025-07-15
199012422066864,33.7384448,-84.4012346,atlanta,b_3755_-7814,1576351457190,87.039184570312,0.755,0.67,14:00,0.0607,0.1472,0.611,0.0846,test,mapillary+fortyguard,True,2025-07-15
160221860010799,33.7559619,-84.382328,atlanta,b_3757_-7810,1663097847064,347.13134145737,0.587,-0.22,14:00,0.1702,0.1705,0.0428,0.278,train,mapillary+fortyguard,True,2025-07-15
856930548233203,33.7519195,-84.3947524,atlanta,b_3757_-7812,1576776281121,125.31558227539,0.726,-0.2,14:00,0.0425,0.3003,0.2476,0.3488,train,mapillary+fortyguard,True,2025-07-15
311833583715792,33.7406906,-84.3758458,atlanta,b_3756_-7811,1576355174132,268.12585449219,0.652,0.52,14:00,0.1719,0.1117,0.4072,0.1667,train,mapillary+fortyguard,True,2025-07-15
485879142465092,33.7366482,-84.3882701,atlanta,b_3755_-7813,1576351964162,0,0.73,0.74,14:00,0.052,0.1846,0.5793,0.0368,train,mapillary+fortyguard,True,2025-07-15
521447825547813,33.7460805,-84.3942122,atlanta,b_3756_-7812,1576173350055,170.65460205078,0.667,0.7,14:00,0.0283,0.2846,0.0106,0.0493,train,mapillary+fortyguard,True,2025-07-15
133348122120251,33.7415889,-84.3720644,atlanta,b_3756_-7811,1612725434000,0,0.703,0.19,14:00,0.3088,0.4073,0.1454,0.0566,train,mapillary+fortyguard,True,2025-07-15
3173625456221756,33.7622501,-84.3969131,atlanta,b_3758_-7811,1662481433972,257.20653820038,0.647,-0.34,14:00,0.0544,0.1761,0.0051,0.5568,train,mapillary+fortyguard,True,2025-07-15
1181887882326117,33.7510212,-84.3780065,atlanta,b_3757_-7810,1576523501626,55.867034912109,0.73,-0.43,14:00,0.2062,0.1902,0.3731,0.0959,train,mapillary+fortyguard,True,2025-07-15
389905742189712,33.7577585,-84.3747654,atlanta,b_3757_-7809,1598722690468,178.70300292969,0.639,-1.49,14:00,0.5403,0.1862,0.2051,0.0132,test,mapillary+fortyguard,True,2025-07-15
257082786203901,33.7469788,-84.3904308,atlanta,b_3756_-7812,1576776951177,270,0.721,0.83,14:00,0.103,0.2976,0.3515,0.1947,train,mapillary+fortyguard,True,2025-07-15
1577329072665332,33.7604535,-84.3839486,atlanta,b_3758_-7810,1662562744593,-4.4559447169304,0.63,0.0,14:00,0.1918,0.1438,0.0,0.2675,train,mapillary+fortyguard,True,2025-07-15
465411477896700,33.7564111,-84.3963729,atlanta,b_3757_-7812,1576517275180,247.75811767578,0.76,-0.42,14:00,0.0,0.2368,0.4272,0.2308,train,mapillary+fortyguard,True,2025-07-15
234864895065943,33.7451822,-84.3774663,atlanta,b_3756_-7811,1576521980168,183.59094238281,0.535,0.09,14:00,0.4407,0.0,0.1613,0.0,train,mapillary+fortyguard,True,2025-07-15
1378642202664121,33.7631484,-84.3931318,atlanta,b_3758_-7811,1662478606260,101.43180274963,0.654,-0.31,14:00,0.4153,0.0,0.0593,0.3372,train,mapillary+fortyguard,True,2025-07-15
954214189608134,33.7478771,-84.3866495,atlanta,b_3756_-7811,1706984229500,232.385,0.644,0.94,14:00,0.0,0.1975,0.4921,0.1708,train,mapillary+fortyguard,True,2025-07-15
1322718824799229,33.7546144,-84.3834084,atlanta,b_3757_-7811,1663097459276,84.588019371033,0.602,-0.17,14:00,0.1645,0.2554,0.1517,0.3159,test,mapillary+fortyguard,True,2025-07-15
376325740353374,33.7438347,-84.3990739,atlanta,b_3756_-7813,1576177976167,108.6767578125,0.716,0.74,14:00,0.2597,0.2277,0.4031,0.019,train,mapillary+fortyguard,True,2025-07-15
935204107024198,33.750572,-84.3958327,atlanta,b_3757_-7812,1576527440182,270,0.722,-0.02,14:00,0.1414,0.2272,0.3084,0.2119,train,mapillary+fortyguard,True,2025-07-15
571044690966220,33.7393432,-84.3769261,atlanta,b_3755_-7811,1576354402166,83.840454101562,0.725,0.57,14:00,0.2753,0.172,0.2749,0.2059,train,mapillary+fortyguard,True,2025-07-15
779994346035792,33.7420381,-84.3861093,atlanta,b_3756_-7812,1576518949183,115.20040893555,0.695,0.78,14:00,0.2706,0.3032,0.3044,0.0167,train,mapillary+fortyguard,True,2025-07-15
1088010841688401,33.744733,-84.3952925,atlanta,b_3756_-7813,1576175506182,89.601654052734,0.747,0.73,14:00,0.0068,0.252,0.6118,0.0131,train,mapillary+fortyguard,True,2025-07-15
5376372699099756,33.7402415,-84.3731448,atlanta,b_3755_-7811,1612725477000,0,0.729,0.41,14:00,0.2789,0.3738,0.1823,0.0576,train,mapillary+fortyguard,True,2025-07-15
168935985147874,33.7361991,-84.3855692,atlanta,b_3755_-7812,1576352547168,181.58782958984,0.687,0.77,14:00,0.337,0.0832,0.301,0.0895,train,mapillary+fortyguard,True,2025-07-15
476182960343407,33.7496737,-84.3790869,atlanta,b_3757_-7811,1598723104239,263.65985107422,0.744,-0.07,14:00,0.3411,0.1518,0.2501,0.1949,test,mapillary+fortyguard,True,2025-07-15
509299173451214,33.7456313,-84.3915112,atlanta,b_3756_-7812,1576093690187,226.43579101562,0.688,0.81,14:00,0.0407,0.2004,0.0002,0.4177,train,mapillary+fortyguard,True,2025-07-15
894940948017087,33.7523687,-84.3882701,atlanta,b_3757_-7811,1576529742173,57.072021484375,0.679,-0.1,14:00,0.0,0.2418,0.1796,0.4839,test,mapillary+fortyguard,True,2025-07-15
964679014278434,33.7370974,-84.3817878,atlanta,b_3755_-7812,1576356615160,179.1337890625,0.698,0.73,14:00,0.3715,0.1849,0.356,0.0109,train,mapillary+fortyguard,True,2025-07-15
1870495173111417,33.7438347,-84.3785467,atlanta,b_3756_-7811,1576092830174,282.66564941406,0.76,0.53,14:00,0.2603,0.2308,0.4194,0.0024,train,mapillary+fortyguard,True,2025-07-15
956974245137745,33.750572,-84.3753056,atlanta,b_3757_-7810,1576522998202,77.313934326172,0.762,-1.36,14:00,0.1697,0.2674,0.3564,0.1345,train,mapillary+fortyguard,True,2025-07-15
852262648694280,33.7397923,-84.390971,atlanta,b_3755_-7813,1576169909094,15.267333984375,0.783,0.67,14:00,0.2027,0.2852,0.4464,0.0221,train,mapillary+fortyguard,True,2025-07-15
587694435957992,33.753267,-84.3844888,atlanta,b_3757_-7811,1576529017182,130.09436035156,0.697,-0.07,14:00,0.0907,0.2285,0.2166,0.3453,test,mapillary+fortyguard,True,2025-07-15
385617702628052,33.7379957,-84.3780065,atlanta,b_3755_-7812,1576356196171,186.57543945312,0.742,0.6,14:00,0.2609,0.2439,0.3706,0.0813,train,mapillary+fortyguard,True,2025-07-15
614376390404059,33.7626992,-84.3904308,atlanta,b_3758_-7810,1661975681698,354.3987364769,0.581,-0.21,14:00,0.7032,0.0238,0.082,0.1379,train,mapillary+fortyguard,True,2025-07-15
1647577776152779,33.7514704,-84.3715242,atlanta,b_3757_-7810,1733248460530,304,0.705,-2.27,14:00,0.0574,0.1093,0.5063,0.0403,train,mapillary+fortyguard,True,2025-07-15
401849624123102,33.7366482,-84.3996141,atlanta,b_3755_-7814,1576351726188,93.01904296875,0.764,0.68,14:00,0.3224,0.197,0.2811,0.1177,test,mapillary+fortyguard,True,2025-07-15
774809029687603,33.7609026,-84.3774663,atlanta,b_3758_-7809,1576683503155,276.21380615234,0.722,-0.86,14:00,0.225,0.2599,0.3945,0.051,train,mapillary+fortyguard,True,2025-07-15
2869120219969815,33.7483263,-84.3801673,atlanta,b_3756_-7811,1576520289172,180,0.679,0.54,14:00,0.0161,0.2307,0.4096,0.2811,train,mapillary+fortyguard,True,2025-07-15
335719847896402,33.7550636,-84.3769261,atlanta,b_3757_-7810,1576523754180,346.11602783203,0.717,-1.03,14:00,0.016,0.2848,0.2699,0.3596,train,mapillary+fortyguard,True,2025-07-15
157853199623581,33.7442839,-84.3925916,atlanta,b_3756_-7812,1576173371076,131.56234741211,0.673,0.76,14:00,0.0034,0.3341,0.5089,0.0147,train,mapillary+fortyguard,True,2025-07-15
178166344740466,33.7577585,-84.3861093,atlanta,b_3757_-7811,1663085761097,178.06805229187,0.648,-0.05,14:00,0.0135,0.0865,0.0078,0.5031,test,mapillary+fortyguard,True,2025-07-15
186085730043590,33.7537161,-84.3985337,atlanta,b_3757_-7812,1576527560177,272.17517089844,0.736,-0.43,14:00,0.0,0.2589,0.2783,0.3918,train,mapillary+fortyguard,True,2025-07-15
646483013370026,33.7604535,-84.3952925,atlanta,b_3758_-7811,1662481740647,49.806157588959,0.72,-0.32,14:00,0.4026,0.1545,0.0072,0.0903,train,mapillary+fortyguard,True,2025-07-15
304424367896322,33.7492246,-84.3763859,atlanta,b_3756_-7810,1576524868181,174.44909667969,0.65,-0.76,14:00,0.2021,0.1987,0.3873,0.0198,train,mapillary+fortyguard,True,2025-07-15
173835344629049,33.7478771,-84.3979935,atlanta,b_3756_-7813,1576178071170,355.21014404297,0.79,0.5,14:00,0.1213,0.1823,0.5408,0.0863,train,mapillary+fortyguard,True,2025-07-15
2831293600444504,33.7366482,-84.3790869,atlanta,b_3755_-7812,1576352125159,83.943389892578,0.738,0.62,14:00,0.1037,0.1959,0.4979,0.1031,train,mapillary+fortyguard,True,2025-07-15
1793764037493999,33.7393432,-84.3882701,atlanta,b_3755_-7812,1576518892203,359.46466064453,0.792,0.69,14:00,0.0522,0.2441,0.5766,0.0542,train,mapillary+fortyguard,True,2025-07-15
1209700719483267,33.7460805,-84.385029,atlanta,b_3756_-7811,1577220470659,0.704345703125,0.5,1.11,14:00,0.8104,0.0997,0.0026,0.0,train,mapillary+fortyguard,True,2025-07-15
819535665333011,33.7353008,-84.4006944,atlanta,b_3755_-7814,1576351622171,285.23028564453,0.783,0.7,14:00,0.2928,0.1671,0.4258,0.0829,test,mapillary+fortyguard,True,2025-07-15
306589864355551,33.7420381,-84.3974533,atlanta,b_3756_-7813,1576173153114,269.13342285156,0.741,0.69,14:00,0.1589,0.2719,0.4391,0.0596,train,mapillary+fortyguard,True,2025-07-15
313946800306551,33.7595552,-84.3785467,atlanta,b_3758_-7810,1576180595190,343.97576904297,0.67,-0.56,14:00,0.0,0.1983,0.1697,0.0339,train,mapillary+fortyguard,True,2025-07-15
2083893258428089,33.7375465,-84.3753056,atlanta,b_3755_-7811,1576352256179,274.04620361328,0.697,0.48,14:00,0.137,0.1362,0.41,0.198,train,mapillary+fortyguard,True,2025-07-15
984250048986279,33.7555128,-84.390971,atlanta,b_3757_-7811,1576178300163,47.809875488281,0.636,-0.36,14:00,0.007,0.2497,0.0387,0.6499,test,mapillary+fortyguard,True,2025-07-15
188673790280755,33.7622501,-84.3877299,atlanta,b_3758_-7810,1663079270203,78.933902740479,0.592,-0.08,14:00,0.1474,0.4166,0.0186,0.3815,train,mapillary+fortyguard,True,2025-07-15
507407317112738,33.7537161,-84.3780065,atlanta,b_3757_-7810,1576092074163,17.009155273438,0.794,-0.75,14:00,0.3109,0.237,0.3561,0.0506,train,mapillary+fortyguard,True,2025-07-15
2835444686706688,33.7429364,-84.393672,atlanta,b_3756_-7813,1576526671164,279.98120117188,0.76,0.73,14:00,0.1208,0.2687,0.3527,0.2004,train,mapillary+fortyguard,True,2025-07-15
968753653897298,33.7496737,-84.3904308,atlanta,b_3757_-7812,1576526316173,120.7350769043,0.713,0.37,14:00,0.3298,0.2559,0.1848,0.1407,train,mapillary+fortyguard,True,2025-07-15
773846690554326,33.7564111,-84.3871897,atlanta,b_3757_-7811,1663086354734,-1.9711244106293,0.667,-0.16,14:00,0.1198,0.0226,0.0188,0.5694,test,mapillary+fortyguard,True,2025-07-15
137621035020802,33.7438347,-84.3898907,atlanta,b_3756_-7812,1576175782162,69.823486328125,0.67,0.86,14:00,0.0436,0.2076,0.311,0.0798,train,mapillary+fortyguard,True,2025-07-15
1104450859965697,33.7397923,-84.402315,atlanta,b_3755_-7814,1576351270201,162.63702392578,0.75,0.67,14:00,0.0715,0.2314,0.4916,0.1359,test,mapillary+fortyguard,True,2025-07-15
2277276922413088,33.7573094,-84.3834084,atlanta,b_3757_-7810,1663098317976,86.259033203125,0.652,-0.08,14:00,0.3881,0.0836,0.0609,0.1561,train,mapillary+fortyguard,True,2025-07-15
901672157071971,33.7420381,-84.3769261,atlanta,b_3756_-7811,1576356093175,271.96789550781,0.724,0.43,14:00,0.3095,0.1719,0.2687,0.1404,train,mapillary+fortyguard,True,2025-07-15
474617843650928,33.7600043,-84.3925916,atlanta,b_3758_-7811,1582304276000,0,0.688,-0.27,14:00,0.0171,0.2045,0.4465,0.1948,train,mapillary+fortyguard,True,2025-07-15
828568724729362,33.744733,-84.3861093,atlanta,b_3756_-7812,1576519711173,8.3178100585938,0.751,1.02,14:00,0.1078,0.2106,0.2396,0.2632,train,mapillary+fortyguard,True,2025-07-15
822008292006057,33.7514704,-84.3828682,atlanta,b_3757_-7811,1576171763086,221.27172851562,0.718,0.16,14:00,0.0688,0.0483,0.3159,0.4636,test,mapillary+fortyguard,True,2025-07-15
1283169592446482,33.7609026,-84.3888103,atlanta,b_3758_-7810,1662659107596,83.551047325134,0.64,-0.13,14:00,0.2849,0.1117,0.0,0.3999,train,mapillary+fortyguard,True,2025-07-15
309603807482961,33.7456313,-84.382328,atlanta,b_3756_-7811,1576520811181,9.2763061523438,0.706,1.02,14:00,0.275,0.1987,0.2737,0.1611,train,mapillary+fortyguard,True,2025-07-15
3962888963790872,33.7523687,-84.3790869,atlanta,b_3757_-7810,1576176083178,32.417175292969,0.737,-0.51,14:00,0.0865,0.2397,0.5761,0.0175,train,mapillary+fortyguard,True,2025-07-15
1422520034768550,33.7415889,-84.3947524,atlanta,b_3756_-7813,1576518699168,180.60308837891,0.751,0.68,14:00,0.1713,0.2463,0.3555,0.168,train,mapillary+fortyguard,True,2025-07-15
189529323017434,33.759106,-84.3758458,atlanta,b_3758_-7809,1576767666086,270.84039306641,0.681,-1.16,14:00,0.0982,0.303,0.2227,0.2501,train,mapillary+fortyguard,True,2025-07-15
279556807162056,33.7483263,-84.3915112,atlanta,b_3756_-7812,1576527006175,4.7531127929688,0.71,0.54,14:00,0.1265,0.2309,0.2083,0.3044,train,mapillary+fortyguard,True,2025-07-15
3208640129375274,33.7618009,-84.385029,atlanta,b_3758_-7810,1662563421513,85.362119674683,0.672,0.0,14:00,0.1565,0.1288,0.0611,0.4971,train,mapillary+fortyguard,True,2025-07-15
5467661709972897,33.7577585,-84.3974533,atlanta,b_3757_-7812,1598710215603,271.42883300781,0.588,-0.37,14:00,0.0756,0.082,0.3505,0.224,train,mapillary+fortyguard,True,2025-07-15
135724038580058,33.7465296,-84.3785467,atlanta,b_3756_-7811,1576522621461,230.13238525391,0.754,0.29,14:00,0.0145,0.2488,0.2254,0.4922,train,mapillary+fortyguard,True,2025-07-15
4078173468928351,33.753267,-84.3753056,atlanta,b_3757_-7810,1576523065160,352.00946044922,0.706,-1.46,14:00,0.4324,0.163,0.231,0.0026,train,mapillary+fortyguard,True,2025-07-15
5480200882046301,33.7559619,-84.3844888,atlanta,b_3757_-7811,1662579540419,82.924810886383,0.495,-0.13,14:00,0.0582,0.0428,0.2075,0.3976,test,mapillary+fortyguard,True,2025-07-15
190112682852965,33.7406906,-84.3780065,atlanta,b_3756_-7811,1576355198532,329.42358398438,0.718,0.6,14:00,0.1383,0.1245,0.43,0.1743,train,mapillary+fortyguard,True,2025-07-15
4032708306752250,33.747428,-84.3747654,atlanta,b_3756_-7810,1576522399179,175.15026855469,0.667,-1.18,14:00,0.168,0.1689,0.4682,0.0653,train,mapillary+fortyguard,True,2025-07-15
463928204673744,33.7366482,-84.3904308,atlanta,b_3755_-7813,1576518827169,58.9833984375,0.78,0.71,14:00,0.0288,0.2724,0.3656,0.2926,train,mapillary+fortyguard,True,2025-07-15
892316581633870,33.7501229,-84.3839486,atlanta,b_3757_-7811,1598723143186,311.61993408203,0.717,0.45,14:00,0.1404,0.1955,0.2244,0.3236,test,mapillary+fortyguard,True,2025-07-15
712816116356301,33.7460805,-84.3963729,atlanta,b_3756_-7813,1639683133000,74.47,0.463,0.68,14:00,0.2492,0.5117,0.0649,0.0724,train,mapillary+fortyguard,True,2025-07-15
1262012424242021,33.7528178,-84.3931318,atlanta,b_3757_-7812,1576776334129,34.226226806641,0.746,-0.33,14:00,0.016,0.3265,0.1655,0.4342,train,mapillary+fortyguard,True,2025-07-15
132035275628920,33.7442839,-84.3834084,atlanta,b_3756_-7811,1576520017200,268.83227539062,0.71,1.0,14:00,0.2773,0.2086,0.4074,0.0645,train,mapillary+fortyguard,True,2025-07-15
475043420431969,33.7577585,-84.3769261,atlanta,b_3757_-7810,1576523897428,302.75549316406,0.657,-1.01,14:00,0.1566,0.183,0.5081,0.0731,train,mapillary+fortyguard,True,2025-07-15
2941647162762380,33.7469788,-84.3925916,atlanta,b_3756_-7812,1576526966163,53.069488525391,0.74,0.69,14:00,0.2394,0.2849,0.2569,0.0483,train,mapillary+fortyguard,True,2025-07-15
510189103693734,33.7357499,-84.373685,atlanta,b_3755_-7811,1612725548000,0,0.739,0.18,14:00,0.2804,0.3823,0.17,0.0812,train,mapillary+fortyguard,True,2025-07-15
337779451293713,33.7384448,-84.3828682,atlanta,b_3755_-7812,1576356907222,338.126953125,0.694,0.71,14:00,0.1452,0.1233,0.3177,0.2497,train,mapillary+fortyguard,True,2025-07-15
157415009664568,33.7564111,-84.3985337,atlanta,b_3757_-7812,1576527792178,327.11126708984,0.699,-0.4,14:00,0.0229,0.2651,0.583,0.0233,train,mapillary+fortyguard,True,2025-07-15
368696367891957,33.7451822,-84.3796271,atlanta,b_3756_-7811,1576521366169,178.89215087891,0.704,0.68,14:00,0.1241,0.2721,0.4843,0.0093,train,mapillary+fortyguard,True,2025-07-15
849859978942276,33.7519195,-84.3763859,atlanta,b_3757_-7810,1576524734186,184.32257080078,0.699,-1.06,14:00,0.0493,0.209,0.379,0.2945,train,mapillary+fortyguard,True,2025-07-15
901944400655946,33.7586568,-84.3731448,atlanta,b_3758_-7809,1598722631457,2.0025024414062,0.693,-1.98,14:00,0.7778,0.0798,0.0527,0.001,train,mapillary+fortyguard,True,2025-07-15
2050830831723132,33.7478771,-84.3888103,atlanta,b_3756_-7812,1576526472182,23.961151123047,0.714,0.81,14:00,0.1002,0.1638,0.1373,0.5039,train,mapillary+fortyguard,True,2025-07-15
2583133351987909,33.7546144,-84.3855692,atlanta,b_3757_-7811,1576529170191,271.1484375,0.717,-0.15,14:00,0.1124,0.2165,0.1792,0.3918,test,mapillary+fortyguard,True,2025-07-15
608357730933953,33.7613518,-84.382328,atlanta,b_3758_-7810,1662752739992,-2.6014673709869,0.464,-0.06,14:00,0.0728,0.0396,0.0163,0.4772,train,mapillary+fortyguard,True,2025-07-15
475450247026218,33.7393432,-84.3790869,atlanta,b_3755_-7812,1576356185179,176.60070800781,0.719,0.64,14:00,0.3912,0.188,0.3564,0.0167,train,mapillary+fortyguard,True,2025-07-15
174524394558901,33.7573094,-84.3947524,atlanta,b_3757_-7811,1576517222176,223.99432373047,0.743,-0.37,14:00,0.0,0.265,0.3656,0.3371,test,mapillary+fortyguard,True,2025-07-15
3852191201546315,33.7379957,-84.4006944,atlanta,b_3755_-7814,1576351472173,183.31298828125,0.764,0.68,14:00,0.1385,0.1907,0.4859,0.0586,test,mapillary+fortyguard,True,2025-07-15
4833277376699209,33.7514704,-84.3942122,atlanta,b_3757_-7812,1576776200102,210.14379882812,0.689,-0.19,14:00,0.1607,0.2313,0.2874,0.1946,train,mapillary+fortyguard,True,2025-07-15
172180944818760,33.7402415,-84.3753056,atlanta,b_3755_-7811,1576354470188,278.10485839844,0.743,0.49,14:00,0.356,0.1175,0.3158,0.1302,train,mapillary+fortyguard,True,2025-07-15
1263662697784811,33.7582077,-84.390971,atlanta,b_3757_-7811,1662048491343,177.9700961113,0.479,-0.26,14:00,0.2114,0.1974,0.0361,0.449,test,mapillary+fortyguard,True,2025-07-15
460290955031498,33.7361991,-84.3877299,atlanta,b_3755_-7813,1576351956164,0.441162109375,0.767,0.75,14:00,0.2354,0.2037,0.455,0.0263,train,mapillary+fortyguard,True,2025-07-15
211135777271769,33.7564111,-84.3780065,atlanta,b_3757_-7810,1598725388740,359.89413452148,0.753,-0.74,14:00,0.1568,0.1383,0.3092,0.1622,train,mapillary+fortyguard,True,2025-07-15
191170973276503,33.759106,-84.3871897,atlanta,b_3758_-7810,1662566883772,175.53742599487,0.682,-0.05,14:00,0.0171,0.194,0.0109,0.4686,train,mapillary+fortyguard,True,2025-07-15
209374854116698,33.7370974,-84.3839486,atlanta,b_3755_-7812,1576356698179,1.701171875,0.749,0.76,14:00,0.2553,0.1442,0.3662,0.0815,train,mapillary+fortyguard,True,2025-07-15
499930451144099,33.7550636,-84.3996141,atlanta,b_3757_-7812,1576527623173,204.06713867188,0.708,-0.43,14:00,0.0048,0.2216,0.4368,0.2108,train,mapillary+fortyguard,True,2025-07-15
1096627924191975,33.7438347,-84.3807075,atlanta,b_3756_-7811,1576093072212,272.32666015625,0.753,0.78,14:00,0.214,0.2631,0.4898,0.0233,train,mapillary+fortyguard,True,2025-07-15
300386948360156,33.7618009,-84.3963729,atlanta,b_3758_-7811,1576871589112,325.07202148438,0.729,-0.34,14:00,0.012,0.1456,0.3322,0.3201,train,mapillary+fortyguard,True,2025-07-15
300393664900329,33.7465296,-84.3898907,atlanta,b_3756_-7812,1576526539178,271.8369140625,0.729,0.83,14:00,0.0945,0.2201,0.48,0.1071,train,mapillary+fortyguard,True,2025-07-15
474136971245275,33.7600043,-84.3834084,atlanta,b_3758_-7810,1662751764834,85.896193981171,0.583,-0.02,14:00,0.2072,0.0515,0.0038,0.393,train,mapillary+fortyguard,True,2025-07-15
534237190904018,33.7379957,-84.3801673,atlanta,b_3755_-7812,1576352431160,270.60974121094,0.742,0.67,14:00,0.309,0.2293,0.4175,0.0149,train,mapillary+fortyguard,True,2025-07-15
460509591708846,33.744733,-84.3769261,atlanta,b_3756_-7811,1576522021178,227.26983642578,0.634,0.18,14:00,0.3568,0.1149,0.2006,0.0117,train,mapillary+fortyguard,True,2025-07-15
778771916787773,33.7626992,-84.3925916,atlanta,b_3758_-7811,1662476836618,264.17589902878,0.705,-0.29,14:00,0.2361,0.098,0.2817,0.0794,train,mapillary+fortyguard,True,2025-07-15
534185240915810,33.7433856,-84.3985337,atlanta,b_3756_-7813,1576777356172,7.9674072265625,0.721,0.72,14:00,0.3842,0.2928,0.2209,0.0267,train,mapillary+fortyguard,True,2025-07-15
2805779176380828,33.7501229,-84.3952925,atlanta,b_3757_-7812,1576178226169,32.676788330078,0.731,0.09,14:00,0.1415,0.2283,0.4367,0.1338,train,mapillary+fortyguard,True,2025-07-15
900025494186315,33.738894,-84.3763859,atlanta,b_3755_-7811,1576354407167,94.660888671875,0.713,0.54,14:00,0.3884,0.2076,0.3133,0.0326,train,mapillary+fortyguard,True,2025-07-15
1113435812905384,33.7568602,-84.3920514,atlanta,b_3757_-7811,1662046581501,144.04490470886,0.566,-0.33,14:00,0.1948,0.1016,0.0,0.197,test,mapillary+fortyguard,True,2025-07-15
784346285776670,33.7415889,-84.3855692,atlanta,b_3756_-7812,1576519322177,89.203430175781,0.742,0.78,14:00,0.1953,0.2466,0.3983,0.0486,train,mapillary+fortyguard,True,2025-07-15
975306039903971,33.7550636,-84.3790869,atlanta,b_3757_-7810,1576524082170,179.44610595703,0.71,-0.64,14:00,0.0651,0.2629,0.4456,0.1346,train,mapillary+fortyguard,True,2025-07-15
1863229627177934,33.7442839,-84.3947524,atlanta,b_3756_-7813,1576172941056,91.913269042969,0.706,0.74,14:00,0.1749,0.3613,0.34,0.0988,train,mapillary+fortyguard,True,2025-07-15
246655263918112,33.7618009,-84.3758458,atlanta,b_3758_-7809,1598722212340,87.004516601562,0.621,-1.19,14:00,0.452,0.1611,0.2204,0.0343,train,mapillary+fortyguard,True,2025-07-15
823440695325466,33.7577585,-84.3882701,atlanta,b_3757_-7811,1662665383106,139.23465633392,0.658,-0.14,14:00,0.1353,0.0673,0.0527,0.6544,test,mapillary+fortyguard,True,2025-07-15
3855372514512674,33.7357499,-84.385029,atlanta,b_3755_-7812,1576352657003,160.56695556641,0.736,0.79,14:00,0.1738,0.1843,0.4321,0.1359,train,mapillary+fortyguard,True,2025-07-15
475771000424901,33.7424872,-84.3817878,atlanta,b_3756_-7811,1576519343190,75.549438476562,0.728,0.78,14:00,0.2754,0.2836,0.3972,0.0,train,mapillary+fortyguard,True,2025-07-15
1143518112728830,33.7384448,-84.3942122,atlanta,b_3755_-7813,1576518729184,179.31939697266,0.729,0.67,14:00,0.0287,0.2341,0.5159,0.1437,train,mapillary+fortyguard,True,2025-07-15
173738557989671,33.7559619,-84.3753056,atlanta,b_3757_-7810,1576524341178,92.232116699219,0.677,-1.33,14:00,0.2274,0.2218,0.2763,0.1807,train,mapillary+fortyguard,True,2025-07-15
1214268832323715,33.7451822,-84.390971,atlanta,b_3756_-7812,1576777399185,100.28326416016,0.694,0.84,14:00,0.0281,0.3298,0.5394,0.0217,train,mapillary+fortyguard,True,2025-07-15
293348059171934,33.7366482,-84.3812476,atlanta,b_3755_-7812,1576356661172,272.55010986328,0.722,0.72,14:00,0.3446,0.1881,0.3321,0.0715,train,mapillary+fortyguard,True,2025-07-15
1404215379911206,33.7546144,-84.3969131,atlanta,b_3757_-7812,1576517390185,100.14410400391,0.74,-0.45,14:00,0.0045,0.2355,0.3832,0.2902,train,mapillary+fortyguard,True,2025-07-15
226193662207404,33.7501229,-84.3747654,atlanta,b_3757_-7810,1598723053256,258.72454833984,0.771,-1.53,14:00,0.0375,0.2053,0.5035,0.1534,train,mapillary+fortyguard,True,2025-07-15
508932093473682,33.7528178,-84.3839486,atlanta,b_3757_-7811,1576529020179,131.36611938477,0.711,-0.07,14:00,0.0,0.2698,0.2708,0.3695,test,mapillary+fortyguard,True,2025-07-15
326511892360940,33.7595552,-84.3807075,atlanta,b_3758_-7810,1623682995833,265.68380737305,0.722,-0.23,14:00,0.1838,0.0992,0.2225,0.2035,train,mapillary+fortyguard,True,2025-07-15
833407383922526,33.7487754,-84.3963729,atlanta,b_3756_-7812,1576178204177,32.677185058594,0.72,0.3,14:00,0.1343,0.2037,0.4808,0.0578,train,mapillary+fortyguard,True,2025-07-15
536988894137378,33.7375465,-84.3774663,atlanta,b_3755_-7812,1576352309173,273.62145996094,0.709,0.56,14:00,0.2119,0.1816,0.3491,0.1093,train,mapillary+fortyguard,True,2025-07-15
173943347958846,33.7555128,-84.3931318,atlanta,b_3757_-7811,1576517445165,14.294128417969,0.704,-0.42,14:00,0.0,0.2374,0.3211,0.394,test,mapillary+fortyguard,True,2025-07-15
952470262264571,33.7604535,-84.3769261,atlanta,b_3758_-7809,1576168388065,281.16064453125,0.735,-1.01,14:00,0.2913,0.256,0.2793,0.0414,train,mapillary+fortyguard,True,2025-07-15
370674434364000,33.7496737,-84.3925916,atlanta,b_3757_-7812,1576518371201,158.15460205078,0.781,0.27,14:00,0.0002,0.2657,0.2855,0.4087,train,mapillary+fortyguard,True,2025-07-15
851087638950911,33.7384448,-84.373685,atlanta,b_3755_-7811,1612725501000,0,0.691,0.42,14:00,0.2668,0.3885,0.2684,0.0195,train,mapillary+fortyguard,True,2025-07-15
172916828077455,33.7370974,-84.3952925,atlanta,b_3755_-7813,1576351764167,93.357025146484,0.783,0.67,14:00,0.2767,0.1746,0.3605,0.0758,train,mapillary+fortyguard,True,2025-07-15
527591921580361,33.7546144,-84.3763859,atlanta,b_3757_-7810,1576523745180,0,0.716,-1.17,14:00,0.0875,0.1664,0.4594,0.1904,train,mapillary+fortyguard,True,2025-07-15
326035902291193,33.7438347,-84.3920514,atlanta,b_3756_-7812,1576093700192,190.16375732422,0.603,0.78,14:00,0.0422,0.2261,0.6433,0.0222,train,mapillary+fortyguard,True,2025-07-15
180183553990956,33.753267,-84.3979935,atlanta,b_3757_-7812,1576527553178,296.19866943359,0.717,-0.4,14:00,0.0036,0.2862,0.2808,0.3375,train,mapillary+fortyguard,True,2025-07-15
1206045776619751,33.7600043,-84.3947524,atlanta,b_3758_-7811,1662485240440,93.215310573578,0.678,-0.32,14:00,0.3398,0.0051,0.1784,0.1114,train,mapillary+fortyguard,True,2025-07-15
255131193047131,33.7555128,-84.3726046,atlanta,b_3757_-7809,1598722356408,269.58023071289,0.711,-2.07,14:00,0.6089,0.1453,0.0105,0.0516,test,mapillary+fortyguard,True,2025-07-15
1440953562963944,33.744733,-84.3882701,atlanta,b_3756_-7812,1576176590200,299.57360839844,0.687,0.95,14:00,0.004,0.272,0.6772,0.0114,train,mapillary+fortyguard,True,2025-07-15
675450897292574,33.7514704,-84.385029,atlanta,b_3757_-7811,1611088323200,88.595627693029,0.535,0.2,14:00,0.0015,0.5679,0.0386,0.3307,test,mapillary+fortyguard,True,2025-07-15
315096883451951,33.7582077,-84.3817878,atlanta,b_3757_-7810,1623683111889,94.326019287109,0.63,-0.12,14:00,0.326,0.102,0.2327,0.07,train,mapillary+fortyguard,True,2025-07-15
455770202190632,33.747428,-84.3974533,atlanta,b_3756_-7812,1576173223048,121.01968383789,0.66,0.57,14:00,0.0856,0.3116,0.3208,0.2137,train,mapillary+fortyguard,True,2025-07-15
304731154540839,33.7429364,-84.3753056,atlanta,b_3756_-7811,1576170564120,90.719085693359,0.685,0.11,14:00,0.2205,0.1302,0.3528,0.0151,train,mapillary+fortyguard,True,2025-07-15
188151310285765,33.7609026,-84.390971,atlanta,b_3758_-7811,1662061600378,264.53695726395,0.649,-0.23,14:00,0.3619,0.269,0.0837,0.0506,train,mapillary+fortyguard,True,2025-07-15
479967016654539,33.738894,-84.3877299,atlanta,b_3755_-7812,1576518891171,358.46343994141,0.787,0.7,14:00,0.0428,0.248,0.603,0.0493,train,mapillary+fortyguard,True,2025-07-15
1169231003498876,33.7456313,-84.3844888,atlanta,b_3756_-7811,1576519941189,95.8193359375,0.71,1.1,14:00,0.3829,0.2679,0.3244,0.0001,train,mapillary+fortyguard,True,2025-07-15
295364952200086,33.7415889,-84.3969131,atlanta,b_3756_-7813,1576170420124,270.478515625,0.695,0.68,14:00,0.1631,0.0956,0.6318,0.0676,train,mapillary+fortyguard,True,2025-07-15
134210228701973,33.759106,-84.3780065,atlanta,b_3758_-7810,1576179102167,348.38134765625,0.71,-0.7,14:00,0.22,0.1958,0.4471,0.0973,train,mapillary+fortyguard,True,2025-07-15
466030277816446,33.7483263,-84.393672,atlanta,b_3756_-7812,1576777203123,212.55682373047,0.691,0.45,14:00,0.3832,0.2681,0.1754,0.0461,train,mapillary+fortyguard,True,2025-07-15
3194769970834738,33.7550636,-84.3904308,atlanta,b_3757_-7811,1611088204400,95.259190748585,0.584,-0.34,14:00,0.0004,0.2527,0.0317,0.3158,test,mapillary+fortyguard,True,2025-07-15
301262174936372,33.7618009,-84.3871897,atlanta,b_3758_-7810,1576517895175,178.35791015625,0.503,-0.05,14:00,0.0871,0.2188,0.031,0.5741,train,mapillary+fortyguard,True,2025-07-15
4535883393092604,33.7397923,-84.3839486,atlanta,b_3755_-7812,1576357063162,357.02484130859,0.744,0.71,14:00,0.2496,0.1661,0.257,0.22,train,mapillary+fortyguard,True,2025-07-15
282079743549849,33.7577585,-84.3996141,atlanta,b_3757_-7812,1576527809427,47.659790039062,0.67,-0.34,14:00,0.1003,0.2076,0.372,0.2435,train,mapillary+fortyguard,True,2025-07-15
944305686145942,33.753267,-84.3774663,atlanta,b_3757_-7810,1576523250166,92.950744628906,0.714,-0.86,14:00,0.2289,0.2072,0.2826,0.1953,train,mapillary+fortyguard,True,2025-07-15
815747486041798,33.7424872,-84.3931318,atlanta,b_3756_-7813,1576526671823,279.98120117188,0.66,0.71,14:00,0.1364,0.1473,0.3447,0.2991,train,mapillary+fortyguard,True,2025-07-15
3826567027424550,33.7492246,-84.3898907,atlanta,b_3756_-7812,1576526323186,128.33706665039,0.746,0.42,14:00,0.3165,0.2534,0.1776,0.1681,train,mapillary+fortyguard,True,2025-07-15
815143336600024,33.7559619,-84.3866495,atlanta,b_3757_-7811,1663087025281,266.85461950302,0.562,-0.16,14:00,0.3282,0.0201,0.0062,0.1868,test,mapillary+fortyguard,True,2025-07-15
3578339805605607,33.747428,-84.3769261,atlanta,b_3756_-7811,1576525014171,270.53009033203,0.737,-0.27,14:00,0.0324,0.2222,0.5292,0.1249,train,mapillary+fortyguard,True,2025-07-15
690777451730593,33.7366482,-84.3925916,atlanta,b_3755_-7813,1576518796184,92.174682617188,0.757,0.69,14:00,0.2717,0.2654,0.2911,0.1104,train,mapillary+fortyguard,True,2025-07-15
391264921972047,33.7393432,-84.4017748,atlanta,b_3755_-7814,1576351272173,162.21148681641,0.772,0.67,14:00,0.0593,0.2279,0.5004,0.1629,test,mapillary+fortyguard,True,2025-07-15
947467416020197,33.7415889,-84.3763859,atlanta,b_3756_-7811,1576355136173,168.88037109375,0.687,0.48,14:00,0.2444,0.1501,0.3865,0.0652,train,mapillary+fortyguard,True,2025-07-15
1447285855739624,33.7595552,-84.3920514,atlanta,b_3758_-7811,1662484081464,320.33943796158,0.637,-0.26,14:00,0.374,0.0072,0.043,0.0211,train,mapillary+fortyguard,True,2025-07-15
4538460922850665,33.7375465,-84.3888103,atlanta,b_3755_-7813,1576518840196,109.16748046875,0.777,0.71,14:00,0.0468,0.2801,0.5782,0.0392,train,mapillary+fortyguard,True,2025-07-15
925639481583708,33.7451822,-84.3817878,atlanta,b_3756_-7811,1576519845179,183.65985107422,0.737,0.95,14:00,0.3268,0.2494,0.2248,0.0826,train,mapillary+fortyguard,True,2025-07-15
1020222902008991,33.7631484,-84.3974533,atlanta,b_3758_-7811,1661875389081,164.97936153412,0.705,-0.34,14:00,0.1432,0.1266,0.4233,0.175,train,mapillary+fortyguard,True,2025-07-15
811688896388553,33.7478771,-84.390971,atlanta,b_3756_-7812,1576525808180,108.38241577148,0.647,0.67,14:00,0.0501,0.2011,0.2603,0.3138,train,mapillary+fortyguard,True,2025-07-15
644597706951921,33.7546144,-84.3877299,atlanta,b_3757_-7811,1663089668478,89.146844387054,0.647,-0.23,14:00,0.006,0.0262,0.048,0.5533,test,mapillary+fortyguard,True,2025-07-15
603344994625760,33.7613518,-84.3844888,atlanta,b_3758_-7810,1662647525004,176.80550861359,0.667,0.01,14:00,0.225,0.092,0.0172,0.2537,train,mapillary+fortyguard,True,2025-07-15
308305204002260,33.7393432,-84.3812476,atlanta,b_3755_-7812,1576356788167,222.73693847656,0.559,0.68,14:00,0.1237,0.0302,0.4981,0.0842,train,mapillary+fortyguard,True,2025-07-15
1416165912069172,33.7420381,-84.3904308,atlanta,b_3756_-7812,1576169926056,22.958343505859,0.75,0.73,14:00,0.0378,0.2655,0.4678,0.1953,train,mapillary+fortyguard,True,2025-07-15
511038533269902,33.7379957,-84.4028552,atlanta,b_3755_-7814,1576351438177,91.812530517578,0.771,0.68,14:00,0.2858,0.1525,0.4571,0.0321,test,mapillary+fortyguard,True,2025-07-15
318895773162010,33.7622501,-84.3807075,atlanta,b_3758_-7810,1576872200055,269.07501220703,0.712,-0.25,14:00,0.0,0.3073,0.2238,0.4241,train,mapillary+fortyguard,True,2025-07-15
567774727536009,33.7514704,-84.3963729,atlanta,b_3757_-7812,1576527466180,26.802398681641,0.751,-0.22,14:00,0.1006,0.2469,0.2539,0.3236,train,mapillary+fortyguard,True,2025-07-15
815585136001253,33.7402415,-84.3774663,atlanta,b_3755_-7811,1576354811160,85.501708984375,0.714,0.58,14:00,0.2921,0.0437,0.3588,0.0553,train,mapillary+fortyguard,True,2025-07-15
175906724429255,33.7429364,-84.3866495,atlanta,b_3756_-7812,1576093164169,91.087768554688,0.76,0.87,14:00,0.2524,0.2125,0.3995,0.0403,train,mapillary+fortyguard,True,2025-07-15
320754492775018,33.7496737,-84.3834084,atlanta,b_3757_-7811,1598723137222,306.39270019531,0.726,0.56,14:00,0.1784,0.1677,0.1848,0.3565,test,mapillary+fortyguard,True,2025-07-15
1358567204614399,33.7456313,-84.3958327,atlanta,b_3756_-7813,1639683132500,72.22,0.457,0.71,14:00,0.2177,0.5275,0.0721,0.0999,train,mapillary+fortyguard,True,2025-07-15
4008130952611555,33.7523687,-84.3925916,atlanta,b_3757_-7812,1576527189211,307.52447509766,0.738,-0.24,14:00,0.0234,0.2399,0.1507,0.4462,train,mapillary+fortyguard,True,2025-07-15
898169574094753,33.7411398,-84.373685,atlanta,b_3756_-7811,1612725471000,0,0.725,0.35,14:00,0.2726,0.3856,0.2621,0.0293,train,mapillary+fortyguard,True,2025-07-15
1782669438744404,33.759106,-84.3893505,atlanta,b_3758_-7811,1662057333019,232.95077323914,0.437,-0.14,14:00,0.1272,0.0172,0.0003,0.4556,train,mapillary+fortyguard,True,2025-07-15
889588498285448,33.7573094,-84.3763859,atlanta,b_3757_-7810,1576767694075,268.97155761719,0.719,-1.17,14:00,0.1353,0.3282,0.3113,0.19,train,mapillary+fortyguard,True,2025-07-15
794404224538710,33.7465296,-84.3920514,atlanta,b_3756_-7812,1576776963153,269.05615234375,0.713,0.72,14:00,0.2339,0.3195,0.1891,0.1437,train,mapillary+fortyguard,True,2025-07-15
372499077487384,33.753267,-84.3888103,atlanta,b_3757_-7811,1576776619123,126.11190795898,0.734,-0.19,14:00,0.0838,0.1982,0.2271,0.2614,test,mapillary+fortyguard,True,2025-07-15
468038175224172,33.7600043,-84.3855692,atlanta,b_3758_-7810,1662563005770,176.08576774597,0.63,-0.0,14:00,0.024,0.0817,0.0493,0.5912,train,mapillary+fortyguard,True,2025-07-15
477560386915775,33.7559619,-84.3979935,atlanta,b_3757_-7812,1576517294169,221.27032470703,0.745,-0.43,14:00,0.0,0.2814,0.4341,0.2325,train,mapillary+fortyguard,True,2025-07-15
319603579816403,33.744733,-84.3790869,atlanta,b_3756_-7811,1576521380169,94.245574951172,0.703,0.59,14:00,0.3116,0.1976,0.3781,0.0,train,mapillary+fortyguard,True,2025-07-15
1240586433389159,33.7626992,-84.3947524,atlanta,b_3758_-7811,1661971602662,261.31151294708,0.726,-0.34,14:00,0.2689,0.0033,0.0585,0.3621,train,mapillary+fortyguard,True,2025-07-15
196066789002250,33.7582077,-84.3726046,atlanta,b_3757_-7809,1598722625690,359.42575073242,0.655,-1.97,14:00,0.6817,0.1495,0.1581,0.0001,test,mapillary+fortyguard,True,2025-07-15
472818940603621,33.747428,-84.3882701,atlanta,b_3756_-7812,1576526470173,26.514343261719,0.67,0.93,14:00,0.0612,0.1533,0.0142,0.6796,train,mapillary+fortyguard,True,2025-07-15
2607628922871113,33.7433856,-84.4006944,atlanta,b_3756_-7813,1576177966188,64.877838134766,0.712,0.74,14:00,0.1512,0.2227,0.5703,0.0461,train,mapillary+fortyguard,True,2025-07-15
5611928218866315,33.7609026,-84.3817878,atlanta,b_3758_-7810,1662752652530,330.40430498123,0.68,-0.1,14:00,0.2442,0.0328,0.165,0.4677,train,mapillary+fortyguard,True,2025-07-15
1862308240618687,33.738894,-84.3785467,atlanta,b_3755_-7812,1576356186161,167.11883544922,0.729,0.63,14:00,0.4357,0.2155,0.2621,0.029,train,mapillary+fortyguard,True,2025-07-15
528704538132981,33.7568602,-84.3942122,atlanta,b_3757_-7811,1576517224165,224.93347167969,0.744,-0.39,14:00,0.0,0.2468,0.3951,0.3251,test,mapillary+fortyguard,True,2025-07-15
240515027848527,33.7456313,-84.3753056,atlanta,b_3756_-7811,1576521688165,209.51574707031,0.682,-0.57,14:00,0.1763,0.2185,0.3729,0.1181,train,mapillary+fortyguard,True,2025-07-15
458579931900496,33.7348516,-84.390971,atlanta,b_3755_-7813,1576351852159,181.25372314453,0.692,0.71,14:00,0.1321,0.225,0.3854,0.1865,train,mapillary+fortyguard,True,2025-07-15
174302927929537,33.7415889,-84.3877299,atlanta,b_3756_-7812,1576355457072,197.09576416016,0.646,0.77,14:00,0.0252,0.1215,0.3456,0.0257,train,mapillary+fortyguard,True,2025-07-15
476991333536296,33.7442839,-84.3969131,atlanta,b_3756_-7813,1576170349086,82.174163818359,0.687,0.73,14:00,0.4238,0.1161,0.3884,0.0072,train,mapillary+fortyguard,True,2025-07-15
217879753173058,33.7618009,-84.3780065,atlanta,b_3758_-7809,1598722169357,179.91870117188,0.611,-0.72,14:00,0.4235,0.0485,0.2327,0.0182,train,mapillary+fortyguard,True,2025-07-15
288029996326092,33.7510212,-84.393672,atlanta,b_3757_-7812,1576527273183,125.64050292969,0.737,-0.1,14:00,0.1292,0.2422,0.3312,0.2317,train,mapillary+fortyguard,True,2025-07-15
750765688939359,33.7397923,-84.3747654,atlanta,b_3755_-7811,1576354463171,276.10137939453,0.724,0.49,14:00,0.2937,0.1816,0.2778,0.1066,train,mapillary+fortyguard,True,2025-07-15
941119006688551,33.7424872,-84.3839486,atlanta,b_3756_-7812,1576356432038,95.670623779297,0.73,0.82,14:00,0.147,0.1448,0.3715,0.2943,train,mapillary+fortyguard,True,2025-07-15
480742429919520,33.7559619,-84.3774663,atlanta,b_3757_-7810,1576524312159,86.452239990234,0.679,-0.89,14:00,0.347,0.2242,0.249,0.0364,train,mapillary+fortyguard,True,2025-07-15
426963249141422,33.7451822,-84.3931318,atlanta,b_3756_-7812,1639683030500,354.76,0.701,0.77,14:00,0.3304,0.2529,0.2225,0.0276,train,mapillary+fortyguard,True,2025-07-15
1262742377873827,33.7586568,-84.3866495,atlanta,b_3758_-7810,1662566958892,85.296527862549,0.692,-0.04,14:00,0.2061,0.1166,0.0272,0.416,train,mapillary+fortyguard,True,2025-07-15
770644190508176,33.7366482,-84.3834084,atlanta,b_3755_-7812,1576352501174,272.39508056641,0.748,0.75,14:00,0.1024,0.1919,0.5598,0.0439,train,mapillary+fortyguard,True,2025-07-15
304896384464511,33.7501229,-84.3769261,atlanta,b_3757_-7810,1576523383171,252.18627929688,0.784,-0.71,14:00,0.2469,0.2324,0.1642,0.2634,train,mapillary+fortyguard,True,2025-07-15
899260904187590,33.7460805,-84.3893505,atlanta,b_3756_-7812,1576176242190,230.34661865234,0.661,0.91,14:00,0.1642,0.2665,0.3994,0.0598,train,mapillary+fortyguard,True,2025-07-15
578124246497680,33.7375465,-84.3796271,atlanta,b_3755_-7812,1576356220173,209.00372314453,0.404,0.65,14:00,0.5817,0.0006,0.1411,0.0,train,mapillary+fortyguard,True,2025-07-15
3676689349108364,33.7442839,-84.3763859,atlanta,b_3756_-7811,1576521472771,131.63348388672,0.645,0.12,14:00,0.4181,0.0464,0.2197,0.0558,train,mapillary+fortyguard,True,2025-07-15
1360025357862703,33.7622501,-84.3920514,atlanta,b_3758_-7811,1662493267735,81.428586006165,0.682,-0.29,14:00,0.406,0.0112,0.0001,0.198,train,mapillary+fortyguard,True,2025-07-15
473941647248233,33.7510212,-84.3731448,atlanta,b_3757_-7810,1598723038229,249.38717651367,0.69,-1.95,14:00,0.0641,0.0939,0.4683,0.0346,train,mapillary+fortyguard,True,2025-07-15
382156033007461,33.7469788,-84.3855692,atlanta,b_3756_-7811,1576519520171,269.47406005859,0.737,1.06,14:00,0.0313,0.291,0.5598,0.0854,train,mapillary+fortyguard,True,2025-07-15
2839961039602413,33.7361991,-84.4012346,atlanta,b_3755_-7814,1576351689169,4.8929443359375,0.766,0.7,14:00,0.0748,0.2128,0.5822,0.0586,test,mapillary+fortyguard,True,2025-07-15
169520778428610,33.7429364,-84.3979935,atlanta,b_3756_-7813,1576777354151,2.5735778808594,0.748,0.72,14:00,0.3417,0.269,0.2783,0.0186,train,mapillary+fortyguard,True,2025-07-15
301924391440522,33.7604535,-84.3790869,atlanta,b_3758_-7810,1576179124192,317.17669677734,0.761,-0.44,14:00,0.2174,0.2166,0.4242,0.1122,train,mapillary+fortyguard,True,2025-07-15
186974703285644,33.7384448,-84.3758458,atlanta,b_3755_-7811,1576354875166,188.32318115234,0.595,0.53,14:00,0.2121,0.1919,0.337,0.1367,train,mapillary+fortyguard,True,2025-07-15
672951224542161,33.7564111,-84.3915112,atlanta,b_3757_-7811,1611088191200,88.896968471585,0.593,-0.33,14:00,0.0107,0.1886,0.0206,0.3819,test,mapillary+fortyguard,True,2025-07-15
1244325603024126,33.7631484,-84.3882701,atlanta,b_3758_-7810,1663081289135,266.19834184647,0.621,-0.12,14:00,0.5745,0.0916,0.0168,0.001,train,mapillary+fortyguard,True,2025-07-15
460060735097378,33.7411398,-84.385029,atlanta,b_3756_-7812,1576519172184,267.89172363281,0.736,0.75,14:00,0.2659,0.2607,0.2345,0.1602,train,mapillary+fortyguard,True,2025-07-15
316406656725654,33.7478771,-84.3817878,atlanta,b_3756_-7811,1576520221184,195.49145507812,0.723,0.83,14:00,0.1693,0.3134,0.3901,0.1153,train,mapillary+fortyguard,True,2025-07-15
278282737340106,33.7438347,-84.3942122,atlanta,b_3756_-7813,1576518523183,191.74359130859,0.643,0.73,14:00,0.3467,0.2148,0.3416,0.0566,train,mapillary+fortyguard,True,2025-07-15
937493953494784,33.7613518,-84.3753056,atlanta,b_3758_-7809,1576872040080,270.49584960938,0.645,-1.34,14:00,0.1549,0.2235,0.3292,0.1046,train,mapillary+fortyguard,True,2025-07-15
765671397479651,33.7420381,-84.3812476,atlanta,b_3756_-7811,1576356546158,180,0.693,0.75,14:00,0.3356,0.1885,0.2952,0.0651,train,mapillary+fortyguard,True,2025-07-15
3001834750096944,33.7555128,-84.3747654,atlanta,b_3757_-7810,1576524425187,270.87786865234,0.716,-1.48,14:00,0.0911,0.2087,0.3118,0.2684,train,mapillary+fortyguard,True,2025-07-15
274604431025326,33.7406906,-84.4028552,atlanta,b_3756_-7814,1576351258179,162.0390625,0.754,0.68,14:00,0.1119,0.2288,0.4139,0.1973,train,mapillary+fortyguard,True,2025-07-15
641324083961613,33.7582077,-84.3839486,atlanta,b_3757_-7810,1662650963101,354.24701976776,0.649,-0.02,14:00,0.3439,0.2858,0.0,0.3112,train,mapillary+fortyguard,True,2025-07-15
312193670477131,33.7541653,-84.3963729,atlanta,b_3757_-7812,1576517396172,109.2197265625,0.734,-0.45,14:00,0.0032,0.2475,0.299,0.3696,train,mapillary+fortyguard,True,2025-07-15
472055237210518,33.7456313,-84.3866495,atlanta,b_3756_-7812,1576519772168,87.597717285156,0.754,1.05,14:00,0.1256,0.2482,0.3823,0.1608,train,mapillary+fortyguard,True,2025-07-15
760112694688119,33.7523687,-84.3834084,atlanta,b_3757_-7811,1576091233175,312.65240478516,0.727,-0.01,14:00,0.0,0.1605,0.3003,0.4329,test,mapillary+fortyguard,True,2025-07-15
183329953647519,33.759106,-84.3801673,atlanta,b_3758_-7810,1576167919077,120.01370239258,0.529,-0.33,14:00,0.0,0.2004,0.4893,0.0,train,mapillary+fortyguard,True,2025-07-15
325334392355385,33.7370974,-84.3769261,atlanta,b_3755_-7812,1576354951172,279.50531005859,0.748,0.52,14:00,0.2274,0.1841,0.4048,0.0986,train,mapillary+fortyguard,True,2025-07-15
2866277550291918,33.7492246,-84.3920514,atlanta,b_3756_-7812,1576527018182,308.92126464844,0.748,0.3,14:00,0.103,0.2481,0.3295,0.2606,train,mapillary+fortyguard,True,2025-07-15
1135929110153969,33.7379957,-84.3731448,atlanta,b_3755_-7811,1612725508000,0,0.786,0.35,14:00,0.2964,0.3877,0.2045,0.0761,train,mapillary+fortyguard,True,2025-07-15
473000401097323,33.7559619,-84.3888103,atlanta,b_3757_-7811,1662042997455,298.50502109528,0.698,-0.23,14:00,0.1708,0.0183,0.0019,0.6904,test,mapillary+fortyguard,True,2025-07-15
407669171500686,33.7626992,-84.3855692,atlanta,b_3758_-7810,1662565617540,176.75511360168,0.487,-0.02,14:00,0.1835,0.0234,0.0,0.3854,train,mapillary+fortyguard,True,2025-07-15
1922745997879945,33.7406906,-84.382328,atlanta,b_3756_-7812,1576357109177,89.999969482422,0.779,0.72,14:00,0.2997,0.1753,0.2814,0.1492,train,mapillary+fortyguard,True,2025-07-15
3993337997369756,33.7366482,-84.3947524,atlanta,b_3755_-7813,1576351781172,92.992828369141,0.79,0.68,14:00,0.0459,0.221,0.5901,0.087,train,mapillary+fortyguard,True,2025-07-15
496966284762618,33.7541653,-84.3758458,atlanta,b_3757_-7810,1576524633178,92.615081787109,0.726,-1.32,14:00,0.0664,0.2512,0.4813,0.1054,train,mapillary+fortyguard,True,2025-07-15
621097189392900,33.7568602,-84.385029,atlanta,b_3757_-7810,1662578559635,83.268121242523,0.564,-0.09,14:00,0.21,0.0,0.0,0.347,train,mapillary+fortyguard,True,2025-07-15
765801987658310,33.7528178,-84.3974533,atlanta,b_3757_-7812,1576527542178,300.74853515625,0.74,-0.36,14:00,0.0105,0.2477,0.5002,0.1337,train,mapillary+fortyguard,True,2025-07-15
470274337614145,33.7415889,-84.3785467,atlanta,b_3756_-7811,1576356150170,162.61041259766,0.678,0.61,14:00,0.267,0.2022,0.4079,0.0583,train,mapillary+fortyguard,True,2025-07-15
811739609447605,33.7483263,-84.3753056,atlanta,b_3756_-7810,1576522391617,114.43417358398,0.626,-1.14,14:00,0.34,0.145,0.3063,0.0,train,mapillary+fortyguard,True,2025-07-15
3627755873996968,33.7550636,-84.3720644,atlanta,b_3757_-7809,1598722741611,90.628662109375,0.736,-2.06,14:00,0.0916,0.1555,0.2925,0.2991,test,mapillary+fortyguard,True,2025-07-15
772095900173177,33.7442839,-84.3877299,atlanta,b_3756_-7812,1576174670193,181.60101318359,0.706,0.97,14:00,0.0033,0.2825,0.5688,0.0157,train,mapillary+fortyguard,True,2025-07-15
2984244881807883,33.7469788,-84.3969131,atlanta,b_3756_-7812,1576173234052,142.15374755859,0.672,0.63,14:00,0.0294,0.3527,0.16,0.166,train,mapillary+fortyguard,True,2025-07-15
466020271317438,33.7424872,-84.3747654,atlanta,b_3756_-7811,1576356019183,205.35583496094,0.59,0.15,14:00,0.1503,0.2249,0.4111,0.1847,train,mapillary+fortyguard,True,2025-07-15
776089293705897,33.7604535,-84.3904308,atlanta,b_3758_-7811,1661883691368,-4.8866566419601,0.607,-0.2,14:00,0.1281,0.0953,0.0,0.4504,train,mapillary+fortyguard,True,2025-07-15
468319367573140,33.7451822,-84.3839486,atlanta,b_3756_-7811,1576520034206,1.7319030761719,0.767,1.06,14:00,0.2834,0.2437,0.3754,0.0507,train,mapillary+fortyguard,True,2025-07-15
1271461523265744,33.7478771,-84.3931318,atlanta,b_3756_-7812,1639683067000,66.04,0.609,0.54,14:00,0.055,0.4719,0.0416,0.2594,train,mapillary+fortyguard,True,2025-07-15
769950550560162,33.7366482,-84.3742252,atlanta,b_3755_-7811,1576352167178,92.488708496094,0.767,0.33,14:00,0.2124,0.1979,0.3582,0.1438,train,mapillary+fortyguard,True,2025-07-15
648508416934424,33.7546144,-84.3898907,atlanta,b_3757_-7811,1611088210200,90.065702498707,0.618,-0.31,14:00,0.0,0.1819,0.0519,0.3506,test,mapillary+fortyguard,True,2025-07-15
987960871811932,33.7393432,-84.3834084,atlanta,b_3755_-7812,1576356934166,270,0.715,0.7,14:00,0.063,0.1398,0.5003,0.224,train,mapillary+fortyguard,True,2025-07-15
3437933942973820,33.7573094,-84.3990739,atlanta,b_3757_-7812,1576527804180,3.4290771484375,0.741,-0.37,14:00,0.0126,0.265,0.4911,0.1414,train,mapillary+fortyguard,True,2025-07-15
271069891417723,33.7460805,-84.3801673,atlanta,b_3756_-7811,1576520873177,182.60870361328,0.687,0.78,14:00,0.2277,0.2139,0.3535,0.0741,train,mapillary+fortyguard,True,2025-07-15
500379787707317,33.7528178,-84.3769261,atlanta,b_3757_-7810,1576524723177,181.27014160156,0.707,-0.98,14:00,0.1379,0.2046,0.3513,0.1899,train,mapillary+fortyguard,True,2025-07-15
184029830248766,33.7420381,-84.3925916,atlanta,b_3756_-7813,1576169238125,178.43316650391,0.766,0.7,14:00,0.0143,0.2178,0.3312,0.3598,train,mapillary+fortyguard,True,2025-07-15
2970845273140166,33.7487754,-84.3893505,atlanta,b_3756_-7812,1576526361176,123.48342895508,0.751,0.58,14:00,0.1171,0.2143,0.3496,0.2788,train,mapillary+fortyguard,True,2025-07-15
3388960988002599,33.7622501,-84.3828682,atlanta,b_3758_-7810,1662646096548,272.16474151611,0.597,-0.07,14:00,0.0931,0.3015,0.0,0.282,train,mapillary+fortyguard,True,2025-07-15
472525630746461,33.7582077,-84.3952925,atlanta,b_3757_-7811,1598710267715,63.262573242188,0.613,-0.35,14:00,0.0408,0.1205,0.1378,0.5593,test,mapillary+fortyguard,True,2025-07-15
329288895229629,33.7469788,-84.3763859,atlanta,b_3756_-7811,1576521718162,1.9049682617188,0.689,-0.39,14:00,0.0875,0.2234,0.525,0.0591,train,mapillary+fortyguard,True,2025-07-15
849195639024361,33.7429364,-84.3888103,atlanta,b_3756_-7812,1576169942109,88.210845947266,0.712,0.82,14:00,0.1437,0.2585,0.4895,0.0797,train,mapillary+fortyguard,True,2025-07-15
4064697670260399,33.7456313,-84.3979935,atlanta,b_3756_-7813,1576173194129,6.1089172363281,0.711,0.72,14:00,0.0997,0.2761,0.3793,0.0382,train,mapillary+fortyguard,True,2025-07-15
290824906090795,33.7523687,-84.3947524,atlanta,b_3757_-7812,1576776278088,124.15512084961,0.749,-0.28,14:00,0.0096,0.3019,0.1552,0.4892,train,mapillary+fortyguard,True,2025-07-15
507972780341778,33.7411398,-84.3758458,atlanta,b_3756_-7811,1576355941161,88.469177246094,0.7,0.49,14:00,0.3978,0.1597,0.2787,0.0274,train,mapillary+fortyguard,True,2025-07-15
289781426027806,33.7370974,-84.3882701,atlanta,b_3755_-7813,1576518845169,127.04425048828,0.758,0.73,14:00,0.0555,0.3041,0.536,0.0582,train,mapillary+fortyguard,True,2025-07-15
161452862651664,33.7438347,-84.385029,atlanta,b_3756_-7812,1576170732101,277.76135253906,0.763,0.99,14:00,0.1142,0.1366,0.6427,0.0024,train,mapillary+fortyguard,True,2025-07-15
1690424081166320,33.7465296,-84.3942122,atlanta,b_3756_-7812,1576777222103,180,0.596,0.7,14:00,0.2135,0.309,0.2777,0.0718,train,mapillary+fortyguard,True,2025-07-15
5360168374061165,33.7600043,-84.3877299,atlanta,b_3758_-7810,1662661796411,162.99703264236,0.547,-0.07,14:00,0.0054,0.3414,0.0,0.3714,train,mapillary+fortyguard,True,2025-07-15
4123664727724389,33.744733,-84.3812476,atlanta,b_3756_-7811,1576519849184,193.92822265625,0.713,0.88,14:00,0.4,0.2177,0.1513,0.1323,train,mapillary+fortyguard,True,2025-07-15
3205384933069084,33.7626992,-84.3969131,atlanta,b_3758_-7811,1661966571615,140.53560209274,0.674,-0.34,14:00,0.0062,0.0135,0.0469,0.4869,train,mapillary+fortyguard,True,2025-07-15
306052914255643,33.7514704,-84.3780065,atlanta,b_3757_-7810,1576523440183,91.111297607422,0.783,-0.51,14:00,0.1024,0.2285,0.4807,0.097,train,mapillary+fortyguard,True,2025-07-15
3015913641979155,33.7582077,-84.3747654,atlanta,b_3757_-7809,1598722663523,180.07963562012,0.642,-1.49,14:00,0.3533,0.1698,0.407,0.0042,test,mapillary+fortyguard,True,2025-07-15
3881889545197523,33.7433856,-84.4028552,atlanta,b_3756_-7813,1576175182198,238.17242431641,0.652,0.77,14:00,0.2601,0.2537,0.3383,0.0042,train,mapillary+fortyguard,True,2025-07-15
236961434867998,33.7456313,-84.3774663,atlanta,b_3756_-7811,1576521954184,86.280578613281,0.739,0.09,14:00,0.2631,0.2465,0.3358,0.0847,train,mapillary+fortyguard,True,2025-07-15
323978322443924,33.7415889,-84.3898907,atlanta,b_3756_-7812,1576169994080,270.00006103516,0.74,0.71,14:00,0.1356,0.2477,0.4688,0.0225,train,mapillary+fortyguard,True,2025-07-15
1197847037450118,33.7550636,-84.3834084,atlanta,b_3757_-7810,1663096757205,94.228863239288,0.616,-0.16,14:00,0.5115,0.0245,0.0344,0.2061,train,mapillary+fortyguard,True,2025-07-15
3035896403358640,33.7442839,-84.3990739,atlanta,b_3756_-7813,1576177979173,71.763854980469,0.72,0.75,14:00,0.3778,0.2351,0.2887,0.0697,train,mapillary+fortyguard,True,2025-07-15
857444564848561,33.7618009,-84.3801673,atlanta,b_3758_-7810,1576872195060,283.90936279297,0.727,-0.34,14:00,0.0341,0.3019,0.3586,0.2583,train,mapillary+fortyguard,True,2025-07-15
524875398891115,33.7510212,-84.3958327,atlanta,b_3757_-7812,1576527414181,265.47589111328,0.724,-0.12,14:00,0.0793,0.2123,0.2993,0.3162,train,mapillary+fortyguard,True,2025-07-15
2589810274658572,33.7397923,-84.3769261,atlanta,b_3755_-7811,1576354816169,89.304046630859,0.745,0.56,14:00,0.127,0.1996,0.378,0.1934,train,mapillary+fortyguard,True,2025-07-15
651743679382780,33.7577585,-84.3925916,atlanta,b_3757_-7811,1662056796598,310.73647212982,0.632,-0.33,14:00,0.3087,0.0002,0.0858,0.1627,test,mapillary+fortyguard,True,2025-07-15
897932251063699,33.7424872,-84.3861093,atlanta,b_3756_-7812,1576519028520,189.76184082031,0.737,0.82,14:00,0.0342,0.1567,0.5049,0.1147,train,mapillary+fortyguard,True,2025-07-15
924422574796863,33.7451822,-84.3952925,atlanta,b_3756_-7812,1576175504172,87.42236328125,0.755,0.73,14:00,0.0045,0.2806,0.6333,0.0136,train,mapillary+fortyguard,True,2025-07-15
682910273159475,33.7519195,-84.3920514,atlanta,b_3757_-7812,1611088517000,261.93218497947,0.603,-0.22,14:00,0.0,0.5298,0.0321,0.349,train,mapillary+fortyguard,True,2025-07-15
174923947864368,33.7366482,-84.3855692,atlanta,b_3755_-7812,1576352542159,179.02770996094,0.632,0.77,14:00,0.2831,0.1693,0.3283,0.1243,train,mapillary+fortyguard,True,2025-07-15
1495668031027385,33.7433856,-84.382328,atlanta,b_3756_-7811,1732906891341,205,0.693,0.89,14:00,0.0694,0.1651,0.5701,0.0173,train,mapillary+fortyguard,True,2025-07-15
795394924424837,33.7501229,-84.3790869,atlanta,b_3757_-7811,1576523397189,262.03900146484,0.716,-0.17,14:00,0.1473,0.2285,0.3607,0.1929,test,mapillary+fortyguard,True,2025-07-15
523549172146776,33.7393432,-84.3947524,atlanta,b_3755_-7813,1576518723186,180.51788330078,0.698,0.66,14:00,0.2599,0.241,0.3842,0.0406,train,mapillary+fortyguard,True,2025-07-15
256769166231008,33.7528178,-84.3882701,atlanta,b_3757_-7811,1576529743712,42.865112304688,0.759,-0.1,14:00,0.0331,0.1936,0.199,0.4156,test,mapillary+fortyguard,True,2025-07-15
788664879138608,33.7595552,-84.385029,atlanta,b_3758_-7810,1662562438688,85.44521188736,0.669,0.01,14:00,0.5707,0.1081,0.0094,0.144,train,mapillary+fortyguard,True,2025-07-15
910673076451854,33.7375465,-84.3817878,atlanta,b_3755_-7812,1576356612163,180,0.682,0.72,14:00,0.2987,0.1127,0.4146,0.0125,train,mapillary+fortyguard,True,2025-07-15
483747296270017,33.7555128,-84.3974533,atlanta,b_3757_-7812,1576517290176,244.96936035156,0.779,-0.44,14:00,0.0306,0.2426,0.4615,0.1904,train,mapillary+fortyguard,True,2025-07-15
491755692245306,33.7442839,-84.3785467,atlanta,b_3756_-7811,1576521389180,91.940216064453,0.685,0.5,14:00,0.3463,0.1677,0.2754,0.0753,train,mapillary+fortyguard,True,2025-07-15
320480642809767,33.7510212,-84.3753056,atlanta,b_3757_-7810,1576523019193,341.48461914062,0.669,-1.39,14:00,0.3495,0.1959,0.3035,0.0009,train,mapillary+fortyguard,True,2025-07-15
2871120716487327,33.7402415,-84.390971,atlanta,b_3755_-7813,1576169911098,15.724700927734,0.796,0.68,14:00,0.2778,0.2682,0.3834,0.037,train,mapillary+fortyguard,True,2025-07-15
931952894255183,33.7537161,-84.3844888,atlanta,b_3757_-7811,1576528926176,220.97052001953,0.735,-0.11,14:00,0.2551,0.1856,0.1783,0.2594,test,mapillary+fortyguard,True,2025-07-15
500366684477321,33.7496737,-84.3969131,atlanta,b_3757_-7812,1576178137176,123.22189331055,0.707,0.19,14:00,0.0605,0.2341,0.5142,0.1096,train,mapillary+fortyguard,True,2025-07-15
801127093928546,33.7564111,-84.393672,atlanta,b_3757_-7811,1576517448165,17.517150878906,0.708,-0.4,14:00,0.0,0.2451,0.2725,0.4374,test,mapillary+fortyguard,True,2025-07-15
960762638072017,33.7451822,-84.3747654,atlanta,b_3756_-7811,1576521235115,347.71417236328,0.684,-0.61,14:00,0.2179,0.1675,0.2559,0.2233,train,mapillary+fortyguard,True,2025-07-15
1482411475432232,33.7478771,-84.3839486,atlanta,b_3756_-7811,1576525159181,293.2958984375,0.734,0.99,14:00,0.0737,0.2343,0.4678,0.1388,train,mapillary+fortyguard,True,2025-07-15
1002040193931870,33.7613518,-84.3774663,atlanta,b_3758_-7809,1576872057093,272.19848632812,0.687,-0.86,14:00,0.2002,0.3419,0.3339,0.0983,train,mapillary+fortyguard,True,2025-07-15
628126035363760,33.7573094,-84.3898907,atlanta,b_3757_-7811,1662665673461,222.08033561707,0.581,-0.23,14:00,0.0347,0.1645,0.0059,0.595,test,mapillary+fortyguard,True,2025-07-15
222756776317552,33.7353008,-84.3866495,atlanta,b_3755_-7813,1576352582113,302.48132324219,0.718,0.78,14:00,0.165,0.0678,0.6116,0.0596,train,mapillary+fortyguard,True,2025-07-15
897828094245213,33.744733,-84.3925916,atlanta,b_3756_-7812,1639683022000,124.93,0.508,0.77,14:00,0.0797,0.3968,0.1478,0.025,train,mapillary+fortyguard,True,2025-07-15
5412374235545162,33.7582077,-84.3861093,atlanta,b_3757_-7810,1663090095335,354.48843288422,0.471,-0.03,14:00,0.462,0.0017,0.0,0.3046,train,mapillary+fortyguard,True,2025-07-15
301040784822754,33.7429364,-84.3796271,atlanta,b_3756_-7811,1576519370159,18.219024658203,0.698,0.7,14:00,0.2728,0.2877,0.4086,0.0,train,mapillary+fortyguard,True,2025-07-15
1099438757381629,33.7609026,-84.3952925,atlanta,b_3758_-7811,1662481570572,132.63056850433,0.719,-0.33,14:00,0.1637,0.0574,0.0691,0.333,train,mapillary+fortyguard,True,2025-07-15
376484823674472,33.7496737,-84.3763859,atlanta,b_3757_-7810,1576522775174,2.9748229980469,0.739,-0.84,14:00,0.0734,0.2583,0.3654,0.2103,train,mapillary+fortyguard,True,2025-07-15
2221818411288617,33.738894,-84.3920514,atlanta,b_3755_-7813,1623682826768,3.3993225097656,0.732,0.67,14:00,0.0295,0.2106,0.3972,0.0295,train,mapillary+fortyguard,True,2025-07-15
537386404302125,33.7456313,-84.3888103,atlanta,b_3756_-7812,1576093677170,308.79223632812,0.752,0.95,14:00,0.0149,0.2058,0.6401,0.0021,train,mapillary+fortyguard,True,2025-07-15
778857813317661,33.759106,-84.382328,atlanta,b_3758_-7810,1662648474143,175.41890573502,0.657,-0.06,14:00,0.2601,0.1896,0.0,0.1656,train,mapillary+fortyguard,True,2025-07-15
759181711450160,33.7483263,-84.3979935,atlanta,b_3756_-7812,1576178080180,356.34033203125,0.719,0.41,14:00,0.0005,0.2036,0.4638,0.2354,train,mapillary+fortyguard,True,2025-07-15
1973182959504464,33.7370974,-84.3790869,atlanta,b_3755_-7812,1576352114168,93.093505859375,0.746,0.65,14:00,0.2902,0.213,0.3845,0.0308,train,mapillary+fortyguard,True,2025-07-15
204774998127327,33.7397923,-84.3882701,atlanta,b_3755_-7812,1576518895207,1.8087158203125,0.779,0.69,14:00,0.0477,0.2495,0.5668,0.0695,train,mapillary+fortyguard,True,2025-07-15
821415691819641,33.7465296,-84.385029,atlanta,b_3756_-7811,1576519654177,173.30474853516,0.712,1.1,14:00,0.0406,0.2312,0.5331,0.0875,train,mapillary+fortyguard,True,2025-07-15
1446508649043551,33.7357499,-84.4006944,atlanta,b_3755_-7814,1576351625176,276.85687255859,0.747,0.7,14:00,0.2024,0.1236,0.5192,0.0367,test,mapillary+fortyguard,True,2025-07-15
597397781437768,33.753267,-84.3817878,atlanta,b_3757_-7811,1576171722079,221.53967285156,0.694,-0.24,14:00,0.0,0.0876,0.1694,0.6094,test,mapillary+fortyguard,True,2025-07-15
486667075911268,33.7492246,-84.3942122,atlanta,b_3756_-7812,1576777090151,32.427154541016,0.72,0.22,14:00,0.3475,0.3318,0.1771,0.0862,train,mapillary+fortyguard,True,2025-07-15
924237588400693,33.7379957,-84.3753056,atlanta,b_3755_-7811,1576352254173,274.10638427734,0.703,0.48,14:00,0.1313,0.1284,0.4271,0.2239,train,mapillary+fortyguard,True,2025-07-15
821360482557090,33.7559619,-84.390971,atlanta,b_3757_-7811,1662041931235,133.42985153198,0.465,-0.35,14:00,0.1835,0.0261,0.0029,0.2025,test,mapillary+fortyguard,True,2025-07-15
505732050884858,33.7626992,-84.3877299,atlanta,b_3758_-7810,1663079366266,353.71541786194,0.525,-0.09,14:00,0.2676,0.0,0.0011,0.4666,train,mapillary+fortyguard,True,2025-07-15
2774767262773645,33.747428,-84.3812476,atlanta,b_3756_-7811,1576525136187,270.57904052734,0.712,0.74,14:00,0.1284,0.2246,0.5043,0.0362,train,mapillary+fortyguard,True,2025-07-15
320430302793108,33.7366482,-84.3969131,atlanta,b_3755_-7813,1576351750188,92.798492431641,0.791,0.68,14:00,0.3394,0.233,0.3671,0.0397,train,mapillary+fortyguard,True,2025-07-15
4221506981222428,33.7541653,-84.3780065,atlanta,b_3757_-7810,1598725292682,3.9541625976562,0.751,-0.75,14:00,0.1791,0.1218,0.4418,0.0878,train,mapillary+fortyguard,True,2025-07-15
486815552375301,33.7433856,-84.393672,atlanta,b_3756_-7813,1576526678900,6.4114074707031,0.656,0.74,14:00,0.1891,0.2399,0.4283,0.0013,train,mapillary+fortyguard,True,2025-07-15
139191761588394,33.7550636,-84.3742252,atlanta,b_3757_-7810,1598722723345,95.086486816406,0.698,-1.63,14:00,0.2869,0.1318,0.1472,0.2675,train,mapillary+fortyguard,True,2025-07-15
538789224156161,33.7442839,-84.3898907,atlanta,b_3756_-7812,1576091928181,62.868560791016,0.708,0.86,14:00,0.0299,0.2518,0.1198,0.1844,train,mapillary+fortyguard,True,2025-07-15
852136512382436,33.7402415,-84.402315,atlanta,b_3755_-7814,1576351267184,162.47039794922,0.812,0.67,14:00,0.1266,0.2239,0.5068,0.0818,test,mapillary+fortyguard,True,2025-07-15
2555669658071268,33.7537161,-84.3958327,atlanta,b_3757_-7812,1576517404169,122.6787109375,0.764,-0.44,14:00,0.0,0.2564,0.2922,0.4003,train,mapillary+fortyguard,True,2025-07-15
318667639781247,33.7424872,-84.3769261,atlanta,b_3756_-7811,1576356090176,271.74383544922,0.724,0.37,14:00,0.3966,0.165,0.1866,0.1417,train,mapillary+fortyguard,True,2025-07-15
148806281169858,33.7604535,-84.3925916,atlanta,b_3758_-7811,1662489824432,102.51968240738,0.548,-0.27,14:00,0.3548,0.0,0.0052,0.2194,train,mapillary+fortyguard,True,2025-07-15
522900432419443,33.7451822,-84.3861093,atlanta,b_3756_-7812,1576519722185,5.2785949707031,0.813,1.05,14:00,0.0807,0.2309,0.3588,0.2285,train,mapillary+fortyguard,True,2025-07-15
491431472303161,33.7519195,-84.3828682,atlanta,b_3757_-7811,1576171324075,219.74194335938,0.673,0.05,14:00,0.0002,0.1135,0.3257,0.503,test,mapillary+fortyguard,True,2025-07-15
2890507361210960,33.7586568,-84.3796271,atlanta,b_3758_-7810,1576168876060,111.66577148438,0.57,-0.44,14:00,0.1974,0.0532,0.1572,0.1669,train,mapillary+fortyguard,True,2025-07-15
4088385721227462,33.7366482,-84.3763859,atlanta,b_3755_-7812,1576354945173,279.05499267578,0.706,0.46,14:00,0.1312,0.198,0.4453,0.1229,train,mapillary+fortyguard,True,2025-07-15
799928460640219,33.7546144,-84.3920514,atlanta,b_3757_-7811,1576776527104,34.789703369141,0.71,-0.39,14:00,0.0,0.2893,0.0844,0.5453,test,mapillary+fortyguard,True,2025-07-15
751483918871886,33.7433856,-84.3731448,atlanta,b_3756_-7811,1576170574108,89.682403564453,0.722,-0.16,14:00,0.0335,0.0895,0.4361,0.2247,train,mapillary+fortyguard,True,2025-07-15
488352216153382,33.7613518,-84.3888103,atlanta,b_3758_-7810,1663081961859,171.03293466568,0.573,-0.13,14:00,0.0219,0.2076,0.0,0.3848,train,mapillary+fortyguard,True,2025-07-15
297529885241290,33.7460805,-84.382328,atlanta,b_3756_-7811,1576520815189,0,0.732,1.02,14:00,0.3954,0.1968,0.1877,0.1629,train,mapillary+fortyguard,True,2025-07-15
970228563804396,33.7420381,-84.3947524,atlanta,b_3756_-7813,1576518686169,118.71566772461,0.758,0.69,14:00,0.1439,0.2392,0.5097,0.0526,train,mapillary+fortyguard,True,2025-07-15
436314025141201,33.7555128,-84.3882701,atlanta,b_3757_-7811,1662571286719,197.22253370285,0.598,-0.22,14:00,0.509,0.0193,0.0014,0.0873,test,mapillary+fortyguard,True,2025-07-15
113781520773630,33.7582077,-84.3974533,atlanta,b_3757_-7812,1598710213775,271.14953613281,0.442,-0.35,14:00,0.0767,0.2076,0.4107,0.1736,train,mapillary+fortyguard,True,2025-07-15
345382330275002,33.7469788,-84.3785467,atlanta,b_3756_-7811,1576521319177,268.05975341797,0.724,0.22,14:00,0.0246,0.2621,0.3217,0.3439,train,mapillary+fortyguard,True,2025-07-15
257596952772269,33.7537161,-84.3753056,atlanta,b_3757_-7810,1576523073174,5.6336975097656,0.73,-1.47,14:00,0.3541,0.2228,0.1836,0.1638,train,mapillary+fortyguard,True,2025-07-15
1252080945541911,33.7564111,-84.3844888,atlanta,b_3757_-7810,1662578649440,174.81929302216,0.67,-0.11,14:00,0.181,0.0905,0.0682,0.2397,train,mapillary+fortyguard,True,2025-07-15
1916060538558504,33.7411398,-84.3780065,atlanta,b_3756_-7811,1576355199639,352.23724365234,0.72,0.59,14:00,0.2152,0.1868,0.2944,0.2207,train,mapillary+fortyguard,True,2025-07-15
207136794355764,33.7478771,-84.3747654,atlanta,b_3756_-7810,1576522396177,186.08483886719,0.667,-1.28,14:00,0.3335,0.1539,0.3784,0.0,train,mapillary+fortyguard,True,2025-07-15
977865906284159,33.7370974,-84.3904308,atlanta,b_3755_-7813,1576169885075,4.7537231445312,0.752,0.7,14:00,0.0855,0.1875,0.3094,0.3535,train,mapillary+fortyguard,True,2025-07-15
732820317396679,33.750572,-84.3839486,atlanta,b_3757_-7811,1576776675143,131.63555908203,0.652,0.45,14:00,0.0457,0.2659,0.2241,0.3357,test,mapillary+fortyguard,True,2025-07-15
948291135938630,33.7465296,-84.3963729,atlanta,b_3756_-7812,1576777051113,290.056640625,0.651,0.68,14:00,0.1983,0.3238,0.3242,0.0794,train,mapillary+fortyguard,True,2025-07-15
1165967023854254,33.7379957,-84.3866495,atlanta,b_3755_-7812,1576355603946,355.92291259766,0.779,0.72,14:00,0.2564,0.1984,0.3618,0.05,train,mapillary+fortyguard,True,2025-07-15
301073178221323,33.744733,-84.3834084,atlanta,b_3756_-7811,1576520029183,3.1381225585938,0.747,1.06,14:00,0.3007,0.2424,0.2665,0.1418,train,mapillary+fortyguard,True,2025-07-15
955625895193562,33.747428,-84.3925916,atlanta,b_3756_-7812,1576526985178,30.333038330078,0.771,0.64,14:00,0.0934,0.2823,0.2707,0.3032,train,mapillary+fortyguard,True,2025-07-15
492012775546618,33.7361991,-84.373685,atlanta,b_3755_-7811,1612725546000,0,0.737,0.23,14:00,0.2944,0.3915,0.2129,0.0273,train,mapillary+fortyguard,True,2025-07-15
408105321427411,33.7609026,-84.3861093,atlanta,b_3758_-7810,1662746106114,88.173546791077,0.429,-0.0,14:00,0.0476,0.0777,0.0106,0.7444,train,mapillary+fortyguard,True,2025-07-15
502943850831018,33.738894,-84.3828682,atlanta,b_3755_-7812,1576356901739,266.94073486328,0.702,0.7,14:00,0.3771,0.162,0.1963,0.1433,train,mapillary+fortyguard,True,2025-07-15
349001273409915,33.7456313,-84.3796271,atlanta,b_3756_-7811,1576521020163,71.994018554688,0.693,0.68,14:00,0.2546,0.2656,0.4285,0.0034,train,mapillary+fortyguard,True,2025-07-15
919317752241322,33.7523687,-84.3763859,atlanta,b_3757_-7810,1576524728174,178.55670166016,0.698,-1.1,14:00,0.013,0.2086,0.3417,0.3131,train,mapillary+fortyguard,True,2025-07-15
298750845161326,33.7415889,-84.3920514,atlanta,b_3756_-7813,1576173390060,182.74664306641,0.641,0.69,14:00,0.0081,0.314,0.5066,0.0341,train,mapillary+fortyguard,True,2025-07-15
961739204578969,33.759106,-84.3731448,atlanta,b_3758_-7809,1598722447378,179.69519042969,0.67,-1.98,14:00,0.6153,0.1859,0.1216,0.0,train,mapillary+fortyguard,True,2025-07-15
172319334803812,33.7397923,-84.3790869,atlanta,b_3755_-7811,1576356175172,177.12725830078,0.645,0.64,14:00,0.3636,0.2223,0.3104,0.0083,train,mapillary+fortyguard,True,2025-07-15
318563623131026,33.7465296,-84.3758458,atlanta,b_3756_-7811,1576522458186,87.449554443359,0.495,-0.5,14:00,0.2267,0.2704,0.4805,0.0001,train,mapillary+fortyguard,True,2025-07-15
175047071181555,33.7424872,-84.3882701,atlanta,b_3756_-7812,1576174692195,180,0.707,0.79,14:00,0.2006,0.1904,0.3859,0.0426,train,mapillary+fortyguard,True,2025-07-15
2771944546450064,33.7384448,-84.4006944,atlanta,b_3755_-7814,1576351467167,190.57440185547,0.718,0.67,14:00,0.147,0.1417,0.3669,0.2549,test,mapillary+fortyguard,True,2025-07-15
2444015589080786,33.7451822,-84.3974533,atlanta,b_3756_-7813,1576092586182,82.697387695312,0.758,0.73,14:00,0.0102,0.2621,0.6133,0.0433,train,mapillary+fortyguard,True,2025-07-15
473822300391600,33.7519195,-84.3942122,atlanta,b_3757_-7812,1576776287179,49.571563720703,0.699,-0.27,14:00,0.0,0.2176,0.1201,0.5591,train,mapillary+fortyguard,True,2025-07-15
185333836780064,33.7366482,-84.3877299,atlanta,b_3755_-7813,1576355547162,112.69772338867,0.724,0.75,14:00,0.0518,0.2155,0.5411,0.0215,train,mapillary+fortyguard,True,2025-07-15
2690538237904736,33.7433856,-84.3844888,atlanta,b_3756_-7812,1576176278194,89.738922119141,0.716,0.93,14:00,0.122,0.2555,0.5479,0.0275,train,mapillary+fortyguard,True,2025-07-15
174776451199930,33.7568602,-84.3780065,atlanta,b_3757_-7810,1576080269167,356.86920166016,0.729,-0.74,14:00,0.0006,0.3034,0.5116,0.0662,train,mapillary+fortyguard,True,2025-07-15
492264702122326,33.7415889,-84.3715242,atlanta,b_3756_-7811,1612725428000,0,0.706,0.16,14:00,0.2945,0.3926,0.2576,0.0,train,mapillary+fortyguard,True,2025-07-15
520294885666942,33.7442839,-84.3807075,atlanta,b_3756_-7811,1576520940162,9.142822265625,0.69,0.79,14:00,0.1813,0.2087,0.462,0.0348,train,mapillary+fortyguard,True,2025-07-15
509615176887759,33.7510212,-84.3774663,atlanta,b_3757_-7810,1576523607659,284.65246582031,0.802,-0.67,14:00,0.002,0.2256,0.4264,0.2445,train,mapillary+fortyguard,True,2025-07-15
312339197072773,33.7469788,-84.3898907,atlanta,b_3756_-7812,1576776924161,271.16778564453,0.719,0.79,14:00,0.1259,0.3015,0.3965,0.0868,train,mapillary+fortyguard,True,2025-07-15
178533264676209,33.7604535,-84.3834084,atlanta,b_3758_-7810,1662752146438,266.98948955536,0.579,-0.02,14:00,0.145,0.0249,0.045,0.723,train,mapillary+fortyguard,True,2025-07-15
923111985207368,33.7451822,-84.3769261,atlanta,b_3756_-7811,1576522012166,250.52075195312,0.65,0.09,14:00,0.6067,0.0158,0.1046,0.007,train,mapillary+fortyguard,True,2025-07-15
138343482241291,33.7546144,-84.3828682,atlanta,b_3757_-7810,1662650498686,269.30626440048,0.673,-0.19,14:00,0.2432,0.0745,0.0005,0.5743,train,mapillary+fortyguard,True,2025-07-15
833735127238041,33.7438347,-84.3985337,atlanta,b_3756_-7813,1576777357147,8.3480529785156,0.728,0.74,14:00,0.3911,0.3206,0.2208,0.0401,train,mapillary+fortyguard,True,2025-07-15
302963811299858,33.7613518,-84.3796271,atlanta,b_3758_-7810,1576168408087,295.90887451172,0.694,-0.45,14:00,0.4372,0.2253,0.2383,0.0671,train,mapillary+fortyguard,True,2025-07-15
1052735211920847,33.750572,-84.3952925,atlanta,b_3757_-7812,1576178227160,32.99267578125,0.724,-0.02,14:00,0.1763,0.1949,0.4247,0.0784,train,mapillary+fortyguard,True,2025-07-15
806659173388672,33.7393432,-84.3763859,atlanta,b_3755_-7811,1576354860173,179.16418457031,0.685,0.54,14:00,0.1888,0.2496,0.3774,0.1392,train,mapillary+fortyguard,True,2025-07-15
995665041173311,33.7420381,-84.3855692,atlanta,b_3756_-7812,1576519319176,82.10009765625,0.751,0.78,14:00,0.1555,0.262,0.4229,0.0982,train,mapillary+fortyguard,True,2025-07-15
3910295695713371,33.7487754,-84.382328,atlanta,b_3756_-7811,1598725243602,48.58740234375,0.652,0.72,14:00,0.0002,0.2419,0.0638,0.0847,train,mapillary+fortyguard,True,2025-07-15
1110439452785025,33.744733,-84.3947524,atlanta,b_3756_-7812,1576777241069,181.09930419922,0.5,0.74,14:00,0.1858,0.3188,0.2339,0.2225,train,mapillary+fortyguard,True,2025-07-15
313145150269685,33.7361991,-84.385029,atlanta,b_3755_-7812,1576352651163,180.88232421875,0.655,0.77,14:00,0.0969,0.1246,0.3654,0.1987,train,mapillary+fortyguard,True,2025-07-15
328639508658001,33.7429364,-84.3817878,atlanta,b_3756_-7811,1576093184182,89.512969970703,0.776,0.82,14:00,0.2924,0.2486,0.3944,0.0139,train,mapillary+fortyguard,True,2025-07-15
203691104747870,33.7496737,-84.3785467,atlanta,b_3757_-7811,1576523393175,261.31677246094,0.769,-0.24,14:00,0.1775,0.2276,0.2619,0.2842,test,mapillary+fortyguard,True,2025-07-15
199358445356017,33.738894,-84.3942122,atlanta,b_3755_-7813,1576518722181,176.44891357422,0.733,0.66,14:00,0.2594,0.2498,0.354,0.0272,train,mapillary+fortyguard,True,2025-07-15
131138215722986,33.7415889,-84.4033954,atlanta,b_3756_-7814,1576351252189,161.42864990234,0.749,0.71,14:00,0.0701,0.2434,0.4221,0.2108,train,mapillary+fortyguard,True,2025-07-15
289525836160579,33.7370974,-84.3812476,atlanta,b_3755_-7812,1576356658622,231.98785400391,0.591,0.72,14:00,0.3871,0.1824,0.4058,0.0,train,mapillary+fortyguard,True,2025-07-15
498493321273357,33.7438347,-84.3780065,atlanta,b_3756_-7811,1576521416178,296.34417724609,0.642,0.43,14:00,0.237,0.062,0.2181,0.0571,train,mapillary+fortyguard,True,2025-07-15
817884909110201,33.750572,-84.3747654,atlanta,b_3757_-7810,1576523015158,340.82733154297,0.685,-1.36,14:00,0.1736,0.2142,0.451,0.0133,train,mapillary+fortyguard,True,2025-07-15
480975796533368,33.7600043,-84.3807075,atlanta,b_3758_-7810,1623682993698,258.82669067383,0.684,-0.23,14:00,0.1378,0.1437,0.2618,0.097,train,mapillary+fortyguard,True,2025-07-15
322155886099862,33.7492246,-84.3963729,atlanta,b_3756_-7812,1576178206170,30.781616210938,0.751,0.3,14:00,0.1985,0.2286,0.4297,0.0814,train,mapillary+fortyguard,True,2025-07-15
1099260030483976,33.747428,-84.3834084,atlanta,b_3756_-7811,1576525158181,290.23175048828,0.721,0.99,14:00,0.0594,0.2104,0.5168,0.1237,train,mapillary+fortyguard,True,2025-07-15
498036064734397,33.7366482,-84.3990739,atlanta,b_3755_-7814,1576351731177,93.277282714844,0.795,0.68,14:00,0.2312,0.2392,0.3301,0.1389,test,mapillary+fortyguard,True,2025-07-15
1454568751552949,33.7609026,-84.3769261,atlanta,b_3758_-7809,1576683502132,280.98901367188,0.723,-1.01,14:00,0.3387,0.2497,0.3412,0.0512,train,mapillary+fortyguard,True,2025-07-15
908899093176689,33.7501229,-84.3925916,atlanta,b_3757_-7812,1576518361188,219.24481201172,0.73,0.16,14:00,0.2307,0.1797,0.2877,0.1122,train,mapillary+fortyguard,True,2025-07-15
1162897067471829,33.738894,-84.373685,atlanta,b_3755_-7811,1612725498000,0,0.715,0.44,14:00,0.2445,0.3799,0.2537,0.0087,train,mapillary+fortyguard,True,2025-07-15
205216858579938,33.7483263,-84.3796271,atlanta,b_3756_-7811,1611087612800,315,0.63,0.39,14:00,0.0,0.5222,0.0518,0.2924,train,mapillary+fortyguard,True,2025-07-15
3739987542791077,33.7550636,-84.3763859,atlanta,b_3757_-7810,1576523744046,1.094970703125,0.714,-1.18,14:00,0.0961,0.1329,0.47,0.1688,train,mapillary+fortyguard,True,2025-07-15
4615887038437955,33.7424872,-84.3790869,atlanta,b_3756_-7811,1576519411181,77.955810546875,0.651,0.64,14:00,0.3022,0.262,0.3984,0.0079,train,mapillary+fortyguard,True,2025-07-15
584784819991210,33.7604535,-84.3947524,atlanta,b_3758_-7811,1661966834508,128.07475996017,0.71,-0.32,14:00,0.0936,0.0944,0.1603,0.5378,train,mapillary+fortyguard,True,2025-07-15
304150397914219,33.7559619,-84.3726046,atlanta,b_3757_-7809,1576180430182,181.58746337891,0.716,-2.08,14:00,0.0298,0.2143,0.3782,0.2985,test,mapillary+fortyguard,True,2025-07-15
154832723315649,33.7451822,-84.3882701,atlanta,b_3756_-7812,1576093676182,307.96276855469,0.745,0.97,14:00,0.0104,0.2036,0.6453,0.0,train,mapillary+fortyguard,True,2025-07-15
285540933221125,33.7519195,-84.385029,atlanta,b_3757_-7811,1576528797180,42.582244873047,0.706,0.09,14:00,0.0482,0.2056,0.2137,0.4543,test,mapillary+fortyguard,True,2025-07-15
475529907109970,33.7478771,-84.3974533,atlanta,b_3756_-7812,1576178189164,30.835784912109,0.748,0.49,14:00,0.2108,0.2098,0.288,0.1918,train,mapillary+fortyguard,True,2025-07-15
317465413112575,33.7366482,-84.3785467,atlanta,b_3755_-7812,1576352130162,91.465576171875,0.76,0.62,14:00,0.14,0.1926,0.4106,0.0712,train,mapillary+fortyguard,True,2025-07-15
325917478891336,33.7546144,-84.3942122,atlanta,b_3757_-7812,1576776366127,269.02954101562,0.639,-0.45,14:00,0.0002,0.2961,0.2394,0.3746,train,mapillary+fortyguard,True,2025-07-15
460537811684376,33.7393432,-84.3877299,atlanta,b_3755_-7812,1576518893235,0,0.758,0.7,14:00,0.0434,0.2322,0.5535,0.0604,train,mapillary+fortyguard,True,2025-07-15
145067537590997,33.7460805,-84.3844888,atlanta,b_3756_-7811,1576519659187,171.33233642578,0.779,1.11,14:00,0.0667,0.2582,0.4814,0.1132,train,mapillary+fortyguard,True,2025-07-15
336716127796978,33.7420381,-84.3969131,atlanta,b_3756_-7813,1576777331138,270.45336914062,0.688,0.69,14:00,0.1796,0.271,0.4238,0.053,train,mapillary+fortyguard,True,2025-07-15
1294460964415049,33.7595552,-84.3780065,atlanta,b_3758_-7810,1623683137771,63.472290039062,0.692,-0.7,14:00,0.3847,0.0392,0.2311,0.01,train,mapillary+fortyguard,True,2025-07-15
290559899404783,33.7487754,-84.393672,atlanta,b_3756_-7812,1576777167109,213.88464355469,0.709,0.35,14:00,0.1316,0.2903,0.1925,0.3014,train,mapillary+fortyguard,True,2025-07-15
300048428451415,33.7375465,-84.3747654,atlanta,b_3755_-7811,1576352250187,270,0.727,0.45,14:00,0.2405,0.1608,0.3661,0.118,train,mapillary+fortyguard,True,2025-07-15
757516798460431,33.7402415,-84.3839486,atlanta,b_3755_-7812,1576357068174,0,0.74,0.71,14:00,0.1652,0.2209,0.2921,0.2187,train,mapillary+fortyguard,True,2025-07-15
966946357466142,33.7582077,-84.3996141,atlanta,b_3757_-7812,1598710231633,165.66906738281,0.624,-0.33,14:00,0.0535,0.2025,0.4272,0.2172,train,mapillary+fortyguard,True,2025-07-15
220395579511999,33.7469788,-84.3807075,atlanta,b_3756_-7811,1576519481182,268.83227539062,0.743,0.69,14:00,0.0146,0.2654,0.459,0.2074,train,mapillary+fortyguard,True,2025-07-15
495124135175988,33.7537161,-84.3774663,atlanta,b_3757_-7810,1576523251183,93.670257568359,0.718,-0.88,14:00,0.1953,0.2137,0.3134,0.1884,train,mapillary+fortyguard,True,2025-07-15
3034374823464960,33.7429364,-84.3931318,atlanta,b_3756_-7813,1576526678189,6.4114074707031,0.686,0.73,14:00,0.1418,0.2423,0.4377,0.0625,train,mapillary+fortyguard,True,2025-07-15
505564923982294,33.7604535,-84.3742252,atlanta,b_3758_-7809,1623683158821,91.057800292969,0.591,-1.67,14:00,0.1348,0.0629,0.0665,0.0002,train,mapillary+fortyguard,True,2025-07-15
3688985201211628,33.7496737,-84.3898907,atlanta,b_3757_-7812,1576526325173,122.92694091797,0.761,0.3,14:00,0.2853,0.2415,0.2069,0.1708,train,mapillary+fortyguard,True,2025-07-15
761794458262045,33.7564111,-84.3866495,atlanta,b_3757_-7811,1663089946394,351.41610765457,0.643,-0.14,14:00,0.1796,0.0347,0.0051,0.4484,test,mapillary+fortyguard,True,2025-07-15
2658292987802791,33.7478771,-84.3769261,atlanta,b_3756_-7811,1576525001179,178.23608398438,0.673,-0.37,14:00,0.0479,0.2054,0.4472,0.1805,train,mapillary+fortyguard,True,2025-07-15
170095048351562,33.7370974,-84.3925916,atlanta,b_3755_-7813,1576169754075,181.03570556641,0.71,0.68,14:00,0.1854,0.2477,0.4586,0.0258,train,mapillary+fortyguard,True,2025-07-15
489642342235103,33.7397923,-84.4017748,atlanta,b_3755_-7814,1576351268181,162.72192382812,0.788,0.67,14:00,0.0996,0.2495,0.4743,0.1207,test,mapillary+fortyguard,True,2025-07-15
407695158161628,33.7573094,-84.3828682,atlanta,b_3757_-7810,1662649187497,273.95097208023,0.498,-0.11,14:00,0.3337,0.1288,0.0003,0.0525,train,mapillary+fortyguard,True,2025-07-15
1808204109359693,33.7420381,-84.3763859,atlanta,b_3756_-7811,1576355138180,167.54443359375,0.706,0.43,14:00,0.2028,0.1888,0.387,0.1351,train,mapillary+fortyguard,True,2025-07-15
554301289806187,33.7600043,-84.3920514,atlanta,b_3758_-7811,1661883565401,90.867824077606,0.671,-0.25,14:00,0.4561,0.0897,0.0009,0.1489,train,mapillary+fortyguard,True,2025-07-15
370956787661220,33.744733,-84.3855692,atlanta,b_3756_-7812,1576519702177,273.16479492188,0.656,1.07,14:00,0.5873,0.2295,0.1697,0.0,train,mapillary+fortyguard,True,2025-07-15
957126908420885,33.7361991,-84.3758458,atlanta,b_3755_-7812,1576352154171,89.395629882812,0.779,0.39,14:00,0.3828,0.1908,0.2668,0.0709,train,mapillary+fortyguard,True,2025-07-15
135029031902138,33.7429364,-84.3726046,atlanta,b_3756_-7811,1576777467184,87.510986328125,0.712,-0.25,14:00,0.082,0.3403,0.4333,0.0521,train,mapillary+fortyguard,True,2025-07-15
2921726934788813,33.7609026,-84.3882701,atlanta,b_3758_-7810,1662659103324,81.964293479919,0.681,-0.1,14:00,0.2443,0.0821,0.0016,0.3874,train,mapillary+fortyguard,True,2025-07-15
462194338372138,33.7456313,-84.3817878,atlanta,b_3756_-7811,1576520786188,273.66021728516,0.721,0.96,14:00,0.0637,0.2055,0.3459,0.2917,train,mapillary+fortyguard,True,2025-07-15
510317003498614,33.7523687,-84.3785467,atlanta,b_3757_-7810,1576171633102,33.970428466797,0.728,-0.64,14:00,0.058,0.1074,0.7126,0.019,train,mapillary+fortyguard,True,2025-07-15
482870242915914,33.7483263,-84.390971,atlanta,b_3756_-7812,1576525807174,124.36697387695,0.656,0.58,14:00,0.0395,0.2055,0.3002,0.3102,train,mapillary+fortyguard,True,2025-07-15
5536867203036927,33.7550636,-84.3877299,atlanta,b_3757_-7811,1662571009325,273.37652206421,0.667,-0.22,14:00,0.0349,0.0602,0.0011,0.4177,test,mapillary+fortyguard,True,2025-07-15
631593138478537,33.7618009,-84.3844888,atlanta,b_3758_-7810,1662563484508,85.325183391571,0.491,0.0,14:00,0.299,0.0643,0.0256,0.5055,train,mapillary+fortyguard,True,2025-07-15
529829318028742,33.7397923,-84.3812476,atlanta,b_3755_-7812,1576356786161,182.30419921875,0.723,0.68,14:00,0.2958,0.2017,0.3435,0.0812,train,mapillary+fortyguard,True,2025-07-15
175504064467189,33.7577585,-84.3969131,atlanta,b_3757_-7812,1598710252553,89.999969482422,0.687,-0.37,14:00,0.0333,0.0633,0.1848,0.4688,train,mapillary+fortyguard,True,2025-07-15
1585005195169481,33.7465296,-84.3780065,atlanta,b_3756_-7811,1576521314187,268.31988525391,0.752,0.11,14:00,0.0239,0.2753,0.3752,0.3029,train,mapillary+fortyguard,True,2025-07-15
1763204933861470,33.7424872,-84.3904308,atlanta,b_3756_-7812,1576169929089,36.504119873047,0.729,0.75,14:00,0.0637,0.2798,0.463,0.1721,train,mapillary+fortyguard,True,2025-07-15
1856403191186932,33.7600043,-84.3715242,atlanta,b_3758_-7809,1576683478113,270.60992431641,0.708,-2.28,14:00,0.0961,0.1686,0.5101,0.0658,train,mapillary+fortyguard,True,2025-07-15
203152038309507,33.7519195,-84.3963729,atlanta,b_3757_-7812,1576527470176,36.354583740234,0.734,-0.22,14:00,0.0779,0.2259,0.247,0.3923,train,mapillary+fortyguard,True,2025-07-15
280399980458331,33.7406906,-84.3774663,atlanta,b_3756_-7811,1576355189172,314.06597900391,0.67,0.57,14:00,0.2201,0.199,0.2845,0.1804,train,mapillary+fortyguard,True,2025-07-15
826669378714600,33.7586568,-84.3931318,atlanta,b_3758_-7811,1662486122687,179.74338197708,0.702,-0.31,14:00,0.5276,0.0004,0.1395,0.1562,train,mapillary+fortyguard,True,2025-07-15
270565818086363,33.7501229,-84.3834084,atlanta,b_3757_-7811,1598723139382,308.34741210938,0.754,0.43,14:00,0.2441,0.1837,0.149,0.3124,test,mapillary+fortyguard,True,2025-07-15
1053047538825913,33.7460805,-84.3958327,atlanta,b_3756_-7812,1639683129500,247.03,0.65,0.68,14:00,0.2256,0.1319,0.2466,0.3408,train,mapillary+fortyguard,True,2025-07-15
962197927886619,33.7528178,-84.3925916,atlanta,b_3757_-7812,1576776162113,297.88775634766,0.714,-0.31,14:00,0.0073,0.3022,0.1165,0.5331,train,mapillary+fortyguard,True,2025-07-15
3901822903266303,33.7415889,-84.373685,atlanta,b_3756_-7811,1612725466000,0,0.723,0.27,14:00,0.306,0.3629,0.2153,0.0414,train,mapillary+fortyguard,True,2025-07-15
2545621219078473,33.7442839,-84.3828682,atlanta,b_3756_-7811,1576520010189,266.13482666016,0.74,1.0,14:00,0.2055,0.2372,0.3664,0.1066,train,mapillary+fortyguard,True,2025-07-15
189932699660819,33.7469788,-84.3920514,atlanta,b_3756_-7812,1576776989119,289.28295898438,0.67,0.72,14:00,0.0558,0.3342,0.2498,0.2337,train,mapillary+fortyguard,True,2025-07-15
219291839632028,33.7537161,-84.3888103,atlanta,b_3757_-7811,1576776609132,116.8932800293,0.717,-0.23,14:00,0.0028,0.2623,0.1132,0.455,test,mapillary+fortyguard,True,2025-07-15
203142468292359,33.7429364,-84.4044758,atlanta,b_3756_-7814,1576351177196,66.836486816406,0.772,0.75,14:00,0.0067,0.1691,0.293,0.4323,train,mapillary+fortyguard,True,2025-07-15
194162855884986,33.7451822,-84.3790869,atlanta,b_3756_-7811,1576521360186,182.64489746094,0.734,0.55,14:00,0.1477,0.2781,0.4436,0.0496,train,mapillary+fortyguard,True,2025-07-15
894000724777334,33.7411398,-84.3915112,atlanta,b_3756_-7813,1576173394080,183.25177001953,0.683,0.69,14:00,0.037,0.3563,0.5076,0.0142,train,mapillary+fortyguard,True,2025-07-15
3944626375620994,33.7478771,-84.3882701,atlanta,b_3756_-7812,1576526473180,19.295166015625,0.698,0.86,14:00,0.1251,0.178,0.1476,0.461,train,mapillary+fortyguard,True,2025-07-15
219548166286269,33.750572,-84.3974533,atlanta,b_3757_-7812,1576178128601,36.335571289062,0.695,-0.02,14:00,0.2826,0.1985,0.4113,0.0172,train,mapillary+fortyguard,True,2025-07-15
778978192978543,33.7393432,-84.3785467,atlanta,b_3755_-7811,1576356177159,180.44116210938,0.723,0.63,14:00,0.2855,0.2149,0.3865,0.0016,train,mapillary+fortyguard,True,2025-07-15
321503809402868,33.7573094,-84.3942122,atlanta,b_3757_-7811,1576517221178,223.71459960938,0.757,-0.37,14:00,0.0,0.2549,0.3553,0.3299,test,mapillary+fortyguard,True,2025-07-15
172875778067495,33.7460805,-84.3753056,atlanta,b_3756_-7811,1576521242195,2.573486328125,0.743,-0.57,14:00,0.3459,0.2128,0.2594,0.072,train,mapillary+fortyguard,True,2025-07-15
341982393943560,33.7353008,-84.390971,atlanta,b_3755_-7813,1576351847170,181.83197021484,0.663,0.71,14:00,0.0731,0.2465,0.4111,0.2123,train,mapillary+fortyguard,True,2025-07-15
477585366883175,33.7420381,-84.3877299,atlanta,b_3756_-7812,1576169974080,207.46166992188,0.604,0.77,14:00,0.0573,0.2614,0.4954,0.0154,train,mapillary+fortyguard,True,2025-07-15
564434114537410,33.7622501,-84.3780065,atlanta,b_3758_-7809,1576872600080,177.42700195312,0.701,-0.72,14:00,0.3813,0.2639,0.2931,0.0253,train,mapillary+fortyguard,True,2025-07-15
378624286772880,33.7514704,-84.393672,atlanta,b_3757_-7812,1576527282181,128.14752197266,0.638,-0.19,14:00,0.043,0.1767,0.2361,0.2921,train,mapillary+fortyguard,True,2025-07-15
2961225077423232,33.7402415,-84.3747654,atlanta,b_3755_-7811,1576354465179,265.88806152344,0.754,0.46,14:00,0.3136,0.1478,0.2994,0.1113,train,mapillary+fortyguard,True,2025-07-15
1173303789828984,33.7564111,-84.3774663,atlanta,b_3757_-7810,1576180502166,0,0.711,-0.88,14:00,0.325,0.1791,0.2349,0.1547,train,mapillary+fortyguard,True,2025-07-15
735299090480507,33.7456313,-84.3931318,atlanta,b_3756_-7812,1576170484097,90.311737060547,0.677,0.76,14:00,0.0981,0.1166,0.7272,0.0014,train,mapillary+fortyguard,True,2025-07-15
296254038881496,33.7411398,-84.3709841,atlanta,b_3756_-7811,1612725423000,0,0.673,0.24,14:00,0.2604,0.3333,0.2133,0.0,train,mapillary+fortyguard,True,2025-07-15
5537335092989277,33.759106,-84.3866495,atlanta,b_3758_-7810,1663090179556,350.86925601959,0.677,-0.03,14:00,0.0912,0.0424,0.0024,0.5493,train,mapillary+fortyguard,True,2025-07-15
535443394284114,33.7550636,-84.3990739,atlanta,b_3757_-7812,1576527622176,186.97082519531,0.675,-0.43,14:00,0.0012,0.0599,0.3733,0.2953,train,mapillary+fortyguard,True,2025-07-15
490946868685512,33.7618009,-84.3958327,atlanta,b_3758_-7811,1576871571077,229.45764160156,0.617,-0.34,14:00,0.0375,0.2602,0.3981,0.2427,train,mapillary+fortyguard,True,2025-07-15
931290200994203,33.750572,-84.3769261,atlanta,b_3757_-7810,1576523365180,182.69458007812,0.711,-0.78,14:00,0.0544,0.2102,0.3967,0.244,train,mapillary+fortyguard,True,2025-07-15
296641368601047,33.7465296,-84.3893505,atlanta,b_3756_-7812,1576092214158,254.77429199219,0.731,0.88,14:00,0.1637,0.227,0.4252,0.0378,train,mapillary+fortyguard,True,2025-07-15
227018105688483,33.7600043,-84.3828682,atlanta,b_3758_-7810,1623683025814,269.54040527344,0.706,-0.05,14:00,0.2956,0.1172,0.0893,0.1743,train,mapillary+fortyguard,True,2025-07-15
4023653404384996,33.7379957,-84.3796271,atlanta,b_3755_-7812,1576352425165,275.09027099609,0.781,0.65,14:00,0.3062,0.236,0.3358,0.0973,train,mapillary+fortyguard,True,2025-07-15
176874397679777,33.744733,-84.3763859,atlanta,b_3756_-7811,1576521518179,3.3990478515625,0.696,0.02,14:00,0.3948,0.2259,0.269,0.0286,train,mapillary+fortyguard,True,2025-07-15
1204770723406773,33.7626992,-84.3920514,atlanta,b_3758_-7811,1662476809281,264.49262714386,0.724,-0.29,14:00,0.2679,0.0831,0.1785,0.1462,train,mapillary+fortyguard,True,2025-07-15
1443435856002661,33.747428,-84.3855692,atlanta,b_3756_-7811,1576176022212,60.093109130859,0.702,1.0,14:00,0.0,0.2583,0.4221,0.1816,train,mapillary+fortyguard,True,2025-07-15
334019621570773,33.7366482,-84.4012346,atlanta,b_3755_-7814,1576351708188,91.996246337891,0.789,0.69,14:00,0.2281,0.2068,0.494,0.0308,test,mapillary+fortyguard,True,2025-07-15
462905908117682,33.7433856,-84.3979935,atlanta,b_3756_-7813,1576777355151,5.3277587890625,0.729,0.73,14:00,0.3701,0.2851,0.2446,0.0248,train,mapillary+fortyguard,True,2025-07-15
286547229814442,33.7501229,-84.3947524,atlanta,b_3757_-7812,1576525719180,126.22933959961,0.718,0.1,14:00,0.1236,0.2539,0.4572,0.0941,train,mapillary+fortyguard,True,2025-07-15
3619443491614830,33.7348516,-84.3882701,atlanta,b_3755_-7813,1576351929171,0.92510986328125,0.696,0.76,14:00,0.2538,0.2131,0.3903,0.0822,train,mapillary+fortyguard,True,2025-07-15
1390832887952231,33.7415889,-84.385029,atlanta,b_3756_-7812,1576519167178,270.62072753906,0.765,0.79,14:00,0.2743,0.215,0.2792,0.1321,train,mapillary+fortyguard,True,2025-07-15
945416627207379,33.7550636,-84.3785467,atlanta,b_3757_-7810,1706984183000,183.163,0.618,-0.64,14:00,0.0421,0.226,0.6231,0.0057,train,mapillary+fortyguard,True,2025-07-15
882728185791979,33.7618009,-84.3753056,atlanta,b_3758_-7809,1598722214435,88.645050048828,0.646,-1.35,14:00,0.4835,0.1801,0.1944,0.0817,train,mapillary+fortyguard,True,2025-07-15
171415291553644,33.7537161,-84.4001542,atlanta,b_3757_-7812,1576527683231,25.412506103516,0.535,-0.4,14:00,0.0,0.2488,0.0898,0.6138,train,mapillary+fortyguard,True,2025-07-15
154707483279898,33.7559619,-84.3747654,atlanta,b_3757_-7810,1576524347169,92.026000976562,0.693,-1.48,14:00,0.1226,0.2164,0.39,0.1559,train,mapillary+fortyguard,True,2025-07-15
1829083280616678,33.7411398,-84.4028552,atlanta,b_3756_-7814,1576351254187,162.77960205078,0.752,0.69,14:00,0.0396,0.1965,0.4225,0.2493,train,mapillary+fortyguard,True,2025-07-15
1376542092705799,33.7366482,-84.3807075,atlanta,b_3755_-7812,1576356250185,276.021484375,0.682,0.7,14:00,0.429,0.2063,0.2753,0.0278,train,mapillary+fortyguard,True,2025-07-15
790260552393652,33.7613518,-84.3931318,atlanta,b_3758_-7811,1662491638255,170.87780714035,0.642,-0.3,14:00,0.7208,0.0003,0.021,0.0136,train,mapillary+fortyguard,True,2025-07-15
502478197556484,33.7460805,-84.3866495,atlanta,b_3756_-7812,1576519764180,173.11749267578,0.729,1.06,14:00,0.1083,0.2161,0.4306,0.1301,train,mapillary+fortyguard,True,2025-07-15
318759742966940,33.7595552,-84.3801673,atlanta,b_3758_-7810,1576167921089,102.33599853516,0.529,-0.33,14:00,0.0,0.0657,0.219,0.0,train,mapillary+fortyguard,True,2025-07-15
964990594267998,33.7375465,-84.3769261,atlanta,b_3755_-7811,1576354885156,162.20513916016,0.638,0.52,14:00,0.1848,0.2147,0.4186,0.0466,train,mapillary+fortyguard,True,2025-07-15
491600068943653,33.7469788,-84.3828682,atlanta,b_3756_-7811,1576519497176,270.00006103516,0.743,1.02,14:00,0.1851,0.1877,0.5632,0.0225,train,mapillary+fortyguard,True,2025-07-15
453554142610270,33.7537161,-84.3796271,atlanta,b_3757_-7810,1576176172183,190.06506347656,0.676,-0.49,14:00,0.0165,0.1808,0.6261,0.0519,train,mapillary+fortyguard,True,2025-07-15
2931365717145508,33.7496737,-84.3920514,atlanta,b_3757_-7812,1576518360187,210.31170654297,0.734,0.3,14:00,0.2436,0.2184,0.2972,0.1313,train,mapillary+fortyguard,True,2025-07-15
807581527045407,33.7564111,-84.3888103,atlanta,b_3757_-7811,1662665930079,48.420865535736,0.426,-0.21,14:00,0.123,0.2898,0.0045,0.2225,test,mapillary+fortyguard,True,2025-07-15
1260379138146217,33.7631484,-84.3855692,atlanta,b_3758_-7810,1662565585293,176.95219182968,0.591,-0.03,14:00,0.2038,0.1375,0.0051,0.4711,train,mapillary+fortyguard,True,2025-07-15
3947514675338713,33.7411398,-84.382328,atlanta,b_3756_-7812,1576357110166,89.225860595703,0.758,0.73,14:00,0.3434,0.1187,0.2595,0.1567,train,mapillary+fortyguard,True,2025-07-15
185391403445113,33.7546144,-84.3758458,atlanta,b_3757_-7810,1576171146075,271.39190673828,0.698,-1.32,14:00,0.019,0.0785,0.4622,0.2921,train,mapillary+fortyguard,True,2025-07-15
618757986489884,33.7573094,-84.385029,atlanta,b_3757_-7810,1662578552153,85.290187835693,0.653,-0.06,14:00,0.4007,0.0127,0.0001,0.2817,train,mapillary+fortyguard,True,2025-07-15
1169407340176553,33.753267,-84.3974533,atlanta,b_3757_-7812,1576527549179,299.73944091797,0.78,-0.41,14:00,0.0326,0.2648,0.3629,0.2699,train,mapillary+fortyguard,True,2025-07-15
943088229855274,33.7420381,-84.3785467,atlanta,b_3756_-7811,1576356112178,270.89477539062,0.694,0.6,14:00,0.4166,0.1661,0.246,0.0373,train,mapillary+fortyguard,True,2025-07-15
1079883535831476,33.7555128,-84.3720644,atlanta,b_3757_-7809,1576180437179,177.025390625,0.712,-2.07,14:00,0.062,0.241,0.4966,0.1292,test,mapillary+fortyguard,True,2025-07-15
1804436563068423,33.744733,-84.3877299,atlanta,b_3756_-7812,1576170759073,314.00140380859,0.722,0.97,14:00,0.0679,0.1255,0.1978,0.0773,train,mapillary+fortyguard,True,2025-07-15
581613312779755,33.7582077,-84.3812476,atlanta,b_3757_-7810,1576168864080,89.500579833984,0.661,-0.18,14:00,0.0557,0.2225,0.1549,0.2679,train,mapillary+fortyguard,True,2025-07-15
931820800987867,33.7429364,-84.3747654,atlanta,b_3756_-7811,1576777460150,89.999908447266,0.723,0.02,14:00,0.1297,0.3509,0.3636,0.0199,train,mapillary+fortyguard,True,2025-07-15
792116568333293,33.7456313,-84.3839486,atlanta,b_3756_-7811,1576520035181,13.364288330078,0.777,1.09,14:00,0.2505,0.2264,0.3996,0.0444,train,mapillary+fortyguard,True,2025-07-15
121889596993995,33.7483263,-84.3931318,atlanta,b_3756_-7812,1639683061000,112.73,0.561,0.45,14:00,0.0449,0.4776,0.0312,0.2775,train,mapillary+fortyguard,True,2025-07-15
5362542797155738,33.7618009,-84.3866495,atlanta,b_3758_-7810,1662747934549,170.94093227386,0.522,-0.03,14:00,0.0499,0.0707,0.0,0.4825,train,mapillary+fortyguard,True,2025-07-15
152046363593911,33.7577585,-84.3990739,atlanta,b_3757_-7812,1576527807180,12.341156005859,0.652,-0.35,14:00,0.0105,0.3005,0.4103,0.2695,train,mapillary+fortyguard,True,2025-07-15
272726071210929,33.7465296,-84.3801673,atlanta,b_3756_-7811,1576520870181,176.64093017578,0.703,0.74,14:00,0.2289,0.2086,0.3892,0.0382,train,mapillary+fortyguard,True,2025-07-15
314230250087279,33.753267,-84.3769261,atlanta,b_3757_-7810,1576524715168,179.02789306641,0.698,-1.0,14:00,0.1277,0.2163,0.332,0.2214,train,mapillary+fortyguard,True,2025-07-15
191306816631683,33.7559619,-84.3861093,atlanta,b_3757_-7811,1663088356885,225.97132110596,0.608,-0.14,14:00,0.2675,0.0001,0.0,0.347,test,mapillary+fortyguard,True,2025-07-15
1219223015524922,33.7626992,-84.3828682,atlanta,b_3758_-7810,1662646069166,269.14352941513,0.736,-0.04,14:00,0.2547,0.0781,0.0597,0.3773,train,mapillary+fortyguard,True,2025-07-15
1137718886691906,33.7586568,-84.3952925,atlanta,b_3758_-7811,1598710268646,61.970703125,0.592,-0.34,14:00,0.0538,0.1053,0.1378,0.5548,train,mapillary+fortyguard,True,2025-07-15
241777381085080,33.747428,-84.3763859,atlanta,b_3756_-7811,1576525007318,185.58703613281,0.703,-0.49,14:00,0.1868,0.1547,0.4923,0.1155,train,mapillary+fortyguard,True,2025-07-15
3540454256055131,33.7366482,-84.3920514,atlanta,b_3755_-7813,1576351811167,99.747467041016,0.535,0.7,14:00,0.0236,0.1738,0.0122,0.0,train,mapillary+fortyguard,True,2025-07-15
158265619581739,33.7433856,-84.3888103,atlanta,b_3756_-7812,1576169939080,83.044128417969,0.693,0.85,14:00,0.1866,0.259,0.4716,0.0633,train,mapillary+fortyguard,True,2025-07-15
3358143971089874,33.7568602,-84.382328,atlanta,b_3757_-7810,1663098389452,86.567899227142,0.517,-0.18,14:00,0.2068,0.0412,0.0893,0.4594,train,mapillary+fortyguard,True,2025-07-15
534459767939036,33.7415889,-84.3758458,atlanta,b_3756_-7811,1576355943172,87.802062988281,0.742,0.44,14:00,0.2642,0.1552,0.3932,0.0681,train,mapillary+fortyguard,True,2025-07-15
3726382290822712,33.7375465,-84.3882701,atlanta,b_3755_-7813,1576518844183,125.81063842773,0.762,0.71,14:00,0.0576,0.2938,0.5473,0.0457,train,mapillary+fortyguard,True,2025-07-15
143808121095626,33.7442839,-84.385029,atlanta,b_3756_-7812,1576519699200,270.62078857422,0.652,1.03,14:00,0.329,0.2316,0.3156,0.0761,train,mapillary+fortyguard,True,2025-07-15
477925596867981,33.7469788,-84.3942122,atlanta,b_3756_-7812,1576777221090,182.94427490234,0.512,0.66,14:00,0.2516,0.3016,0.312,0.0287,train,mapillary+fortyguard,True,2025-07-15
187525136554289,33.7451822,-84.3812476,atlanta,b_3756_-7811,1576519844190,184.42303466797,0.723,0.89,14:00,0.4239,0.2423,0.184,0.0571,train,mapillary+fortyguard,True,2025-07-15
839036043765493,33.7631484,-84.3969131,atlanta,b_3758_-7811,1662481120638,140.73515844345,0.663,-0.35,14:00,0.0569,0.2322,0.0522,0.3608,train,mapillary+fortyguard,True,2025-07-15
738419900169747,33.7519195,-84.3780065,atlanta,b_3757_-7810,1576523613184,359.5283203125,0.755,-0.58,14:00,0.1581,0.1625,0.4435,0.0876,train,mapillary+fortyguard,True,2025-07-15
900073120568577,33.7411398,-84.393672,atlanta,b_3756_-7813,1576173866170,1.8556213378906,0.736,0.68,14:00,0.1166,0.2845,0.4611,0.0718,train,mapillary+fortyguard,True,2025-07-15
1671062303278659,33.7546144,-84.3871897,atlanta,b_3757_-7811,1662569025407,147.9075551033,0.423,-0.2,14:00,0.0,0.2944,0.0,0.5984,test,mapillary+fortyguard,True,2025-07-15
303313031286329,33.7460805,-84.3774663,atlanta,b_3756_-7811,1576521887167,169.26177978516,0.567,0.01,14:00,0.2201,0.2616,0.3164,0.1243,train,mapillary+fortyguard,True,2025-07-15
277799730740929,33.7379957,-84.402315,atlanta,b_3755_-7814,1576351443184,100.97650146484,0.747,0.68,14:00,0.3339,0.1479,0.4431,0.0228,test,mapillary+fortyguard,True,2025-07-15
469110681780553,33.7555128,-84.3834084,atlanta,b_3757_-7810,1663096728457,89.689895153046,0.536,-0.15,14:00,0.249,0.0186,0.0546,0.3791,train,mapillary+fortyguard,True,2025-07-15
1926277924215348,33.744733,-84.3990739,atlanta,b_3756_-7813,1576175164176,235.19995117188,0.691,0.76,14:00,0.1571,0.1943,0.6025,0.0081,train,mapillary+fortyguard,True,2025-07-15
2921280458192229,33.7622501,-84.3801673,atlanta,b_3758_-7810,1576872192046,300.17864990234,0.71,-0.35,14:00,0.1467,0.3151,0.2845,0.2026,train,mapillary+fortyguard,True,2025-07-15
1096969530794363,33.7514704,-84.3958327,atlanta,b_3757_-7812,1576776219123,301.99658203125,0.671,-0.22,14:00,0.2182,0.237,0.0638,0.3938,train,mapillary+fortyguard,True,2025-07-15
193327282625637,33.7402415,-84.3769261,atlanta,b_3755_-7811,1576354818171,90.662445068359,0.747,0.56,14:00,0.2692,0.1776,0.3779,0.0884,train,mapillary+fortyguard,True,2025-07-15
1215644292207317,33.7582077,-84.3925916,atlanta,b_3757_-7811,1582304300000,0,0.597,-0.31,14:00,0.0141,0.1751,0.3589,0.2409,test,mapillary+fortyguard,True,2025-07-15
614288929479501,33.7429364,-84.3861093,atlanta,b_3756_-7812,1576176273223,95.132476806641,0.757,0.87,14:00,0.1542,0.2695,0.5184,0.0176,train,mapillary+fortyguard,True,2025-07-15
608137753476287,33.7564111,-84.3796271,atlanta,b_3757_-7810,1576523988166,174.72204589844,0.722,-0.51,14:00,0.1765,0.1799,0.2608,0.2325,train,mapillary+fortyguard,True,2025-07-15
476298250134146,33.7411398,-84.3731448,atlanta,b_3756_-7811,1612725468000,0,0.723,0.35,14:00,0.2055,0.3648,0.2567,0.0341,train,mapillary+fortyguard,True,2025-07-15
983561529049780,33.7465296,-84.3915112,atlanta,b_3756_-7812,1576169191097,90.99853515625,0.723,0.75,14:00,0.0816,0.2318,0.5131,0.0986,train,mapillary+fortyguard,True,2025-07-15
299404661673474,33.753267,-84.3882701,atlanta,b_3757_-7811,1576776622129,124.64193725586,0.648,-0.16,14:00,0.266,0.1852,0.0669,0.2798,test,mapillary+fortyguard,True,2025-07-15
783366232904808,33.7600043,-84.385029,atlanta,b_3758_-7810,1662562454741,84.981416702271,0.589,0.01,14:00,0.309,0.116,0.038,0.0715,train,mapillary+fortyguard,True,2025-07-15
478174503449056,33.7379957,-84.3817878,atlanta,b_3755_-7812,1576356608169,180,0.651,0.71,14:00,0.3209,0.1136,0.3489,0.0361,train,mapillary+fortyguard,True,2025-07-15
869674393898046,33.7559619,-84.3974533,atlanta,b_3757_-7812,1576517289177,242.08569335938,0.774,-0.43,14:00,0.0222,0.2724,0.4518,0.1824,train,mapillary+fortyguard,True,2025-07-15
2641918689445913,33.744733,-84.3785467,atlanta,b_3756_-7811,1576521390181,122.55511474609,0.669,0.46,14:00,0.3558,0.1804,0.21,0.1168,train,mapillary+fortyguard,True,2025-07-15
585937726409353,33.7626992,-84.3942122,atlanta,b_3758_-7811,1662478430770,19.844638824463,0.613,-0.34,14:00,0.5983,0.0001,0.2379,0.1124,train,mapillary+fortyguard,True,2025-07-15
220089222886447,33.7514704,-84.3753056,atlanta,b_3757_-7810,1576523024179,349.23944091797,0.686,-1.39,14:00,0.0966,0.173,0.5367,0.0207,train,mapillary+fortyguard,True,2025-07-15
499252314551665,33.7541653,-84.3844888,atlanta,b_3757_-7811,1576528921449,287.13958740234,0.678,-0.14,14:00,0.3898,0.2653,0.1389,0.1275,test,mapillary+fortyguard,True,2025-07-15
331983705085766,33.7501229,-84.3969131,atlanta,b_3757_-7812,1576178139165,121.50439453125,0.71,0.08,14:00,0.2395,0.2026,0.3379,0.1179,train,mapillary+fortyguard,True,2025-07-15
263877132193821,33.738894,-84.3780065,atlanta,b_3755_-7811,1576354393159,87.267913818359,0.727,0.61,14:00,0.3879,0.1669,0.3013,0.0405,train,mapillary+fortyguard,True,2025-07-15
1396071600757795,33.7348516,-84.3904308,atlanta,b_3755_-7813,1576351856171,180.89892578125,0.583,0.72,14:00,0.1769,0.153,0.3965,0.1869,train,mapillary+fortyguard,True,2025-07-15
899870067521111,33.7415889,-84.3871897,atlanta,b_3756_-7812,1576518936179,60.128448486328,0.754,0.77,14:00,0.249,0.2773,0.363,0.0696,train,mapillary+fortyguard,True,2025-07-15
775988349952400,33.7483263,-84.3839486,atlanta,b_3756_-7811,1576171513074,51.819976806641,0.638,0.92,14:00,0.2831,0.0411,0.4894,0.036,train,mapillary+fortyguard,True,2025-07-15
485695656011358,33.7618009,-84.3774663,atlanta,b_3758_-7809,1576872175087,270.00006103516,0.652,-0.87,14:00,0.2065,0.3155,0.3342,0.0923,train,mapillary+fortyguard,True,2025-07-15
472919927311604,33.7357499,-84.3866495,atlanta,b_3755_-7813,1576352586174,3.9642944335938,0.796,0.78,14:00,0.0865,0.1829,0.5237,0.1399,train,mapillary+fortyguard,True,2025-07-15
877251809672450,33.7424872,-84.3834084,atlanta,b_3756_-7812,1576356439163,89.093444824219,0.701,0.81,14:00,0.2023,0.1003,0.5112,0.072,train,mapillary+fortyguard,True,2025-07-15
915036186006540,33.7559619,-84.3769261,atlanta,b_3757_-7810,1576524322157,87.813293457031,0.69,-1.03,14:00,0.1407,0.2441,0.5018,0.0253,train,mapillary+fortyguard,True,2025-07-15
1496958330780460,33.7586568,-84.3861093,atlanta,b_3758_-7810,1662567000139,86.018934726715,0.635,-0.03,14:00,0.2458,0.0261,0.0229,0.5366,train,mapillary+fortyguard,True,2025-07-15
282851636870479,33.7366482,-84.3828682,atlanta,b_3755_-7812,1576352496161,270.99847412109,0.737,0.74,14:00,0.2272,0.1848,0.4617,0.009,train,mapillary+fortyguard,True,2025-07-15
1367667926940657,33.7546144,-84.3985337,atlanta,b_3757_-7812,1576527736172,27.343688964844,0.731,-0.44,14:00,0.0004,0.1147,0.5747,0.0973,train,mapillary+fortyguard,True,2025-07-15
324188212455068,33.7433856,-84.3796271,atlanta,b_3756_-7811,1576093633178,269.47412109375,0.759,0.7,14:00,0.209,0.2607,0.5009,0.0094,train,mapillary+fortyguard,True,2025-07-15
1097045524152347,33.7613518,-84.3952925,atlanta,b_3758_-7811,1576871567078,225.21990966797,0.449,-0.33,14:00,0.242,0.1903,0.2296,0.2231,train,mapillary+fortyguard,True,2025-07-15
2617000958600498,33.7501229,-84.3763859,atlanta,b_3757_-7810,1576523379168,259.4033203125,0.789,-0.9,14:00,0.1559,0.2582,0.2615,0.2793,train,mapillary+fortyguard,True,2025-07-15
374767413887870,33.7487754,-84.3979935,atlanta,b_3756_-7812,1576178081176,0,0.697,0.3,14:00,0.0015,0.186,0.4626,0.2363,train,mapillary+fortyguard,True,2025-07-15
3000182200259862,33.7375465,-84.3790869,atlanta,b_3755_-7812,1576356213166,240.52117919922,0.737,0.65,14:00,0.308,0.1962,0.35,0.0585,train,mapillary+fortyguard,True,2025-07-15
461224871823335,33.7442839,-84.3758458,atlanta,b_3756_-7811,1576521633698,7.3408203125,0.727,-0.01,14:00,0.3366,0.1777,0.1975,0.0644,train,mapillary+fortyguard,True,2025-07-15
789502842100677,33.7622501,-84.3915112,atlanta,b_3758_-7811,1661883891851,266.00665569305,0.413,-0.26,14:00,0.2102,0.0276,0.037,0.3319,train,mapillary+fortyguard,True,2025-07-15
3835049563271445,33.7510212,-84.3726046,atlanta,b_3757_-7810,1598723034266,249.22563171387,0.682,-2.13,14:00,0.0262,0.1078,0.4868,0.0044,train,mapillary+fortyguard,True,2025-07-15
4017875518289838,33.7402415,-84.3882701,atlanta,b_3755_-7812,1576172291243,99.747833251953,0.643,0.7,14:00,0.1714,0.3016,0.4734,0.0001,train,mapillary+fortyguard,True,2025-07-15
202577628198268,33.7361991,-84.4006944,atlanta,b_3755_-7814,1576351603169,180.75628662109,0.747,0.7,14:00,0.0233,0.197,0.4113,0.304,test,mapillary+fortyguard,True,2025-07-15
3178591152368637,33.7604535,-84.3785467,atlanta,b_3758_-7810,1576683548130,240.75378417969,0.715,-0.57,14:00,0.0,0.2383,0.5266,0.1503,train,mapillary+fortyguard,True,2025-07-15
1174701842943363,33.7384448,-84.3753056,atlanta,b_3755_-7811,1576354426175,86.154174804688,0.751,0.5,14:00,0.4047,0.1623,0.2623,0.0566,train,mapillary+fortyguard,True,2025-07-15
1123678361900839,33.7564111,-84.390971,atlanta,b_3757_-7811,1662665795389,135.04392814636,0.556,-0.33,14:00,0.0894,0.1013,0.0,0.5003,test,mapillary+fortyguard,True,2025-07-15
3018827255039755,33.7411398,-84.3844888,atlanta,b_3756_-7812,1576519164173,274.58367919922,0.754,0.75,14:00,0.236,0.2147,0.3513,0.1309,train,mapillary+fortyguard,True,2025-07-15
588744252087785,33.7438347,-84.393672,atlanta,b_3756_-7812,1576526687173,9.1652221679688,0.693,0.75,14:00,0.2339,0.1905,0.416,0.0447,train,mapillary+fortyguard,True,2025-07-15
861448531128000,33.7613518,-84.3747654,atlanta,b_3758_-7809,1598722217470,90.406372070312,0.653,-1.51,14:00,0.585,0.1967,0.1406,0.0407,train,mapillary+fortyguard,True,2025-07-15
1334793136904844,33.7555128,-84.3742252,atlanta,b_3757_-7810,1576524417164,281.81463623047,0.727,-1.63,14:00,0.1295,0.1725,0.2181,0.3354,train,mapillary+fortyguard,True,2025-07-15
526498265034279,33.7406906,-84.402315,atlanta,b_3756_-7814,1576351262182,162.93151855469,0.777,0.68,14:00,0.2614,0.2425,0.358,0.1042,train,mapillary+fortyguard,True,2025-07-15
175979974405700,33.7541653,-84.3958327,atlanta,b_3757_-7812,1576517402157,119.77117919922,0.756,-0.45,14:00,0.0,0.2529,0.2305,0.4511,train,mapillary+fortyguard,True,2025-07-15
181208640545538,33.7429364,-84.3769261,atlanta,b_3756_-7811,1576777454148,92.129974365234,0.705,0.37,14:00,0.1105,0.35,0.3264,0.0013,train,mapillary+fortyguard,True,2025-07-15
310065530557932,33.7456313,-84.3861093,atlanta,b_3756_-7812,1576519773170,86.046173095703,0.765,1.08,14:00,0.1082,0.238,0.3993,0.1646,train,mapillary+fortyguard,True,2025-07-15
508758366844467,33.759106,-84.3796271,atlanta,b_3758_-7810,1576090849186,189.73461914062,0.673,-0.44,14:00,0.0,0.2225,0.5663,0.0632,train,mapillary+fortyguard,True,2025-07-15
926709211458030,33.7483263,-84.3952925,atlanta,b_3756_-7812,1576777074113,38.142272949219,0.729,0.41,14:00,0.228,0.3102,0.2171,0.1687,train,mapillary+fortyguard,True,2025-07-15
284094039865394,33.7370974,-84.3763859,atlanta,b_3755_-7811,1576354888182,180.64385986328,0.643,0.49,14:00,0.2563,0.2274,0.2794,0.106,train,mapillary+fortyguard,True,2025-07-15
500158534518522,33.7550636,-84.3920514,atlanta,b_3757_-7811,1576776532144,43.911254882812,0.676,-0.39,14:00,0.0,0.2912,0.031,0.5806,test,mapillary+fortyguard,True,2025-07-15
224410065705676,33.753267,-84.3790869,atlanta,b_3757_-7810,1576176174183,196.7119140625,0.699,-0.6,14:00,0.0084,0.1943,0.5998,0.0837,train,mapillary+fortyguard,True,2025-07-15
2743527089290768,33.7424872,-84.3947524,atlanta,b_3756_-7813,1576518664397,247.22009277344,0.686,0.7,14:00,0.3397,0.2197,0.3196,0.0184,train,mapillary+fortyguard,True,2025-07-15
327324525634137,33.7600043,-84.3758458,atlanta,b_3758_-7809,1623683151730,85.691833496094,0.691,-1.17,14:00,0.1761,0.205,0.3985,0.0012,train,mapillary+fortyguard,True,2025-07-15
5629510623776703,33.7559619,-84.3882701,atlanta,b_3757_-7811,1663089296877,262.81094408035,0.541,-0.21,14:00,0.4008,0.0,0.0,0.0011,test,mapillary+fortyguard,True,2025-07-15
4630655560302375,33.7406906,-84.3817878,atlanta,b_3756_-7812,1576357116164,89.999969482422,0.756,0.71,14:00,0.3289,0.1314,0.371,0.1144,train,mapillary+fortyguard,True,2025-07-15
489899785619162,33.747428,-84.3785467,atlanta,b_3756_-7811,1576525024191,273.15771484375,0.767,0.14,14:00,0.1093,0.2632,0.3539,0.2184,train,mapillary+fortyguard,True,2025-07-15
253547253222725,33.7541653,-84.3753056,atlanta,b_3757_-7810,1576524651166,179.21911621094,0.679,-1.32,14:00,0.3913,0.2363,0.2883,0.0139,train,mapillary+fortyguard,True,2025-07-15
3857154134399208,33.7433856,-84.390971,atlanta,b_3756_-7812,1576080153168,17.735382080078,0.709,0.79,14:00,0.084,0.2341,0.4326,0.0927,train,mapillary+fortyguard,True,2025-07-15
1314357532703733,33.7568602,-84.3844888,atlanta,b_3757_-7810,1662650841869,353.62440872192,0.672,-0.08,14:00,0.4693,0.1256,0.0001,0.1276,train,mapillary+fortyguard,True,2025-07-15
846554589613929,33.7415889,-84.3780065,atlanta,b_3756_-7811,1576355841165,160.65380859375,0.664,0.57,14:00,0.3282,0.1847,0.3104,0.099,train,mapillary+fortyguard,True,2025-07-15
4003444353067514,33.7483263,-84.3747654,atlanta,b_3756_-7810,1576522394765,183.19641113281,0.655,-1.37,14:00,0.3173,0.1942,0.3566,0.0034,train,mapillary+fortyguard,True,2025-07-15
471148297426663,33.7375465,-84.3904308,atlanta,b_3755_-7813,1576518830200,56.111785888672,0.792,0.69,14:00,0.0165,0.2717,0.3627,0.3141,train,mapillary+fortyguard,True,2025-07-15
4278020525576041,33.7550636,-84.3715242,atlanta,b_3757_-7809,1598722747302,91.389129638672,0.715,-2.19,14:00,0.3249,0.1414,0.2699,0.1101,test,mapillary+fortyguard,True,2025-07-15
213386230332743,33.7442839,-84.3871897,atlanta,b_3756_-7812,1576170755092,305.5556640625,0.674,1.0,14:00,0.1161,0.1099,0.3906,0.0297,train,mapillary+fortyguard,True,2025-07-15
200194345128718,33.7510212,-84.3839486,atlanta,b_3757_-7811,1576171774072,223.64343261719,0.694,0.32,14:00,0.2805,0.095,0.1394,0.4128,test,mapillary+fortyguard,True,2025-07-15
815949872638883,33.7537161,-84.3931318,atlanta,b_3757_-7812,1576776342102,34.716613769531,0.703,-0.41,14:00,0.0406,0.3067,0.1335,0.4668,train,mapillary+fortyguard,True,2025-07-15
166962128681442,33.7384448,-84.3866495,atlanta,b_3755_-7812,1576355614170,4.8222351074219,0.774,0.71,14:00,0.3199,0.222,0.3461,0.0825,train,mapillary+fortyguard,True,2025-07-15
3719271268392709,33.7519195,-84.3801673,atlanta,b_3757_-7810,1706984202000,223.047,0.591,-0.21,14:00,0.0004,0.1611,0.5764,0.0897,train,mapillary+fortyguard,True,2025-07-15
305266864524338,33.7478771,-84.3925916,atlanta,b_3756_-7812,1576526990173,29.861206054688,0.779,0.56,14:00,0.2655,0.2472,0.1255,0.3076,train,mapillary+fortyguard,True,2025-07-15
772339043466554,33.7366482,-84.373685,atlanta,b_3755_-7811,1576352172176,92.055755615234,0.739,0.29,14:00,0.502,0.225,0.2429,0.0095,train,mapillary+fortyguard,True,2025-07-15
2944540779179086,33.7546144,-84.3893505,atlanta,b_3757_-7811,1663088872829,265.83974313736,0.691,-0.28,14:00,0.1301,0.0,0.0,0.278,test,mapillary+fortyguard,True,2025-07-15
1207120526805922,33.7613518,-84.3861093,atlanta,b_3758_-7810,1662565749257,174.73039627075,0.546,-0.0,14:00,0.282,0.0,0.0019,0.2549,train,mapillary+fortyguard,True,2025-07-15
1394157467626974,33.7393432,-84.3828682,atlanta,b_3755_-7812,1576356890169,183.52484130859,0.747,0.7,14:00,0.2974,0.1795,0.2839,0.0999,train,mapillary+fortyguard,True,2025-07-15
463901681551126,33.7460805,-84.3796271,atlanta,b_3756_-7811,1576519444167,1.587646484375,0.739,0.65,14:00,0.1259,0.2485,0.4455,0.0776,train,mapillary+fortyguard,True,2025-07-15
932078490899398,33.7420381,-84.3920514,atlanta,b_3756_-7812,1576169008862,263.890625,0.74,0.7,14:00,0.0713,0.2276,0.5674,0.0177,train,mapillary+fortyguard,True,2025-07-15
3916126655142944,33.7555128,-84.3855692,atlanta,b_3757_-7811,1576518144157,273.10119628906,0.684,-0.13,14:00,0.0966,0.189,0.1074,0.5231,test,mapillary+fortyguard,True,2025-07-15
945636389571614,33.7402415,-84.3790869,atlanta,b_3755_-7811,1576355008168,0.92507934570312,0.733,0.64,14:00,0.3568,0.1758,0.346,0.0089,train,mapillary+fortyguard,True,2025-07-15
3038135539739317,33.7582077,-84.3947524,atlanta,b_3757_-7811,1598710270715,49.8037109375,0.628,-0.35,14:00,0.0841,0.0942,0.1295,0.5251,test,mapillary+fortyguard,True,2025-07-15
967862080708575,33.7469788,-84.3758458,atlanta,b_3756_-7811,1576522454180,86.870971679688,0.716,-0.61,14:00,0.176,0.2535,0.5417,0.0,train,mapillary+fortyguard,True,2025-07-15
1165095607247135,33.7429364,-84.3882701,atlanta,b_3756_-7812,1576169964111,182.64501953125,0.601,0.83,14:00,0.3042,0.2274,0.3438,0.0175,train,mapillary+fortyguard,True,2025-07-15
174747187885176,33.7523687,-84.3942122,atlanta,b_3757_-7812,1576178249177,31.371887207031,0.729,-0.27,14:00,0.0159,0.2019,0.2319,0.4826,train,mapillary+fortyguard,True,2025-07-15
503438910696728,33.7411398,-84.3753056,atlanta,b_3756_-7811,1576355945182,87.101318359375,0.73,0.45,14:00,0.2576,0.1616,0.3982,0.0744,train,mapillary+fortyguard,True,2025-07-15
1122152938252710,33.7370974,-84.3877299,atlanta,b_3755_-7813,1576518873177,359.51379394531,0.78,0.74,14:00,0.1101,0.2949,0.5026,0.04,train,mapillary+fortyguard,True,2025-07-15
300232848246940,33.744733,-84.3807075,atlanta,b_3756_-7811,1576520945165,1.9307250976562,0.751,0.8,14:00,0.2445,0.2234,0.3567,0.0797,train,mapillary+fortyguard,True,2025-07-15
447009314055463,33.7626992,-84.3963729,atlanta,b_3758_-7811,1661965548403,209.84528064728,0.688,-0.34,14:00,0.062,0.3427,0.3223,0.167,train,mapillary+fortyguard,True,2025-07-15
177963547546311,33.7514704,-84.3774663,atlanta,b_3757_-7810,1576523584187,270.84033203125,0.764,-0.67,14:00,0.0695,0.2426,0.4647,0.1208,train,mapillary+fortyguard,True,2025-07-15
746851165980396,33.7406906,-84.3931318,atlanta,b_3756_-7813,1576169688096,7.0600891113281,0.695,0.67,14:00,0.2646,0.2635,0.0214,0.3755,train,mapillary+fortyguard,True,2025-07-15
127960105970425,33.7582077,-84.3742252,atlanta,b_3757_-7809,1598722657316,180.46713256836,0.653,-1.65,14:00,0.2344,0.1656,0.3876,0.159,test,mapillary+fortyguard,True,2025-07-15
377316640251922,33.7541653,-84.3866495,atlanta,b_3757_-7811,1576529605176,271.37799072266,0.73,-0.17,14:00,0.0002,0.2229,0.0883,0.6445,test,mapillary+fortyguard,True,2025-07-15
1938533133004114,33.7609026,-84.3834084,atlanta,b_3758_-7810,1662752133958,266.27414369583,0.566,-0.02,14:00,0.0763,0.0446,0.001,0.1782,train,mapillary+fortyguard,True,2025-07-15
1197893420645623,33.7568602,-84.3958327,atlanta,b_3757_-7811,1576517271169,243.69708251953,0.764,-0.39,14:00,0.0,0.2381,0.459,0.2308,test,mapillary+fortyguard,True,2025-07-15
312838157127690,33.7456313,-84.3769261,atlanta,b_3756_-7811,1576521528015,358.49584960938,0.718,0.01,14:00,0.145,0.2337,0.329,0.22,train,mapillary+fortyguard,True,2025-07-15
750927348904382,33.7415889,-84.3893505,atlanta,b_3756_-7812,1576169990069,273.67681884766,0.742,0.75,14:00,0.3333,0.1907,0.2691,0.0012,train,mapillary+fortyguard,True,2025-07-15
1450729572075009,33.7550636,-84.3828682,atlanta,b_3757_-7810,1663096793433,85.03336763382,0.627,-0.19,14:00,0.1545,0.0938,0.1083,0.3884,train,mapillary+fortyguard,True,2025-07-15
2929151117309861,33.7442839,-84.3985337,atlanta,b_3756_-7813,1576178038181,75.158721923828,0.689,0.75,14:00,0.2117,0.224,0.421,0.0504,train,mapillary+fortyguard,True,2025-07-15
485961602525286,33.7618009,-84.3796271,atlanta,b_3758_-7810,1576872189357,302.61846923828,0.689,-0.45,14:00,0.2321,0.3054,0.2668,0.1318,train,mapillary+fortyguard,True,2025-07-15
544690770248532,33.7510212,-84.3952925,atlanta,b_3757_-7812,1576776213143,303.31671142578,0.731,-0.12,14:00,0.1358,0.2621,0.1735,0.3094,train,mapillary+fortyguard,True,2025-07-15
297288688535415,33.7397923,-84.3763859,atlanta,b_3755_-7811,1576354853164,180,0.689,0.54,14:00,0.3813,0.1982,0.2633,0.0484,train,mapillary+fortyguard,True,2025-07-15
169619885620162,33.7577585,-84.3920514,atlanta,b_3757_-7811,1662056952478,133.00565242767,0.512,-0.31,14:00,0.3944,0.0378,0.0,0.1013,test,mapillary+fortyguard,True,2025-07-15
222978982975062,33.7492246,-84.382328,atlanta,b_3756_-7811,1623682886730,47.490447998047,0.564,0.6,14:00,0.0088,0.3016,0.0612,0.017,train,mapillary+fortyguard,True,2025-07-15
181483213846730,33.7559619,-84.3790869,atlanta,b_3757_-7810,1576090949167,169.03271484375,0.627,-0.63,14:00,0.0059,0.1451,0.6351,0.0168,train,mapillary+fortyguard,True,2025-07-15
319630346480367,33.7451822,-84.3947524,atlanta,b_3756_-7812,1576170475098,86.090972900391,0.669,0.73,14:00,0.0302,0.129,0.7551,0.0153,train,mapillary+fortyguard,True,2025-07-15
454904375605001,33.7366482,-84.385029,atlanta,b_3755_-7812,1576352620175,86.871337890625,0.784,0.77,14:00,0.1201,0.1874,0.5198,0.0561,train,mapillary+fortyguard,True,2025-07-15
1172940086480296,33.7433856,-84.3817878,atlanta,b_3756_-7811,1576777439105,89.999908447266,0.747,0.86,14:00,0.1454,0.3499,0.4269,0.0063,train,mapillary+fortyguard,True,2025-07-15
834880060793123,33.7528178,-84.3877299,atlanta,b_3757_-7811,1576529752194,71.644744873047,0.695,-0.1,14:00,0.0008,0.2343,0.0802,0.5549,test,mapillary+fortyguard,True,2025-07-15
313272777031766,33.7420381,-84.4033954,atlanta,b_3756_-7814,1576351248203,160.12292480469,0.736,0.73,14:00,0.0276,0.1828,0.4498,0.2588,train,mapillary+fortyguard,True,2025-07-15
164748032239365,33.7442839,-84.3780065,atlanta,b_3756_-7811,1576521429500,355.59729003906,0.686,0.38,14:00,0.4245,0.1604,0.2345,0.0768,train,mapillary+fortyguard,True,2025-07-15
158346013467724,33.7622501,-84.393672,atlanta,b_3758_-7811,1662493192071,79.629825592041,0.628,-0.32,14:00,0.443,0.0513,0.0037,0.0909,train,mapillary+fortyguard,True,2025-07-15
1403109733375885,33.7510212,-84.3747654,atlanta,b_3757_-7810,1576523025179,349.61840820312,0.714,-1.39,14:00,0.1318,0.2289,0.5168,0.0178,train,mapillary+fortyguard,True,2025-07-15
531771971160288,33.7537161,-84.3839486,atlanta,b_3757_-7811,1576528876195,313.89624023438,0.698,-0.11,14:00,0.1691,0.2222,0.0612,0.4948,test,mapillary+fortyguard,True,2025-07-15
950530345683017,33.7496737,-84.3963729,atlanta,b_3757_-7812,1576178216168,29.181274414062,0.765,0.19,14:00,0.0377,0.1852,0.5445,0.121,train,mapillary+fortyguard,True,2025-07-15
490378202022414,33.7451822,-84.3742252,atlanta,b_3756_-7811,1576521226172,273.77020263672,0.714,-0.79,14:00,0.3182,0.2025,0.2567,0.0951,train,mapillary+fortyguard,True,2025-07-15
1759145387781028,33.7631484,-84.3898907,atlanta,b_3758_-7810,1661975745262,78.870854854584,0.59,-0.18,14:00,0.449,0.0278,0.0,0.0344,train,mapillary+fortyguard,True,2025-07-15
924228719661985,33.7519195,-84.3709841,atlanta,b_3757_-7810,1733248464468,332,0.723,-2.42,14:00,0.1177,0.1368,0.4519,0.0393,train,mapillary+fortyguard,True,2025-07-15
872473709975437,33.7370974,-84.3990739,atlanta,b_3755_-7814,1576351732174,92.992828369141,0.792,0.68,14:00,0.3706,0.174,0.1834,0.1445,test,mapillary+fortyguard,True,2025-07-15
211555970552863,33.7613518,-84.3769261,atlanta,b_3758_-7809,1598722205439,91.077911376953,0.691,-1.02,14:00,0.3165,0.1634,0.4137,0.0133,train,mapillary+fortyguard,True,2025-07-15
152337610191171,33.750572,-84.3925916,atlanta,b_3757_-7812,1576526225168,117.42080688477,0.742,0.05,14:00,0.1839,0.2286,0.1238,0.3468,train,mapillary+fortyguard,True,2025-07-15
2186595364809498,33.7393432,-84.373685,atlanta,b_3755_-7811,1612725493000,0,0.734,0.45,14:00,0.3312,0.4217,0.1607,0.0558,train,mapillary+fortyguard,True,2025-07-15
3844770338953446,33.7353008,-84.3861093,atlanta,b_3755_-7813,1576352584956,330.99578857422,0.8,0.79,14:00,0.2028,0.1777,0.4275,0.1284,train,mapillary+fortyguard,True,2025-07-15
1010595476142577,33.7420381,-84.3828682,atlanta,b_3756_-7812,1576519336183,67.0849609375,0.734,0.81,14:00,0.3249,0.3042,0.2882,0.0001,train,mapillary+fortyguard,True,2025-07-15
964962904247380,33.7555128,-84.3763859,atlanta,b_3757_-7810,1576523837173,354.83618164062,0.703,-1.18,14:00,0.2603,0.2697,0.3598,0.0,train,mapillary+fortyguard,True,2025-07-15
830452067546038,33.744733,-84.3920514,atlanta,b_3756_-7812,1576175605176,126.13528442383,0.661,0.79,14:00,0.0071,0.1793,0.5883,0.0174,train,mapillary+fortyguard,True,2025-07-15
1042814939740356,33.7582077,-84.3855692,atlanta,b_3757_-7810,1662577630707,274.94146776199,0.549,-0.02,14:00,0.2454,0.026,0.0338,0.3854,train,mapillary+fortyguard,True,2025-07-15
4144817532301026,33.7541653,-84.3979935,atlanta,b_3757_-7812,1576517379178,89.999969482422,0.724,-0.45,14:00,0.0,0.2265,0.4216,0.2607,train,mapillary+fortyguard,True,2025-07-15
154390449986855,33.7429364,-84.3790869,atlanta,b_3756_-7811,1576092656187,91.280456542969,0.706,0.64,14:00,0.1563,0.2763,0.4486,0.0046,train,mapillary+fortyguard,True,2025-07-15
589712116189949,33.7609026,-84.3947524,atlanta,b_3758_-7811,1662481882664,313.42946529388,0.63,-0.32,14:00,0.0775,0.0131,0.0023,0.2557,train,mapillary+fortyguard,True,2025-07-15
876075026453880,33.7564111,-84.3726046,atlanta,b_3757_-7809,1576180382182,151.00158691406,0.674,-2.09,14:00,0.0459,0.1092,0.4755,0.2073,test,mapillary+fortyguard,True,2025-07-15
949328442506983,33.7456313,-84.3882701,atlanta,b_3756_-7812,1576175921172,27.88525390625,0.663,0.99,14:00,0.0044,0.1489,0.4811,0.1458,train,mapillary+fortyguard,True,2025-07-15
315258869965102,33.7483263,-84.3974533,atlanta,b_3756_-7812,1576178171174,214.55041503906,0.681,0.4,14:00,0.2066,0.2281,0.4709,0.0002,train,mapillary+fortyguard,True,2025-07-15
310386967158893,33.7370974,-84.3785467,atlanta,b_3755_-7812,1576354975177,17.4306640625,0.743,0.62,14:00,0.4001,0.235,0.275,0.0468,train,mapillary+fortyguard,True,2025-07-15
178849684017223,33.7550636,-84.3942122,atlanta,b_3757_-7811,1576517439180,12.632476806641,0.745,-0.45,14:00,0.0,0.246,0.4483,0.2341,test,mapillary+fortyguard,True,2025-07-15
310394100643426,33.753267,-84.3812476,atlanta,b_3757_-7810,1576171720086,221.69549560547,0.726,-0.24,14:00,0.0007,0.1007,0.2422,0.593,train,mapillary+fortyguard,True,2025-07-15
881744852391896,33.7600043,-84.3780065,atlanta,b_3758_-7810,1576167935088,66.144165039062,0.753,-0.7,14:00,0.2661,0.2209,0.3898,0.0356,train,mapillary+fortyguard,True,2025-07-15
2981791455367263,33.7492246,-84.393672,atlanta,b_3756_-7812,1576777133136,124.27517700195,0.76,0.24,14:00,0.0554,0.3257,0.1998,0.3608,train,mapillary+fortyguard,True,2025-07-15
578541433106875,33.7379957,-84.3747654,atlanta,b_3755_-7811,1576352251173,261.94769287109,0.746,0.45,14:00,0.2203,0.0892,0.3856,0.1436,train,mapillary+fortyguard,True,2025-07-15
544579697471301,33.7559619,-84.3904308,atlanta,b_3757_-7811,1662044670488,135.20519781113,0.642,-0.32,14:00,0.1214,0.1195,0.0319,0.598,test,mapillary+fortyguard,True,2025-07-15
5764587890221026,33.7626992,-84.3871897,atlanta,b_3758_-7810,1662746825053,23.323421001434,0.521,-0.06,14:00,0.5319,0.1191,0.0411,0.1558,train,mapillary+fortyguard,True,2025-07-15
296809332066092,33.747428,-84.3807075,atlanta,b_3756_-7811,1576520304158,177.16656494141,0.688,0.62,14:00,0.2344,0.2059,0.3452,0.0551,train,mapillary+fortyguard,True,2025-07-15
125329459566126,33.7541653,-84.3774663,atlanta,b_3757_-7810,1576170953143,84.080413818359,0.721,-0.88,14:00,0.0644,0.0715,0.5704,0.1808,train,mapillary+fortyguard,True,2025-07-15
895428207947395,33.7433856,-84.3931318,atlanta,b_3756_-7812,1576173988181,354.36566162109,0.716,0.75,14:00,0.1161,0.1855,0.39,0.0169,train,mapillary+fortyguard,True,2025-07-15
410682301194364,33.7568602,-84.3866495,atlanta,b_3757_-7811,1663085867021,280.14407110214,0.502,-0.11,14:00,0.0545,0.0035,0.0,0.7675,test,mapillary+fortyguard,True,2025-07-15
2826763747653858,33.7595552,-84.3958327,atlanta,b_3758_-7811,1576528372315,339.66760253906,0.607,-0.33,14:00,0.0084,0.1454,0.2377,0.5145,train,mapillary+fortyguard,True,2025-07-15
911508099626238,33.7483263,-84.3769261,atlanta,b_3756_-7811,1576524996175,182.14495849609,0.682,-0.46,14:00,0.2194,0.1967,0.3109,0.2032,train,mapillary+fortyguard,True,2025-07-15
329075672005602,33.7550636,-84.373685,atlanta,b_3757_-7810,1598722727557,88.001800537109,0.726,-1.78,14:00,0.5522,0.107,0.0282,0.0876,train,mapillary+fortyguard,True,2025-07-15
324336092419906,33.7442839,-84.3893505,atlanta,b_3756_-7812,1576175818162,57.472381591797,0.676,0.89,14:00,0.0375,0.1928,0.2729,0.2714,train,mapillary+fortyguard,True,2025-07-15
459676411805249,33.7537161,-84.3952925,atlanta,b_3757_-7812,1576517407167,122.87258911133,0.771,-0.43,14:00,0.0,0.2737,0.3035,0.3864,train,mapillary+fortyguard,True,2025-07-15
198991712051710,33.7424872,-84.3763859,atlanta,b_3756_-7811,1576356085169,263.36187744141,0.717,0.37,14:00,0.4378,0.1828,0.1808,0.117,train,mapillary+fortyguard,True,2025-07-15
562747095644901,33.7604535,-84.3920514,atlanta,b_3758_-7811,1662489846672,70.455481052399,0.597,-0.27,14:00,0.3151,0.0,0.0,0.0391,train,mapillary+fortyguard,True,2025-07-15
1058652094660521,33.7546144,-84.3915112,atlanta,b_3757_-7811,1576776533211,45.459869384766,0.648,-0.37,14:00,0.0,0.2971,0.0288,0.5758,test,mapillary+fortyguard,True,2025-07-15
307875000898808,33.7460805,-84.3817878,atlanta,b_3756_-7811,1576520776195,176.71795654297,0.718,0.96,14:00,0.2247,0.2284,0.354,0.0745,train,mapillary+fortyguard,True,2025-07-15
1049260849049214,33.7555128,-84.3877299,atlanta,b_3757_-7811,1662568430838,72.922090053558,0.635,-0.22,14:00,0.6625,0.0,0.0,0.1233,test,mapillary+fortyguard,True,2025-07-15
516962802664023,33.7582077,-84.3969131,atlanta,b_3757_-7811,1598710256618,89.44677734375,0.685,-0.35,14:00,0.0287,0.138,0.1465,0.5191,test,mapillary+fortyguard,True,2025-07-15
527417464947020,33.7537161,-84.3747654,atlanta,b_3757_-7810,1576523169172,271.81286621094,0.721,-1.47,14:00,0.3711,0.1558,0.1158,0.24,train,mapillary+fortyguard,True,2025-07-15
1115718042253743,33.7523687,-84.3963729,atlanta,b_3757_-7812,1576527532177,301.59289550781,0.74,-0.3,14:00,0.0256,0.2585,0.5409,0.0767,train,mapillary+fortyguard,True,2025-07-15
488587185535309,33.7411398,-84.3774663,atlanta,b_3756_-7811,1576355196165,300.13720703125,0.674,0.55,14:00,0.1746,0.2257,0.2699,0.2212,train,mapillary+fortyguard,True,2025-07-15
955721855195721,33.7370974,-84.3898907,atlanta,b_3755_-7813,1576518831187,59.207763671875,0.774,0.71,14:00,0.0195,0.283,0.3638,0.3016,train,mapillary+fortyguard,True,2025-07-15
609588430437860,33.7438347,-84.3866495,atlanta,b_3756_-7812,1576176581214,292.06634521484,0.722,0.97,14:00,0.0598,0.2863,0.5551,0.0022,train,mapillary+fortyguard,True,2025-07-15
484701882864951,33.7573094,-84.3801673,atlanta,b_3757_-7810,1576183666181,168.75549316406,0.728,-0.37,14:00,0.0554,0.2397,0.4666,0.1202,train,mapillary+fortyguard,True,2025-07-15
185011437397880,33.7465296,-84.3958327,atlanta,b_3756_-7812,1611087445600,44.999959312453,0.61,0.68,14:00,0.0288,0.5894,0.0471,0.303,train,mapillary+fortyguard,True,2025-07-15
525726845275497,33.7420381,-84.373685,atlanta,b_3756_-7811,1612725458000,0,0.768,0.15,14:00,0.2357,0.3579,0.2171,0.1082,train,mapillary+fortyguard,True,2025-07-15
512711796428614,33.7582077,-84.3763859,atlanta,b_3757_-7810,1576767684092,175.96978759766,0.671,-1.16,14:00,0.3214,0.2895,0.1668,0.1041,train,mapillary+fortyguard,True,2025-07-15
3968636823213015,33.747428,-84.3920514,atlanta,b_3756_-7812,1576526991204,30.961059570312,0.765,0.67,14:00,0.1056,0.2446,0.1565,0.4247,train,mapillary+fortyguard,True,2025-07-15
212718550426625,33.7361991,-84.3731448,atlanta,b_3755_-7811,1612725543000,0,0.791,0.19,14:00,0.2532,0.3945,0.2459,0.0692,train,mapillary+fortyguard,True,2025-07-15
694617415102150,33.7541653,-84.3888103,atlanta,b_3757_-7811,1611088221800,76.021565318827,0.669,-0.25,14:00,0.0,0.5217,0.0294,0.3774,test,mapillary+fortyguard,True,2025-07-15
610076820619091,33.7609026,-84.3855692,atlanta,b_3758_-7810,1662563996594,173.40993928909,0.612,-0.0,14:00,0.1266,0.4313,0.0123,0.3615,train,mapillary+fortyguard,True,2025-07-15
1218200001928542,33.7456313,-84.3790869,atlanta,b_3756_-7811,1576521935161,89.999969482422,0.698,0.55,14:00,0.2117,0.2576,0.4604,0.0001,train,mapillary+fortyguard,True,2025-07-15
137859665026341,33.7523687,-84.3758458,atlanta,b_3757_-7810,1576523046174,0.44940185546875,0.752,-1.27,14:00,0.2969,0.2475,0.2994,0.0402,train,mapillary+fortyguard,True,2025-07-15
220362742895958,33.759106,-84.3726046,atlanta,b_3758_-7809,1598722638347,328.46630859375,0.653,-1.98,14:00,0.5873,0.0739,0.1891,0.0197,train,mapillary+fortyguard,True,2025-07-15
615263956023460,33.7483263,-84.3882701,atlanta,b_3756_-7812,1576526476178,45.661682128906,0.717,0.77,14:00,0.3276,0.2494,0.1787,0.1446,train,mapillary+fortyguard,True,2025-07-15
3192149304393712,33.7442839,-84.4006944,atlanta,b_3756_-7813,1639683153500,60.81,0.497,0.77,14:00,0.0451,0.5767,0.2323,0.0337,train,mapillary+fortyguard,True,2025-07-15
3267399570172756,33.7618009,-84.3817878,atlanta,b_3758_-7810,1662645994199,352.72773504257,0.667,-0.11,14:00,0.0789,0.2104,0.1621,0.3159,train,mapillary+fortyguard,True,2025-07-15
1218111201940970,33.7577585,-84.3942122,atlanta,b_3757_-7811,1576517218176,226.56286621094,0.757,-0.37,14:00,0.0,0.2464,0.3538,0.3604,test,mapillary+fortyguard,True,2025-07-15
916732145835049,33.7465296,-84.3753056,atlanta,b_3756_-7811,1576522460177,88.649108886719,0.729,-0.71,14:00,0.2336,0.2599,0.433,0.0026,train,mapillary+fortyguard,True,2025-07-15
312929390213542,33.7357499,-84.390971,atlanta,b_3755_-7813,1576351842160,178.79895019531,0.728,0.71,14:00,0.181,0.1991,0.324,0.2081,train,mapillary+fortyguard,True,2025-07-15
252497759730366,33.7424872,-84.3877299,atlanta,b_3756_-7812,1576172323998,0.22686767578125,0.789,0.8,14:00,0.1747,0.2797,0.3807,0.0585,train,mapillary+fortyguard,True,2025-07-15
518809812484745,33.7626992,-84.3780065,atlanta,b_3758_-7809,1576872637611,41.355834960938,0.7,-0.73,14:00,0.3135,0.2603,0.2448,0.0984,train,mapillary+fortyguard,True,2025-07-15
296238298754758,33.7519195,-84.393672,atlanta,b_3757_-7812,1576527140190,32.564392089844,0.728,-0.27,14:00,0.1933,0.1566,0.1024,0.4201,train,mapillary+fortyguard,True,2025-07-15
378713926792347,33.7366482,-84.3871897,atlanta,b_3755_-7813,1576351977169,91.450164794922,0.766,0.76,14:00,0.0989,0.2275,0.5087,0.1146,train,mapillary+fortyguard,True,2025-07-15
849411825924638,33.7501229,-84.3807075,atlanta,b_3757_-7811,1576522906179,176.64105224609,0.653,0.21,14:00,0.0817,0.1984,0.4531,0.1662,test,mapillary+fortyguard,True,2025-07-15
1786365484904913,33.7568602,-84.3774663,atlanta,b_3757_-7810,1598725390607,0.19143676757812,0.746,-0.88,14:00,0.2084,0.136,0.302,0.0231,train,mapillary+fortyguard,True,2025-07-15
3752054761590093,33.7460805,-84.3931318,atlanta,b_3756_-7812,1576174584167,355.80383300781,0.796,0.71,14:00,0.0757,0.2364,0.3311,0.246,train,mapillary+fortyguard,True,2025-07-15
215375680121650,33.7415889,-84.3709841,atlanta,b_3756_-7811,1612725420000,0,0.662,0.13,14:00,0.2612,0.3177,0.231,0.0295,train,mapillary+fortyguard,True,2025-07-15
453376500156324,33.7595552,-84.3866495,atlanta,b_3758_-7810,1663090204086,-3.9376455545425,0.688,-0.02,14:00,0.1086,0.1697,0.0,0.4808,train,mapillary+fortyguard,True,2025-07-15
474076867256563,33.7555128,-84.3990739,atlanta,b_3757_-7812,1576527620189,183.92718505859,0.624,-0.43,14:00,0.0,0.0885,0.0161,0.6757,train,mapillary+fortyguard,True,2025-07-15
638783714487966,33.7622501,-84.3958327,atlanta,b_3758_-7811,1662480265460,35.351572036743,0.542,-0.34,14:00,0.1663,0.0005,0.002,0.5208,train,mapillary+fortyguard,True,2025-07-15
1144292579424774,33.7510212,-84.3769261,atlanta,b_3757_-7810,1576524752177,183.09045410156,0.716,-0.84,14:00,0.0438,0.2224,0.4641,0.1229,train,mapillary+fortyguard,True,2025-07-15
302929984656382,33.7402415,-84.3925916,atlanta,b_3755_-7813,1576169264054,187.74884033203,0.624,0.67,14:00,0.055,0.2863,0.5414,0.0577,train,mapillary+fortyguard,True,2025-07-15
285324623198967,33.7469788,-84.3893505,atlanta,b_3756_-7812,1576526533172,270.81060791016,0.759,0.83,14:00,0.0582,0.2231,0.4109,0.2318,train,mapillary+fortyguard,True,2025-07-15
449840090248964,33.7604535,-84.3828682,atlanta,b_3758_-7810,1662752109596,263.41232776642,0.656,-0.05,14:00,0.0963,0.0908,0.0027,0.381,train,mapillary+fortyguard,True,2025-07-15
521999732151194,33.7564111,-84.3952925,atlanta,b_3757_-7811,1576517236179,235.91906738281,0.763,-0.41,14:00,0.0,0.2711,0.4921,0.1834,test,mapillary+fortyguard,True,2025-07-15
4014396035275119,33.7451822,-84.3763859,atlanta,b_3756_-7811,1576521522169,358.20275878906,0.704,-0.08,14:00,0.3658,0.1468,0.2414,0.0994,train,mapillary+fortyguard,True,2025-07-15
521005492265005,33.7631484,-84.3920514,atlanta,b_3758_-7811,1582304201000,0,0.625,-0.29,14:00,0.0051,0.0718,0.2405,0.5009,train,mapillary+fortyguard,True,2025-07-15
834368967289732,33.7478771,-84.3855692,atlanta,b_3756_-7811,1576176026189,59.950805664062,0.673,1.0,14:00,0.0,0.2065,0.2686,0.298,train,mapillary+fortyguard,True,2025-07-15
215824400352208,33.7370974,-84.4012346,atlanta,b_3755_-7814,1576351709180,79.048187255859,0.772,0.69,14:00,0.2973,0.2075,0.393,0.0264,test,mapillary+fortyguard,True,2025-07-15
478675887445339,33.7546144,-84.382328,atlanta,b_3757_-7810,1663097668402,69.415311336517,0.688,-0.23,14:00,0.1342,0.1476,0.2402,0.3431,train,mapillary+fortyguard,True,2025-07-15
485237319390423,33.7438347,-84.3979935,atlanta,b_3756_-7813,1576777361110,3.1729431152344,0.721,0.73,14:00,0.1556,0.3378,0.2556,0.0745,train,mapillary+fortyguard,True,2025-07-15
371342444312970,33.750572,-84.3947524,atlanta,b_3757_-7812,1576527364177,304.701171875,0.726,-0.01,14:00,0.1854,0.2183,0.3519,0.1306,train,mapillary+fortyguard,True,2025-07-15
321243172844646,33.7393432,-84.3758458,atlanta,b_3755_-7811,1576354859173,180.91619873047,0.646,0.54,14:00,0.1578,0.2209,0.3669,0.0595,train,mapillary+fortyguard,True,2025-07-15
3336551556670206,33.7573094,-84.3915112,atlanta,b_3757_-7811,1662045955657,224.12723493576,0.674,-0.31,14:00,0.4765,0.0458,0.1067,0.1284,test,mapillary+fortyguard,True,2025-07-15
181077660448924,33.7353008,-84.3882701,atlanta,b_3755_-7813,1576351930172,357.57043457031,0.775,0.76,14:00,0.2023,0.2153,0.4012,0.1068,train,mapillary+fortyguard,True,2025-07-15
484558362858597,33.7420381,-84.385029,atlanta,b_3756_-7812,1576519117176,101.33355712891,0.763,0.83,14:00,0.2364,0.2631,0.3237,0.0955,train,mapillary+fortyguard,True,2025-07-15
789244475067372,33.7555128,-84.3785467,atlanta,b_3757_-7810,1623682945626,4.9376220703125,0.673,-0.64,14:00,0.0452,0.1718,0.3711,0.024,train,mapillary+fortyguard,True,2025-07-15
734131574794053,33.7582077,-84.3877299,atlanta,b_3757_-7811,1611088696400,2.9463853663776,0.621,-0.11,14:00,0.0,0.559,0.0317,0.3383,test,mapillary+fortyguard,True,2025-07-15
498810418121669,33.7361991,-84.3844888,atlanta,b_3755_-7812,1576352649172,180.70068359375,0.681,0.78,14:00,0.2177,0.1666,0.338,0.1204,train,mapillary+fortyguard,True,2025-07-15
909963096231924,33.7541653,-84.4001542,atlanta,b_3757_-7812,1576527685167,46.314880371094,0.673,-0.4,14:00,0.0,0.2627,0.3898,0.3033,train,mapillary+fortyguard,True,2025-07-15
745090759499319,33.7429364,-84.3812476,atlanta,b_3756_-7811,1576519351184,80.430633544922,0.704,0.78,14:00,0.3757,0.2884,0.2877,0.0,train,mapillary+fortyguard,True,2025-07-15
917980408773860,33.7496737,-84.3780065,atlanta,b_3757_-7810,1576522970177,79.558471679688,0.741,-0.43,14:00,0.1324,0.2674,0.2682,0.2736,train,mapillary+fortyguard,True,2025-07-15
2480922505387155,33.7564111,-84.3747654,atlanta,b_3757_-7810,1598722394535,1.1292419433594,0.724,-1.48,14:00,0.3546,0.1182,0.2617,0.053,train,mapillary+fortyguard,True,2025-07-15
8498139913630627,33.7456313,-84.3904308,atlanta,b_3756_-7812,1732906922368,211,0.632,0.88,14:00,0.0888,0.1434,0.6099,0.0,train,mapillary+fortyguard,True,2025-07-15
2876834632561281,33.7415889,-84.4028552,atlanta,b_3756_-7814,1576351255183,163.48663330078,0.763,0.7,14:00,0.0763,0.2263,0.3863,0.2302,train,mapillary+fortyguard,True,2025-07-15
481139193311115,33.7370974,-84.3807075,atlanta,b_3755_-7812,1576352102158,90.534057617188,0.779,0.7,14:00,0.1673,0.2094,0.4482,0.0923,train,mapillary+fortyguard,True,2025-07-15
4014410391982375,33.7438347,-84.3774663,atlanta,b_3756_-7811,1576092828188,278.19940185547,0.777,0.33,14:00,0.2152,0.2269,0.471,0.0151,train,mapillary+fortyguard,True,2025-07-15
477116187610817,33.7618009,-84.3931318,atlanta,b_3758_-7811,1662491544428,81.7433385849,0.588,-0.3,14:00,0.3129,0.0,0.0085,0.0728,train,mapillary+fortyguard,True,2025-07-15
3846468085466073,33.7465296,-84.3866495,atlanta,b_3756_-7812,1576519631162,89.999969482422,0.748,1.04,14:00,0.2095,0.2704,0.4454,0.0051,train,mapillary+fortyguard,True,2025-07-15
1626530464403726,33.7600043,-84.3801673,atlanta,b_3758_-7810,1576683555107,243.20599365234,0.726,-0.33,14:00,0.0002,0.2086,0.4924,0.2256,train,mapillary+fortyguard,True,2025-07-15
481252489753582,33.7492246,-84.3958327,atlanta,b_3756_-7812,1576178210164,31.372680664062,0.751,0.3,14:00,0.1104,0.2123,0.4494,0.1218,train,mapillary+fortyguard,True,2025-07-15
166754398701838,33.7379957,-84.3769261,atlanta,b_3755_-7811,1576354879168,186.10943603516,0.527,0.54,14:00,0.2104,0.2634,0.3704,0.0005,train,mapillary+fortyguard,True,2025-07-15
150228207066028,33.747428,-84.3828682,atlanta,b_3756_-7811,1576525152171,285.51129150391,0.718,0.96,14:00,0.2616,0.2213,0.3623,0.0679,train,mapillary+fortyguard,True,2025-07-15
570936667607345,33.7366482,-84.3985337,atlanta,b_3755_-7814,1576351736189,79.571014404297,0.768,0.68,14:00,0.1572,0.1716,0.3962,0.1477,test,mapillary+fortyguard,True,2025-07-15
309349547368663,33.7541653,-84.3796271,atlanta,b_3757_-7810,1576171669085,270,0.751,-0.51,14:00,0.0,0.0646,0.5494,0.2307,train,mapillary+fortyguard,True,2025-07-15
411686910284580,33.7609026,-84.3763859,atlanta,b_3758_-7809,1576872085088,179.29956054688,0.56,-1.17,14:00,0.2656,0.311,0.3436,0.0287,train,mapillary+fortyguard,True,2025-07-15
594658095689456,33.7568602,-84.3888103,atlanta,b_3757_-7811,1662665932520,39.391609668732,0.487,-0.19,14:00,0.1246,0.1991,0.0016,0.2283,test,mapillary+fortyguard,True,2025-07-15
221819662694479,33.7375465,-84.3947524,atlanta,b_3755_-7813,1576518740169,179.41180419922,0.74,0.67,14:00,0.2389,0.2489,0.2989,0.1041,train,mapillary+fortyguard,True,2025-07-15
499348758084057,33.7618009,-84.3726046,atlanta,b_3758_-7809,1576683930114,91.680419921875,0.699,-2.0,14:00,0.2736,0.1516,0.2579,0.188,train,mapillary+fortyguard,True,2025-07-15
470018247624532,33.7537161,-84.3974533,atlanta,b_3757_-7812,1576527551175,298.94195556641,0.769,-0.44,14:00,0.0162,0.2722,0.3224,0.2865,train,mapillary+fortyguard,True,2025-07-15
1120352861809577,33.7424872,-84.3785467,atlanta,b_3756_-7811,1576356113171,272.90893554688,0.539,0.58,14:00,0.4725,0.1141,0.2313,0.0247,train,mapillary+fortyguard,True,2025-07-15
848845109319168,33.7384448,-84.390971,atlanta,b_3755_-7813,1576169897084,341.60119628906,0.768,0.68,14:00,0.1421,0.2468,0.5726,0.004,train,mapillary+fortyguard,True,2025-07-15
2854913821435542,33.7559619,-84.3720644,atlanta,b_3757_-7809,1576180433173,181.58746337891,0.683,-2.08,14:00,0.1685,0.1273,0.2723,0.2987,test,mapillary+fortyguard,True,2025-07-15
762324694460817,33.7586568,-84.3812476,atlanta,b_3758_-7810,1623683114693,87.781311035156,0.64,-0.16,14:00,0.2728,0.0723,0.1731,0.1495,train,mapillary+fortyguard,True,2025-07-15
440059017320389,33.7478771,-84.3969131,atlanta,b_3756_-7812,1576178190168,33.708221435547,0.765,0.49,14:00,0.0256,0.2079,0.2688,0.4124,train,mapillary+fortyguard,True,2025-07-15
216497389969864,33.7366482,-84.3780065,atlanta,b_3755_-7812,1576354960158,271.99627685547,0.733,0.58,14:00,0.1948,0.181,0.358,0.1354,train,mapillary+fortyguard,True,2025-07-15
3508096035958479,33.7613518,-84.3904308,atlanta,b_3758_-7811,1576089413156,1.2871704101562,0.691,-0.2,14:00,0.0,0.1922,0.0055,0.6622,train,mapillary+fortyguard,True,2025-07-15
524993095178972,33.7460805,-84.3839486,atlanta,b_3756_-7811,1576520500176,183.65979003906,0.771,1.09,14:00,0.2435,0.2679,0.2949,0.1108,train,mapillary+fortyguard,True,2025-07-15
249181136968524,33.7595552,-84.3774663,atlanta,b_3758_-7810,1623683140774,65.114532470703,0.709,-0.85,14:00,0.2258,0.0662,0.3571,0.0045,train,mapillary+fortyguard,True,2025-07-15
852646268929199,33.7487754,-84.3931318,atlanta,b_3756_-7812,1576777164128,213.42108154297,0.722,0.35,14:00,0.1702,0.3038,0.1835,0.2643,train,mapillary+fortyguard,True,2025-07-15
535628450803146,33.7375465,-84.3742252,atlanta,b_3755_-7811,1576352237177,276.16925048828,0.685,0.41,14:00,0.4023,0.0964,0.213,0.0843,train,mapillary+fortyguard,True,2025-07-15
471450621288651,33.7555128,-84.3898907,atlanta,b_3757_-7811,1662042391369,314.85002756119,0.699,-0.31,14:00,0.1381,0.0522,0.0863,0.5957,test,mapillary+fortyguard,True,2025-07-15
469437417672705,33.7582077,-84.3990739,atlanta,b_3757_-7812,1598710230628,209.45764160156,0.6,-0.34,14:00,0.053,0.2139,0.4822,0.1636,train,mapillary+fortyguard,True,2025-07-15
150858316936627,33.7537161,-84.3769261,atlanta,b_3757_-7810,1576524668168,273.12927246094,0.74,-1.02,14:00,0.0516,0.239,0.3447,0.2614,train,mapillary+fortyguard,True,2025-07-15
337575911069679,33.7604535,-84.373685,atlanta,b_3758_-7809,1623683163687,92.903381347656,0.655,-1.83,14:00,0.2109,0.2411,0.3754,0.0,train,mapillary+fortyguard,True,2025-07-15
878430383126431,33.7564111,-84.3861093,atlanta,b_3757_-7811,1663089919867,-2.3770542144775,0.686,-0.12,14:00,0.1885,0.038,0.0208,0.4133,test,mapillary+fortyguard,True,2025-07-15
963121754516846,33.7478771,-84.3763859,atlanta,b_3756_-7811,1576524927183,353.78582763672,0.709,-0.59,14:00,0.1,0.2289,0.4432,0.0883,train,mapillary+fortyguard,True,2025-07-15
737203770282827,33.7438347,-84.3888103,atlanta,b_3756_-7812,1576176259203,108.33151245117,0.721,0.89,14:00,0.1842,0.2399,0.5013,0.0161,train,mapillary+fortyguard,True,2025-07-15
2989707211263634,33.7420381,-84.3758458,atlanta,b_3756_-7811,1576356045162,272.6826171875,0.75,0.38,14:00,0.4481,0.1712,0.1178,0.1664,train,mapillary+fortyguard,True,2025-07-15
372361960828174,33.7379957,-84.3882701,atlanta,b_3755_-7813,1576518880170,2.0528259277344,0.784,0.7,14:00,0.2234,0.2823,0.4101,0.0527,train,mapillary+fortyguard,True,2025-07-15
221093203114866,33.744733,-84.385029,atlanta,b_3756_-7812,1576519913172,345.921875,0.733,1.07,14:00,0.0511,0.2234,0.4333,0.2084,train,mapillary+fortyguard,True,2025-07-15
1448019808870536,33.747428,-84.3942122,atlanta,b_3756_-7812,1576777217104,208.47015380859,0.622,0.6,14:00,0.2621,0.3065,0.3597,0.0062,train,mapillary+fortyguard,True,2025-07-15
326849788857408,33.7361991,-84.3753056,atlanta,b_3755_-7811,1576352158169,89.343811035156,0.751,0.39,14:00,0.236,0.2096,0.3563,0.1308,train,mapillary+fortyguard,True,2025-07-15
796348358253839,33.7609026,-84.3877299,atlanta,b_3758_-7810,1662746000801,35.433787345886,0.625,-0.07,14:00,0.1317,0.3262,0.0177,0.4404,train,mapillary+fortyguard,True,2025-07-15
561354411495378,33.7456313,-84.3812476,atlanta,b_3756_-7811,1576519841184,186.21441650391,0.704,0.89,14:00,0.3062,0.2401,0.261,0.1293,train,mapillary+fortyguard,True,2025-07-15
953413502151575,33.7523687,-84.3780065,atlanta,b_3757_-7810,1576523619176,0.75613403320312,0.742,-0.64,14:00,0.1,0.2092,0.4868,0.0637,train,mapillary+fortyguard,True,2025-07-15
201588961643384,33.7415889,-84.393672,atlanta,b_3756_-7813,1576173871179,0.66632080078125,0.681,0.68,14:00,0.0536,0.2355,0.0275,0.2397,train,mapillary+fortyguard,True,2025-07-15
139239918223125,33.7483263,-84.3904308,atlanta,b_3756_-7812,1576525812184,119.79962158203,0.711,0.63,14:00,0.0421,0.2048,0.3558,0.2484,train,mapillary+fortyguard,True,2025-07-15
173917481868376,33.7550636,-84.3871897,atlanta,b_3757_-7811,1663087786809,354.15896558762,0.562,-0.2,14:00,0.0558,0.2516,0.0055,0.464,test,mapillary+fortyguard,True,2025-07-15
785647106116379,33.7618009,-84.3839486,atlanta,b_3758_-7810,1662753332720,79.034605979919,0.631,-0.01,14:00,0.5144,0.0659,0.0566,0.114,train,mapillary+fortyguard,True,2025-07-15
311404547205386,33.7577585,-84.3963729,atlanta,b_3757_-7811,1598710259716,81.529815673828,0.683,-0.37,14:00,0.0543,0.1419,0.1109,0.5421,test,mapillary+fortyguard,True,2025-07-15
539320140806680,33.7465296,-84.3774663,atlanta,b_3756_-7811,1576521870187,189.96350097656,0.625,-0.09,14:00,0.3342,0.1965,0.2169,0.1319,train,mapillary+fortyguard,True,2025-07-15
1640479539472954,33.7424872,-84.3898907,atlanta,b_3756_-7812,1576169934073,61.048950195312,0.712,0.77,14:00,0.1483,0.2748,0.5078,0.0332,train,mapillary+fortyguard,True,2025-07-15
488455702299323,33.7600043,-84.3709841,atlanta,b_3758_-7809,1576683471092,268.76953125,0.714,-2.42,14:00,0.3174,0.1471,0.416,0.0469,train,mapillary+fortyguard,True,2025-07-15
805124656778118,33.7384448,-84.402315,atlanta,b_3755_-7814,1576351448178,92.334259033203,0.766,0.68,14:00,0.1984,0.2103,0.4908,0.0699,test,mapillary+fortyguard,True,2025-07-15
462015221725935,33.7519195,-84.3958327,atlanta,b_3757_-7812,1576776218168,302.43170166016,0.678,-0.22,14:00,0.1917,0.2438,0.0876,0.3887,train,mapillary+fortyguard,True,2025-07-15
322852402543976,33.7406906,-84.3769261,atlanta,b_3756_-7811,1576355178160,322.46539306641,0.649,0.55,14:00,0.2507,0.0983,0.4082,0.0408,train,mapillary+fortyguard,True,2025-07-15
472304728101668,33.7586568,-84.3925916,atlanta,b_3758_-7811,1662484384747,132.37177181244,0.675,-0.29,14:00,0.4389,0.0623,0.009,0.1095,train,mapillary+fortyguard,True,2025-07-15
944450876311310,33.7433856,-84.3861093,atlanta,b_3756_-7812,1598709767598,284.93576049805,0.577,0.92,14:00,0.1191,0.1871,0.5839,0.015,train,mapillary+fortyguard,True,2025-07-15
153182933359985,33.7568602,-84.3796271,atlanta,b_3757_-7810,1576523986182,179.09271240234,0.691,-0.5,14:00,0.0946,0.2034,0.4161,0.1086,train,mapillary+fortyguard,True,2025-07-15
640182680753297,33.7460805,-84.3952925,atlanta,b_3756_-7812,1639683129000,69.35,0.442,0.68,14:00,0.2776,0.5582,0.0449,0.032,train,mapillary+fortyguard,True,2025-07-15
166813012023489,33.7415889,-84.3731448,atlanta,b_3756_-7811,1612725444000,0,0.687,0.27,14:00,0.213,0.3724,0.1592,0.2022,train,mapillary+fortyguard,True,2025-07-15
424708893089882,33.7595552,-84.3888103,atlanta,b_3758_-7811,1662658773984,264.93191719055,0.601,-0.1,14:00,0.0707,0.1024,0.0084,0.6053,train,mapillary+fortyguard,True,2025-07-15
491657115310936,33.7442839,-84.382328,atlanta,b_3756_-7811,1576519869185,269.37365722656,0.766,0.97,14:00,0.0574,0.2914,0.3265,0.2648,train,mapillary+fortyguard,True,2025-07-15
825209571722573,33.7469788,-84.3915112,atlanta,b_3756_-7812,1576169195099,102.63793945312,0.672,0.75,14:00,0.0974,0.2581,0.5748,0.0197,train,mapillary+fortyguard,True,2025-07-15
1136485450321537,33.7537161,-84.3882701,atlanta,b_3757_-7811,1611088227600,73.866042944531,0.642,-0.2,14:00,0.0018,0.5416,0.0434,0.369,test,mapillary+fortyguard,True,2025-07-15
840255800298979,33.7604535,-84.385029,atlanta,b_3758_-7810,1662562867290,265.72113752365,0.64,0.01,14:00,0.3572,0.1601,0.0,0.1888,train,mapillary+fortyguard,True,2025-07-15
810506042898139,33.7384448,-84.3817878,atlanta,b_3755_-7812,1576356605168,180,0.683,0.7,14:00,0.3871,0.2335,0.3647,0.001,train,mapillary+fortyguard,True,2025-07-15
248327653718922,33.7564111,-84.3974533,atlanta,b_3757_-7812,1576517287182,247.97326660156,0.79,-0.41,14:00,0.0142,0.2589,0.4885,0.1559,train,mapillary+fortyguard,True,2025-07-15
1393486811034861,33.7451822,-84.3785467,atlanta,b_3756_-7811,1576522117180,290.73681640625,0.683,0.41,14:00,0.5035,0.0334,0.2554,0.0485,train,mapillary+fortyguard,True,2025-07-15
3340868926234286,33.7631484,-84.3942122,atlanta,b_3758_-7811,1662478569467,-2.3857798576355,0.69,-0.34,14:00,0.3976,0.1161,0.1293,0.2017,train,mapillary+fortyguard,True,2025-07-15
3009120589413447,33.7519195,-84.3753056,atlanta,b_3757_-7810,1576523041185,345.59924316406,0.763,-1.42,14:00,0.2389,0.2364,0.3718,0.0186,train,mapillary+fortyguard,True,2025-07-15
135901478480610,33.7478771,-84.3877299,atlanta,b_3756_-7812,1576526502174,183.05657958984,0.773,0.9,14:00,0.0073,0.2556,0.3741,0.2894,train,mapillary+fortyguard,True,2025-07-15
1231437770658546,33.7546144,-84.3844888,atlanta,b_3757_-7811,1576529166175,270.58898925781,0.711,-0.15,14:00,0.0136,0.2194,0.2435,0.3956,test,mapillary+fortyguard,True,2025-07-15
1347264955659389,33.7438347,-84.4001542,atlanta,b_3756_-7813,1576177970160,70.616729736328,0.689,0.75,14:00,0.2068,0.2233,0.3359,0.0,train,mapillary+fortyguard,True,2025-07-15
169886208276037,33.750572,-84.3969131,atlanta,b_3757_-7812,1576527460265,28.075012207031,0.771,-0.02,14:00,0.0261,0.2071,0.285,0.338,train,mapillary+fortyguard,True,2025-07-15
465139471413534,33.7573094,-84.393672,atlanta,b_3757_-7811,1576517219165,226.10260009766,0.751,-0.36,14:00,0.0,0.2488,0.3538,0.3588,test,mapillary+fortyguard,True,2025-07-15
136768105056037,33.7460805,-84.3747654,atlanta,b_3756_-7811,1576521246183,0,0.707,-0.77,14:00,0.3259,0.1755,0.3202,0.0294,train,mapillary+fortyguard,True,2025-07-15
1674922696700054,33.7528178,-84.3715242,atlanta,b_3757_-7810,1733248471493,342,0.746,-2.22,14:00,0.1022,0.1614,0.3425,0.1793,train,mapillary+fortyguard,True,2025-07-15
144708067636523,33.7420381,-84.3871897,atlanta,b_3756_-7812,1576518940180,92.1748046875,0.756,0.77,14:00,0.1105,0.2669,0.4609,0.0833,train,mapillary+fortyguard,True,2025-07-15
214866286857506,33.7487754,-84.3839486,atlanta,b_3756_-7811,1598725220743,55.089141845703,0.692,0.82,14:00,0.0187,0.1407,0.212,0.0002,train,mapillary+fortyguard,True,2025-07-15
1154075141671257,33.7622501,-84.3774663,atlanta,b_3758_-7809,1576872642052,93.278259277344,0.701,-0.87,14:00,0.462,0.0504,0.1693,0.1395,train,mapillary+fortyguard,True,2025-07-15
969034060596111,33.7514704,-84.3931318,atlanta,b_3757_-7812,1576527310186,124.72521972656,0.709,-0.17,14:00,0.1031,0.2021,0.3037,0.2112,train,mapillary+fortyguard,True,2025-07-15
585678565652720,33.7361991,-84.3866495,atlanta,b_3755_-7813,1576352593890,1.4435424804688,0.781,0.77,14:00,0.0469,0.181,0.5264,0.1425,train,mapillary+fortyguard,True,2025-07-15
173765537991138,33.7429364,-84.3834084,atlanta,b_3756_-7812,1576092642169,90.748840332031,0.774,0.86,14:00,0.0927,0.2441,0.5889,0.0062,train,mapillary+fortyguard,True,2025-07-15
1226380641146121,33.7564111,-84.3769261,atlanta,b_3757_-7810,1576523846171,2.428955078125,0.715,-1.02,14:00,0.2587,0.2026,0.4259,0.0134,train,mapillary+fortyguard,True,2025-07-15
108981885199425,33.759106,-84.3861093,atlanta,b_3758_-7810,1663090147848,-4.9830116629601,0.696,-0.01,14:00,0.0742,0.1447,0.0002,0.4122,train,mapillary+fortyguard,True,2025-07-15
4332712530109555,33.7370974,-84.3828682,atlanta,b_3755_-7812,1576352495158,271.66644287109,0.74,0.74,14:00,0.2524,0.1749,0.4277,0.0203,train,mapillary+fortyguard,True,2025-07-15
516083989411974,33.7550636,-84.3985337,atlanta,b_3757_-7812,1576517307173,210.98352050781,0.757,-0.44,14:00,0.0,0.2556,0.4995,0.1549,train,mapillary+fortyguard,True,2025-07-15
298091221844954,33.7438347,-84.3796271,atlanta,b_3756_-7811,1576092844036,251.84136962891,0.511,0.71,14:00,0.1611,0.2323,0.5611,0.0075,train,mapillary+fortyguard,True,2025-07-15
196222066168183,33.7618009,-84.3952925,atlanta,b_3758_-7811,1661971160003,70.200592041016,0.629,-0.34,14:00,0.3149,0.2917,0.0389,0.0887,train,mapillary+fortyguard,True,2025-07-15
233214951893359,33.750572,-84.3763859,atlanta,b_3757_-7810,1576524756193,177.9736328125,0.62,-0.97,14:00,0.0278,0.2006,0.3552,0.2962,train,mapillary+fortyguard,True,2025-07-15
965115514261780,33.7600043,-84.382328,atlanta,b_3758_-7810,1598725493596,0.62847900390625,0.751,-0.05,14:00,0.1647,0.1647,0.3,0.1816,train,mapillary+fortyguard,True,2025-07-15
197384608893310,33.7492246,-84.3979935,atlanta,b_3756_-7812,1576178115168,29.589447021484,0.728,0.3,14:00,0.144,0.179,0.2527,0.2654,train,mapillary+fortyguard,True,2025-07-15
952589212175487,33.7379957,-84.3790869,atlanta,b_3755_-7812,1576356211175,271.54797363281,0.739,0.65,14:00,0.3617,0.1605,0.2699,0.0698,train,mapillary+fortyguard,True,2025-07-15
578134159822359,33.744733,-84.3758458,atlanta,b_3756_-7811,1576521635195,17.318511962891,0.747,-0.13,14:00,0.342,0.0656,0.1662,0.1852,train,mapillary+fortyguard,True,2025-07-15
5883619341669497,33.7626992,-84.3915112,atlanta,b_3758_-7811,1661974518447,261.63278913498,0.485,-0.27,14:00,0.0923,0.0595,0.0005,0.2053,train,mapillary+fortyguard,True,2025-07-15
212490970432480,33.7406906,-84.3882701,atlanta,b_3756_-7812,1576518910174,359.47064208984,0.754,0.71,14:00,0.1315,0.2613,0.4294,0.0717,train,mapillary+fortyguard,True,2025-07-15
1049557895452206,33.7366482,-84.4006944,atlanta,b_3755_-7814,1576351717162,91.967712402344,0.755,0.69,14:00,0.4846,0.2106,0.236,0.0178,test,mapillary+fortyguard,True,2025-07-15
471308837495955,33.7609026,-84.3785467,atlanta,b_3758_-7810,1576168398087,289.21282958984,0.716,-0.57,14:00,0.3799,0.2529,0.2678,0.0496,train,mapillary+fortyguard,True,2025-07-15
305362131180197,33.738894,-84.3753056,atlanta,b_3755_-7811,1576354446183,355.56195068359,0.766,0.52,14:00,0.2657,0.1989,0.3613,0.0494,train,mapillary+fortyguard,True,2025-07-15
1199135197601162,33.7568602,-84.390971,atlanta,b_3757_-7811,1662046166963,230.10777950287,0.602,-0.31,14:00,0.2153,0.1794,0.0285,0.1889,test,mapillary+fortyguard,True,2025-07-15
460887228477611,33.7415889,-84.3844888,atlanta,b_3756_-7812,1576519162175,268.46923828125,0.749,0.78,14:00,0.2144,0.2103,0.2758,0.1562,train,mapillary+fortyguard,True,2025-07-15
337617221033035,33.7550636,-84.3780065,atlanta,b_3757_-7810,1598725377716,359.86575317383,0.726,-0.76,14:00,0.2049,0.0824,0.4033,0.0222,train,mapillary+fortyguard,True,2025-07-15
857506278168544,33.7442839,-84.393672,atlanta,b_3756_-7812,1576172947100,99.824798583984,0.709,0.75,14:00,0.1346,0.2919,0.2446,0.2558,train,mapillary+fortyguard,True,2025-07-15
492179031985881,33.7618009,-84.3747654,atlanta,b_3758_-7809,1576683815089,180,0.442,-1.52,14:00,0.0187,0.1666,0.3849,0.1956,train,mapillary+fortyguard,True,2025-07-15
790783452119544,33.7577585,-84.3871897,atlanta,b_3757_-7811,1663085477224,265.64859247208,0.66,-0.09,14:00,0.0111,0.0291,0.0049,0.2063,test,mapillary+fortyguard,True,2025-07-15
2983458508601516,33.7537161,-84.3996141,atlanta,b_3757_-7812,1576527673169,284.57708740234,0.752,-0.41,14:00,0.0589,0.1765,0.4764,0.223,train,mapillary+fortyguard,True,2025-07-15
4510550155639719,33.7604535,-84.3963729,atlanta,b_3758_-7811,1576528385179,340.38903808594,0.588,-0.33,14:00,0.0,0.2239,0.1097,0.1685,train,mapillary+fortyguard,True,2025-07-15
1154292048390046,33.7559619,-84.3742252,atlanta,b_3757_-7810,1598722709534,180.18060302734,0.719,-1.64,14:00,0.1013,0.0834,0.4695,0.1535,train,mapillary+fortyguard,True,2025-07-15
939404493559740,33.7411398,-84.402315,atlanta,b_3756_-7814,1576351260192,162.68072509766,0.791,0.69,14:00,0.1927,0.2156,0.4485,0.0565,train,mapillary+fortyguard,True,2025-07-15
5543181135756996,33.7366482,-84.3801673,atlanta,b_3755_-7812,1576356242161,280.97637939453,0.714,0.68,14:00,0.2908,0.1951,0.4025,0.0663,train,mapillary+fortyguard,True,2025-07-15
214962466815422,33.7546144,-84.3958327,atlanta,b_3757_-7812,1576517401173,123.37078857422,0.767,-0.45,14:00,0.0,0.2463,0.2238,0.451,train,mapillary+fortyguard,True,2025-07-15
420540172448784,33.7460805,-84.3861093,atlanta,b_3756_-7812,1576519758160,178.09503173828,0.708,1.08,14:00,0.0737,0.2517,0.5145,0.0413,train,mapillary+fortyguard,True,2025-07-15
823255661656622,33.7420381,-84.3985337,atlanta,b_3756_-7813,1576777342138,355.67694091797,0.72,0.69,14:00,0.09,0.2905,0.428,0.0702,train,mapillary+fortyguard,True,2025-07-15
977176353088573,33.7375465,-84.3763859,atlanta,b_3755_-7811,1576354882171,184.70684814453,0.691,0.49,14:00,0.1812,0.2249,0.4085,0.0267,train,mapillary+fortyguard,True,2025-07-15
2846899842293650,33.7537161,-84.3790869,atlanta,b_3757_-7810,1576176162194,176.1171875,0.671,-0.6,14:00,0.0471,0.1685,0.6086,0.0614,train,mapillary+fortyguard,True,2025-07-15
1588864155064494,33.7604535,-84.3758458,atlanta,b_3758_-7809,1733248617531,275,0.746,-1.17,14:00,0.2198,0.1823,0.3862,0.0236,train,mapillary+fortyguard,True,2025-07-15
288721172931892,33.7370974,-84.3942122,atlanta,b_3755_-7813,1576518747166,179.32891845703,0.678,0.67,14:00,0.0312,0.2165,0.4034,0.2312,train,mapillary+fortyguard,True,2025-07-15
317886869744735,33.7546144,-84.3753056,atlanta,b_3757_-7810,1576524642433,133.38079833984,0.659,-1.32,14:00,0.0437,0.2419,0.3013,0.2982,train,mapillary+fortyguard,True,2025-07-15
534021410931860,33.7438347,-84.390971,atlanta,b_3756_-7812,1576175689163,105.64535522461,0.65,0.82,14:00,0.0385,0.1442,0.5461,0.0117,train,mapillary+fortyguard,True,2025-07-15
1134921073784123,33.7573094,-84.3844888,atlanta,b_3757_-7810,1662650921921,-2.0775673389435,0.601,-0.06,14:00,0.5674,0.0471,0.0085,0.0908,train,mapillary+fortyguard,True,2025-07-15
327846815514088,33.753267,-84.3969131,atlanta,b_3757_-7812,1576527545180,301.60626220703,0.753,-0.41,14:00,0.0128,0.2532,0.4474,0.2227,train,mapillary+fortyguard,True,2025-07-15
264440655386249,33.7379957,-84.3904308,atlanta,b_3755_-7813,1576169893057,344.79937744141,0.735,0.69,14:00,0.1262,0.234,0.563,0.0034,train,mapillary+fortyguard,True,2025-07-15
323093145842493,33.7555128,-84.3715242,atlanta,b_3757_-7809,1598722753610,92.9765625,0.703,-2.2,14:00,0.2747,0.1089,0.27,0.183,test,mapillary+fortyguard,True,2025-07-15
3950616371722257,33.7514704,-84.3839486,atlanta,b_3757_-7811,1576171766063,220.42224121094,0.677,0.2,14:00,0.072,0.0781,0.3117,0.4759,test,mapillary+fortyguard,True,2025-07-15
288577999626417,33.7582077,-84.3807075,atlanta,b_3757_-7810,1576181092171,89.999969482422,0.688,-0.25,14:00,0.2098,0.2289,0.285,0.1055,train,mapillary+fortyguard,True,2025-07-15
189263166380930,33.738894,-84.3866495,atlanta,b_3755_-7812,1576355623162,0.97225952148438,0.788,0.7,14:00,0.329,0.2271,0.3806,0.0109,train,mapillary+fortyguard,True,2025-07-15
495978004927124,33.7456313,-84.3834084,atlanta,b_3756_-7811,1576520514181,90.872131347656,0.753,1.09,14:00,0.2104,0.2509,0.3223,0.1395,train,mapillary+fortyguard,True,2025-07-15
486330999272671,33.7415889,-84.3958327,atlanta,b_3756_-7813,1576777321143,270.82025146484,0.708,0.68,14:00,0.1922,0.2565,0.3984,0.0559,train,mapillary+fortyguard,True,2025-07-15
114447190699284,33.7370974,-84.373685,atlanta,b_3755_-7811,1576352225181,0.64385986328125,0.727,0.34,14:00,0.3794,0.2388,0.3158,0.0302,train,mapillary+fortyguard,True,2025-07-15
660068415531703,33.7550636,-84.3893505,atlanta,b_3757_-7811,1611087231600,160.41223993542,0.711,-0.28,14:00,0.0599,0.5135,0.0981,0.2582,test,mapillary+fortyguard,True,2025-07-15
307621727692646,33.7577585,-84.3985337,atlanta,b_3757_-7812,1598710239631,91.171417236328,0.69,-0.36,14:00,0.112,0.1649,0.3962,0.1646,train,mapillary+fortyguard,True,2025-07-15
3085364085084130,33.7465296,-84.3796271,atlanta,b_3756_-7811,1576521346174,171.86663818359,0.7,0.61,14:00,0.1536,0.2327,0.5003,0.0226,train,mapillary+fortyguard,True,2025-07-15
319550076217629,33.753267,-84.3763859,atlanta,b_3757_-7810,1576524711165,178.57824707031,0.697,-1.15,14:00,0.1661,0.2157,0.3356,0.213,train,mapillary+fortyguard,True,2025-07-15
4020009111379426,33.7600043,-84.3731448,atlanta,b_3758_-7809,1623683168622,91.597717285156,0.63,-1.99,14:00,0.1526,0.1755,0.4439,0.0126,train,mapillary+fortyguard,True,2025-07-15
646610473757801,33.7559619,-84.3855692,atlanta,b_3757_-7811,1662579470356,86.483766078949,0.624,-0.13,14:00,0.0609,0.0461,0.1439,0.5839,test,mapillary+fortyguard,True,2025-07-15
2863964250533815,33.7406906,-84.3790869,atlanta,b_3756_-7811,1576356164161,187.48010253906,0.678,0.64,14:00,0.446,0.2061,0.2732,0.0313,train,mapillary+fortyguard,True,2025-07-15
643772536943473,33.7586568,-84.3947524,atlanta,b_3758_-7811,1661955348936,301.94256687164,0.615,-0.34,14:00,0.0804,0.0231,0.1761,0.5624,train,mapillary+fortyguard,True,2025-07-15
338420887812438,33.747428,-84.3758458,atlanta,b_3756_-7810,1576522417182,267.13128662109,0.713,-0.72,14:00,0.2589,0.2153,0.3273,0.0853,train,mapillary+fortyguard,True,2025-07-15
1123265134823692,33.7366482,-84.3915112,atlanta,b_3755_-7813,1576080124180,1.4291076660156,0.783,0.7,14:00,0.0587,0.2881,0.3461,0.0231,train,mapillary+fortyguard,True,2025-07-15
977699473619498,33.7501229,-84.385029,atlanta,b_3757_-7811,1611088337600,177.73337610716,0.608,0.45,14:00,0.0,0.5801,0.0386,0.3662,test,mapillary+fortyguard,True,2025-07-15
831842154080696,33.7415889,-84.3753056,atlanta,b_3756_-7811,1576355962178,2.5969848632812,0.691,0.4,14:00,0.3669,0.1458,0.2678,0.0556,train,mapillary+fortyguard,True,2025-07-15
1911543115689018,33.7375465,-84.3877299,atlanta,b_3755_-7812,1576518874180,1.4010925292969,0.79,0.72,14:00,0.1951,0.2916,0.4167,0.0258,train,mapillary+fortyguard,True,2025-07-15
150594826962021,33.7510212,-84.3812476,atlanta,b_3757_-7811,1576092146186,223.69018554688,0.629,0.09,14:00,0.194,0.2658,0.3446,0.0635,test,mapillary+fortyguard,True,2025-07-15
781546552534921,33.7577585,-84.3780065,atlanta,b_3757_-7810,1623682960782,357.54446411133,0.66,-0.72,14:00,0.0564,0.1697,0.41,0.0115,train,mapillary+fortyguard,True,2025-07-15
301610468120799,33.7469788,-84.393672,atlanta,b_3756_-7812,1576172598090,268.51849365234,0.677,0.67,14:00,0.1719,0.2572,0.2783,0.1705,train,mapillary+fortyguard,True,2025-07-15
1099114550571885,33.7564111,-84.3996141,atlanta,b_3757_-7812,1576527795169,342.26721191406,0.738,-0.38,14:00,0.0461,0.2825,0.5513,0.048,train,mapillary+fortyguard,True,2025-07-15
1183547992118511,33.7451822,-84.3807075,atlanta,b_3756_-7811,1576520967682,18.023559570312,0.7,0.79,14:00,0.1603,0.1949,0.3745,0.1238,train,mapillary+fortyguard,True,2025-07-15
632701678484464,33.7631484,-84.3963729,atlanta,b_3758_-7811,1662476093259,135.69009399414,0.413,-0.35,14:00,0.1712,0.0002,0.0006,0.2045,train,mapillary+fortyguard,True,2025-07-15
221499949381680,33.7519195,-84.3774663,atlanta,b_3757_-7810,1576523614187,358.58526611328,0.749,-0.73,14:00,0.2438,0.1632,0.4167,0.0624,train,mapillary+fortyguard,True,2025-07-15
179720420696247,33.7411398,-84.3931318,atlanta,b_3756_-7813,1576173868171,4.6607055664062,0.739,0.68,14:00,0.2031,0.2394,0.361,0.072,train,mapillary+fortyguard,True,2025-07-15
767841043927072,33.7586568,-84.3742252,atlanta,b_3758_-7809,1598722655413,202.70379638672,0.692,-1.66,14:00,0.2349,0.1008,0.2896,0.2657,train,mapillary+fortyguard,True,2025-07-15
592027756043012,33.7546144,-84.3866495,atlanta,b_3757_-7811,1663088449895,79.235036849976,0.549,-0.18,14:00,0.2564,0.0762,0.0034,0.184,test,mapillary+fortyguard,True,2025-07-15
2008245682693458,33.7613518,-84.3834084,atlanta,b_3758_-7810,1662752403605,85.629624843597,0.452,-0.02,14:00,0.1817,0.0225,0.1344,0.645,train,mapillary+fortyguard,True,2025-07-15
1605353729654301,33.7460805,-84.3769261,atlanta,b_3756_-7811,1576521874174,187.23980712891,0.68,0.01,14:00,0.2611,0.095,0.1989,0.2275,train,mapillary+fortyguard,True,2025-07-15
958878884866112,33.7353008,-84.3925916,atlanta,b_3755_-7813,1576174079174,180.74835205078,0.718,0.7,14:00,0.0891,0.2714,0.5312,0.0183,train,mapillary+fortyguard,True,2025-07-15
155889096505949,33.7420381,-84.3893505,atlanta,b_3756_-7812,1576169992094,269.51483154297,0.762,0.74,14:00,0.1395,0.2466,0.4514,0.0276,train,mapillary+fortyguard,True,2025-07-15
488694065891914,33.7487754,-84.3861093,atlanta,b_3756_-7811,1598725194522,129.05709838867,0.756,0.78,14:00,0.0677,0.2841,0.5526,0.002,train,mapillary+fortyguard,True,2025-07-15
316808766466799,33.7379957,-84.4017748,atlanta,b_3755_-7814,1576351453184,86.683227539062,0.789,0.68,14:00,0.0752,0.2271,0.5837,0.0411,test,mapillary+fortyguard,True,2025-07-15
768143504247766,33.7555128,-84.3828682,atlanta,b_3757_-7810,1663096973176,260.05794286728,0.658,-0.18,14:00,0.236,0.1057,0.0139,0.269,train,mapillary+fortyguard,True,2025-07-15
1102865816890607,33.7514704,-84.3952925,atlanta,b_3757_-7812,1576776216192,304.03887939453,0.732,-0.21,14:00,0.2406,0.2441,0.1148,0.2808,train,mapillary+fortyguard,True,2025-07-15
331998774939179,33.7402415,-84.3763859,atlanta,b_3755_-7811,1576354709167,180.79400634766,0.704,0.55,14:00,0.2314,0.152,0.3981,0.122,train,mapillary+fortyguard,True,2025-07-15
5219999794793155,33.7582077,-84.3920514,atlanta,b_3757_-7811,1662058310043,158.63817548752,0.577,-0.29,14:00,0.2487,0.138,0.0926,0.3691,test,mapillary+fortyguard,True,2025-07-15
280355837147276,33.7564111,-84.3790869,atlanta,b_3757_-7810,1576523991192,152.36877441406,0.712,-0.63,14:00,0.1754,0.2286,0.1675,0.338,train,mapillary+fortyguard,True,2025-07-15
2964244147143404,33.7370974,-84.385029,atlanta,b_3755_-7812,1576352515170,266.37860107422,0.788,0.76,14:00,0.1445,0.1628,0.4568,0.0535,train,mapillary+fortyguard,True,2025-07-15
400750214502731,33.7465296,-84.390971,atlanta,b_3756_-7812,1576526604167,216.77514648438,0.647,0.79,14:00,0.0274,0.2236,0.5095,0.0,train,mapillary+fortyguard,True,2025-07-15
2971949926459320,33.753267,-84.3877299,atlanta,b_3757_-7811,1576776626267,126.08947753906,0.673,-0.16,14:00,0.0,0.216,0.1591,0.4784,test,mapillary+fortyguard,True,2025-07-15
168645678513561,33.7424872,-84.4033954,atlanta,b_3756_-7813,1576092561184,57.476348876953,0.656,0.75,14:00,0.0192,0.2691,0.0692,0.0128,train,mapillary+fortyguard,True,2025-07-15
319362193040806,33.7379957,-84.3812476,atlanta,b_3755_-7812,1576356606173,180.57403564453,0.721,0.7,14:00,0.2538,0.0002,0.3958,0.0223,train,mapillary+fortyguard,True,2025-07-15
298189425099407,33.744733,-84.3780065,atlanta,b_3756_-7811,1576522051176,266.01196289062,0.694,0.32,14:00,0.2177,0.1564,0.3196,0.2186,train,mapillary+fortyguard,True,2025-07-15
3407596756136006,33.7626992,-84.393672,atlanta,b_3758_-7811,1662478553098,341.27626752853,0.63,-0.33,14:00,0.2066,0.0051,0.1456,0.4339,train,mapillary+fortyguard,True,2025-07-15
468931264438526,33.7514704,-84.3747654,atlanta,b_3757_-7810,1576523032182,342.26629638672,0.701,-1.39,14:00,0.2972,0.2404,0.3718,0.0121,train,mapillary+fortyguard,True,2025-07-15
846139012647376,33.7406906,-84.3904308,atlanta,b_3756_-7812,1576169916067,1.3324890136719,0.798,0.69,14:00,0.1882,0.252,0.4573,0.0422,train,mapillary+fortyguard,True,2025-07-15
1265285330594862,33.747428,-84.3871897,atlanta,b_3756_-7812,1598725110866,176.19427490234,0.657,1.01,14:00,0.108,0.0,0.2766,0.54,train,mapillary+fortyguard,True,2025-07-15
105090968960900,33.7541653,-84.3839486,atlanta,b_3757_-7811,1662579898693,228.08967256546,0.546,-0.14,14:00,0.1255,0.4504,0.0,0.0387,test,mapillary+fortyguard,True,2025-07-15
3851880731593696,33.7501229,-84.3963729,atlanta,b_3757_-7812,1576178140163,121.78088378906,0.733,0.08,14:00,0.2395,0.2284,0.3472,0.1078,train,mapillary+fortyguard,True,2025-07-15
2906272066302228,33.738894,-84.3774663,atlanta,b_3755_-7811,1576354398174,88.050720214844,0.745,0.59,14:00,0.3502,0.1834,0.2892,0.0684,train,mapillary+fortyguard,True,2025-07-15
316744813184527,33.7568602,-84.3931318,atlanta,b_3757_-7811,1576517456160,51.7607421875,0.728,-0.37,14:00,0.0045,0.2599,0.1483,0.527,test,mapillary+fortyguard,True,2025-07-15
526466762068715,33.7456313,-84.3742252,atlanta,b_3756_-7811,1576521228175,268.43438720703,0.754,-0.96,14:00,0.1968,0.2605,0.3222,0.1307,train,mapillary+fortyguard,True,2025-07-15
855991118321715,33.7415889,-84.3866495,atlanta,b_3756_-7812,1576518942176,96.857299804688,0.768,0.78,14:00,0.171,0.2919,0.4157,0.0609,train,mapillary+fortyguard,True,2025-07-15
2998353823781333,33.7483263,-84.3834084,atlanta,b_3756_-7811,1598725221521,55.604217529297,0.666,0.9,14:00,0.0273,0.1385,0.1355,0.02,train,mapillary+fortyguard,True,2025-07-15
470882837344831,33.7442839,-84.3958327,atlanta,b_3756_-7813,1576172935800,96.110595703125,0.734,0.73,14:00,0.2122,0.3126,0.2628,0.0643,train,mapillary+fortyguard,True,2025-07-15
1283408995495144,33.7618009,-84.3769261,atlanta,b_3758_-7809,1598722206339,91.526275634766,0.664,-1.03,14:00,0.365,0.223,0.3875,0.0,train,mapillary+fortyguard,True,2025-07-15
2906223496353302,33.7510212,-84.3925916,atlanta,b_3757_-7812,1611087393400,169.99886489138,0.626,-0.06,14:00,0.0497,0.5551,0.1028,0.2408,train,mapillary+fortyguard,True,2025-07-15
3777794039006352,33.7397923,-84.373685,atlanta,b_3755_-7811,1612725479000,0,0.717,0.44,14:00,0.2678,0.4023,0.1772,0.1074,train,mapillary+fortyguard,True,2025-07-15
5709079122477026,33.7577585,-84.3893505,atlanta,b_3757_-7811,1662736332550,227.2494597435,0.639,-0.17,14:00,0.0312,0.0596,0.0,0.4232,test,mapillary+fortyguard,True,2025-07-15
320261569458048,33.7559619,-84.3763859,atlanta,b_3757_-7810,1576524325168,90.8203125,0.693,-1.18,14:00,0.1843,0.2088,0.5189,0.0129,train,mapillary+fortyguard,True,2025-07-15
5859612234070917,33.7586568,-84.3855692,atlanta,b_3758_-7810,1663085279367,180.24007463455,0.626,-0.02,14:00,0.0284,0.0957,0.0131,0.4453,train,mapillary+fortyguard,True,2025-07-15
503700190991748,33.7366482,-84.382328,atlanta,b_3755_-7812,1576356667178,271.61444091797,0.719,0.73,14:00,0.2429,0.1827,0.4211,0.024,train,mapillary+fortyguard,True,2025-07-15
374844700527694,33.7546144,-84.3979935,atlanta,b_3757_-7812,1576517377170,87.625030517578,0.722,-0.45,14:00,0.0,0.2213,0.4,0.268,train,mapillary+fortyguard,True,2025-07-15
1259855578149345,33.7613518,-84.3947524,atlanta,b_3758_-7811,1662481933366,325.68900823593,0.43,-0.33,14:00,0.1802,0.0283,0.0134,0.2177,train,mapillary+fortyguard,True,2025-07-15
745818589449545,33.7528178,-84.385029,atlanta,b_3757_-7811,1576529009164,132.54800415039,0.736,-0.07,14:00,0.0421,0.2366,0.1935,0.3701,test,mapillary+fortyguard,True,2025-07-15
251831360066968,33.7595552,-84.3817878,atlanta,b_3758_-7810,1598725489638,1.3592834472656,0.754,-0.1,14:00,0.1951,0.1679,0.2908,0.188,train,mapillary+fortyguard,True,2025-07-15
1981001788731042,33.7487754,-84.3974533,atlanta,b_3756_-7812,1576178103169,356.43157958984,0.719,0.3,14:00,0.0007,0.1926,0.4555,0.2482,train,mapillary+fortyguard,True,2025-07-15
282528306908452,33.7375465,-84.3785467,atlanta,b_3755_-7812,1576356206161,290.72265625,0.688,0.62,14:00,0.3304,0.1681,0.3149,0.0646,train,mapillary+fortyguard,True,2025-07-15
815646129353583,33.7442839,-84.3753056,atlanta,b_3756_-7811,1576521611171,308.17883300781,0.59,-0.15,14:00,0.4793,0.0,0.1415,0.1023,train,mapillary+fortyguard,True,2025-07-15
1966451780214038,33.7622501,-84.390971,atlanta,b_3758_-7811,1661974507011,265.08526659012,0.5,-0.24,14:00,0.1615,0.0686,0.0096,0.4515,train,mapillary+fortyguard,True,2025-07-15
193454855840295,33.7402415,-84.3877299,atlanta,b_3755_-7812,1576518905191,1.4732360839844,0.786,0.7,14:00,0.0759,0.2678,0.4852,0.1011,train,mapillary+fortyguard,True,2025-07-15
4128136807278126,33.7604535,-84.3780065,atlanta,b_3758_-7810,1576168393070,281.98413085938,0.746,-0.7,14:00,0.2617,0.2103,0.4207,0.0582,train,mapillary+fortyguard,True,2025-07-15
987733325368093,33.7384448,-84.3747654,atlanta,b_3755_-7811,1576354443286,22.576965332031,0.709,0.47,14:00,0.3586,0.2049,0.1546,0.1947,train,mapillary+fortyguard,True,2025-07-15
915586409219127,33.7411398,-84.3839486,atlanta,b_3756_-7812,1576519160177,321.85546875,0.771,0.75,14:00,0.4138,0.1539,0.24,0.138,train,mapillary+fortyguard,True,2025-07-15
477011183610039,33.7478771,-84.3807075,atlanta,b_3756_-7811,1576520297179,177.08575439453,0.647,0.65,14:00,0.1536,0.198,0.5096,0.0073,train,mapillary+fortyguard,True,2025-07-15
1208683826257684,33.7370974,-84.3963729,atlanta,b_3755_-7813,1576351757197,91.35595703125,0.787,0.67,14:00,0.0475,0.2688,0.5074,0.1186,train,mapillary+fortyguard,True,2025-07-15
287137202896290,33.7546144,-84.3774663,atlanta,b_3757_-7810,1576524619190,87.351379394531,0.718,-0.89,14:00,0.062,0.2394,0.4662,0.1346,train,mapillary+fortyguard,True,2025-07-15
3079713222326567,33.7573094,-84.3866495,atlanta,b_3757_-7811,1663085881213,265.21861314774,0.534,-0.09,14:00,0.1451,0.0016,0.0012,0.5645,test,mapillary+fortyguard,True,2025-07-15
296414215292309,33.7600043,-84.3958327,atlanta,b_3758_-7811,1576528379159,336.93450927734,0.6,-0.33,14:00,0.0,0.2043,0.1281,0.5656,train,mapillary+fortyguard,True,2025-07-15
948329315823562,33.7487754,-84.3769261,atlanta,b_3756_-7810,1576524869181,175.12561035156,0.65,-0.46,14:00,0.1649,0.199,0.4153,0.0582,train,mapillary+fortyguard,True,2025-07-15
337394828054353,33.7379957,-84.3925916,atlanta,b_3755_-7813,1576169747073,185.45111083984,0.591,0.67,14:00,0.259,0.2167,0.366,0.0,train,mapillary+fortyguard,True,2025-07-15
1159361547867980,33.7555128,-84.373685,atlanta,b_3757_-7810,1598722367436,271.50170898438,0.71,-1.78,14:00,0.1212,0.1417,0.3381,0.2084,train,mapillary+fortyguard,True,2025-07-15
462769754828941,33.744733,-84.3893505,atlanta,b_3756_-7812,1576170500062,109.47918701172,0.695,0.89,14:00,0.0638,0.149,0.6962,0.0266,train,mapillary+fortyguard,True,2025-07-15
377883153758898,33.7582077,-84.3828682,atlanta,b_3757_-7810,1623683091768,89.372650146484,0.658,-0.07,14:00,0.3754,0.2459,0.1264,0.0742,train,mapillary+fortyguard,True,2025-07-15
499296231491501,33.7541653,-84.3952925,atlanta,b_3757_-7812,1576517410192,117.09024047852,0.784,-0.45,14:00,0.0,0.2584,0.2704,0.4274,train,mapillary+fortyguard,True,2025-07-15
471371070864224,33.7456313,-84.3855692,atlanta,b_3756_-7812,1576519775179,90.757141113281,0.739,1.09,14:00,0.1602,0.2397,0.3508,0.1549,train,mapillary+fortyguard,True,2025-07-15
166201478664249,33.7415889,-84.3979935,atlanta,b_3756_-7813,1576777339153,274.23248291016,0.661,0.68,14:00,0.1669,0.307,0.4353,0.0141,train,mapillary+fortyguard,True,2025-07-15
3986639781419590,33.7424872,-84.3942122,atlanta,b_3756_-7813,1576777259093,185.06872558594,0.583,0.7,14:00,0.1929,0.3072,0.4051,0.001,train,mapillary+fortyguard,True,2025-07-15
608130747642508,33.7626992,-84.3844888,atlanta,b_3758_-7810,1662564654512,178.94696712494,0.559,-0.01,14:00,0.1505,0.0009,0.0057,0.4705,train,mapillary+fortyguard,True,2025-07-15
801390554135828,33.747428,-84.3780065,atlanta,b_3756_-7811,1576525018182,273.12908935547,0.755,-0.06,14:00,0.0586,0.2173,0.4201,0.2037,train,mapillary+fortyguard,True,2025-07-15
780404885944693,33.7366482,-84.393672,atlanta,b_3755_-7813,1576518772172,90.643859863281,0.766,0.68,14:00,0.0112,0.3108,0.4047,0.2327,train,mapillary+fortyguard,True,2025-07-15
511374770273763,33.7541653,-84.3747654,atlanta,b_3757_-7810,1576523168181,271.72229003906,0.733,-1.47,14:00,0.2617,0.199,0.1967,0.2338,train,mapillary+fortyguard,True,2025-07-15
4029162967164672,33.7433856,-84.3904308,atlanta,b_3756_-7812,1576091922183,27.170959472656,0.697,0.81,14:00,0.0179,0.1842,0.0471,0.2681,train,mapillary+fortyguard,True,2025-07-15
1696780660722316,33.7568602,-84.3839486,atlanta,b_3757_-7810,1662649309962,98.443097114563,0.597,-0.09,14:00,0.0106,0.3015,0.0016,0.4336,train,mapillary+fortyguard,True,2025-07-15
304725941135914,33.7528178,-84.3963729,atlanta,b_3757_-7812,1576527538173,301.99700927734,0.753,-0.36,14:00,0.0,0.2662,0.5277,0.102,train,mapillary+fortyguard,True,2025-07-15
2998035010477786,33.7415889,-84.3774663,atlanta,b_3756_-7811,1576355838185,180.39050292969,0.714,0.53,14:00,0.2244,0.1559,0.3624,0.1281,train,mapillary+fortyguard,True,2025-07-15
215106810146274,33.7375465,-84.3898907,atlanta,b_3755_-7813,1576518834183,77.293884277344,0.781,0.7,14:00,0.0484,0.2919,0.5171,0.1008,train,mapillary+fortyguard,True,2025-07-15
373959844027085,33.7550636,-84.3709841,atlanta,b_3757_-7809,1598722756398,90.8583984375,0.707,-2.32,14:00,0.449,0.1227,0.15,0.0992,test,mapillary+fortyguard,True,2025-07-15
175241607845082,33.7510212,-84.3834084,atlanta,b_3757_-7811,1576171771064,221.05755615234,0.73,0.3,14:00,0.2536,0.1128,0.1683,0.4191,test,mapillary+fortyguard,True,2025-07-15
199767145295666,33.7577585,-84.3801673,atlanta,b_3757_-7810,1576183652174,180,0.722,-0.36,14:00,0.2221,0.2385,0.1808,0.3177,train,mapillary+fortyguard,True,2025-07-15
164667865493863,33.7604535,-84.3893505,atlanta,b_3758_-7811,1576517613164,0,0.719,-0.13,14:00,0.1,0.2334,0.1024,0.5032,train,mapillary+fortyguard,True,2025-07-15
4117642694946266,33.7384448,-84.3861093,atlanta,b_3755_-7812,1576355617163,0.89889526367188,0.763,0.71,14:00,0.3026,0.2277,0.3686,0.0761,train,mapillary+fortyguard,True,2025-07-15
183956476915974,33.7451822,-84.3828682,atlanta,b_3756_-7811,1576520003171,177.89904785156,0.657,1.04,14:00,0.103,0.2491,0.0875,0.4733,train,mapillary+fortyguard,True,2025-07-15
520357692668719,33.7586568,-84.3763859,atlanta,b_3758_-7810,1576767669075,267.74163818359,0.631,-1.16,14:00,0.2702,0.3143,0.3135,0.0319,train,mapillary+fortyguard,True,2025-07-15
4394759890537222,33.7478771,-84.3920514,atlanta,b_3756_-7812,1576526988175,31.373229980469,0.771,0.59,14:00,0.1849,0.2412,0.1457,0.3655,train,mapillary+fortyguard,True,2025-07-15
1203615166759165,33.7366482,-84.3731448,atlanta,b_3755_-7811,1612725530000,0,0.742,0.24,14:00,0.1257,0.3922,0.3007,0.1616,train,mapillary+fortyguard,True,2025-07-15
3724068084369441,33.7438347,-84.4044758,atlanta,b_3756_-7813,1576351179181,66.506652832031,0.731,0.8,14:00,0.0277,0.1821,0.3391,0.4131,train,mapillary+fortyguard,True,2025-07-15
900121297502731,33.7393432,-84.382328,atlanta,b_3755_-7812,1576356814189,246.27978515625,0.753,0.7,14:00,0.0869,0.1528,0.4292,0.2796,train,mapillary+fortyguard,True,2025-07-15
4569181786442654,33.7460805,-84.3790869,atlanta,b_3756_-7811,1576521352184,178.76275634766,0.72,0.51,14:00,0.2862,0.2255,0.3542,0.0279,train,mapillary+fortyguard,True,2025-07-15
933706810777014,33.7402415,-84.3785467,atlanta,b_3755_-7811,1576356168158,181.41491699219,0.72,0.62,14:00,0.3745,0.2294,0.3322,0.0198,train,mapillary+fortyguard,True,2025-07-15
1147118672825951,33.7582077,-84.3942122,atlanta,b_3757_-7811,1662492220250,82.682493686676,0.622,-0.35,14:00,0.4286,0.0,0.0168,0.1578,test,mapillary+fortyguard,True,2025-07-15
154905089843743,33.7469788,-84.3753056,atlanta,b_3756_-7810,1576521269183,274.62786865234,0.742,-0.84,14:00,0.0582,0.2491,0.5601,0.0906,train,mapillary+fortyguard,True,2025-07-15
145617917536900,33.7429364,-84.3877299,atlanta,b_3756_-7812,1576174683165,175.47198486328,0.711,0.85,14:00,0.1504,0.2834,0.4686,0.043,train,mapillary+fortyguard,True,2025-07-15
436938627890616,33.7456313,-84.3969131,atlanta,b_3756_-7813,1639683134000,70.95,0.494,0.71,14:00,0.2728,0.4821,0.0992,0.0875,train,mapillary+fortyguard,True,2025-07-15
1151056638654796,33.7631484,-84.3780065,atlanta,b_3758_-7809,1576872674049,1.2369995117188,0.72,-0.74,14:00,0.382,0.2542,0.2338,0.0286,train,mapillary+fortyguard,True,2025-07-15
827653047866159,33.7523687,-84.393672,atlanta,b_3757_-7812,1576776329154,34.874359130859,0.641,-0.27,14:00,0.0792,0.3068,0.0,0.5176,train,mapillary+fortyguard,True,2025-07-15
1211432359374870,33.7411398,-84.3747654,atlanta,b_3756_-7811,1576355956802,21.154449462891,0.695,0.42,14:00,0.4256,0.1254,0.2486,0.0363,train,mapillary+fortyguard,True,2025-07-15
151307650911734,33.759106,-84.3904308,atlanta,b_3758_-7811,1662057487787,165.17999410629,0.61,-0.21,14:00,0.0901,0.3489,0.0013,0.2838,train,mapillary+fortyguard,True,2025-07-15
132866165552185,33.7370974,-84.3871897,atlanta,b_3755_-7812,1576355553163,90.569366455078,0.766,0.74,14:00,0.0954,0.2192,0.4589,0.1659,train,mapillary+fortyguard,True,2025-07-15
2004152143058030,33.7573094,-84.3774663,atlanta,b_3757_-7810,1576523913172,274.23321533203,0.71,-0.87,14:00,0.0065,0.3091,0.3844,0.2162,train,mapillary+fortyguard,True,2025-07-15
324943729097520,33.7465296,-84.3931318,atlanta,b_3756_-7812,1576777029176,269.53448486328,0.74,0.67,14:00,0.1336,0.2573,0.4269,0.0927,train,mapillary+fortyguard,True,2025-07-15
895019318013958,33.7559619,-84.3990739,atlanta,b_3757_-7812,1576527793172,333.48797607422,0.708,-0.41,14:00,0.027,0.3279,0.5475,0.0466,train,mapillary+fortyguard,True,2025-07-15
1150549592085834,33.744733,-84.3801673,atlanta,b_3756_-7811,1576520949173,356.45666503906,0.709,0.8,14:00,0.3834,0.1786,0.2477,0.0353,train,mapillary+fortyguard,True,2025-07-15
1974691179391908,33.7626992,-84.3958327,atlanta,b_3758_-7811,1661886558466,350.59810161591,0.722,-0.34,14:00,0.0234,0.1395,0.2619,0.3165,train,mapillary+fortyguard,True,2025-07-15
305508837814060,33.7514704,-84.3769261,atlanta,b_3757_-7810,1576524740193,181.22131347656,0.75,-0.84,14:00,0.1168,0.2128,0.4406,0.1336,train,mapillary+fortyguard,True,2025-07-15
401890970832908,33.7582077,-84.373685,atlanta,b_3757_-7809,1598722610459,88.000183105469,0.655,-1.81,14:00,0.2858,0.2082,0.4716,0.0068,test,mapillary+fortyguard,True,2025-07-15
2902976596604702,33.747428,-84.3893505,atlanta,b_3756_-7812,1576525852185,127.51168823242,0.722,0.83,14:00,0.0604,0.2274,0.3198,0.2908,train,mapillary+fortyguard,True,2025-07-15
5614401588627054,33.7541653,-84.3861093,atlanta,b_3757_-7811,1662580199136,268.72617006302,0.642,-0.15,14:00,0.0032,0.1287,0.0132,0.646,test,mapillary+fortyguard,True,2025-07-15
491474618641903,33.7433856,-84.4017748,atlanta,b_3756_-7813,1576172803065,64.310638427734,0.776,0.76,14:00,0.2271,0.2967,0.3936,0.0385,train,mapillary+fortyguard,True,2025-07-15
858891548364890,33.7609026,-84.3828682,atlanta,b_3758_-7810,1662752429713,85.056407928467,0.552,-0.05,14:00,0.1099,0.0139,0.1137,0.6634,train,mapillary+fortyguard,True,2025-07-15
950448659123653,33.7456313,-84.3763859,atlanta,b_3756_-7811,1576521706170,9.5592956542969,0.723,-0.18,14:00,0.2465,0.2155,0.2849,0.1752,train,mapillary+fortyguard,True,2025-07-15
825681784724554,33.7415889,-84.3888103,atlanta,b_3756_-7812,1576174709179,273.73944091797,0.739,0.75,14:00,0.1246,0.1919,0.4275,0.0269,train,mapillary+fortyguard,True,2025-07-15
222254009666802,33.7483263,-84.3855692,atlanta,b_3756_-7811,1576091985155,61.972473144531,0.728,0.91,14:00,0.0,0.2402,0.4139,0.1882,train,mapillary+fortyguard,True,2025-07-15
968498700556753,33.7442839,-84.3979935,atlanta,b_3756_-7813,1576178040162,74.101501464844,0.674,0.74,14:00,0.1912,0.2392,0.4102,0.034,train,mapillary+fortyguard,True,2025-07-15
1941917115960135,33.7510212,-84.3947524,atlanta,b_3757_-7812,1576776207160,303.11700439453,0.745,-0.11,14:00,0.1873,0.3001,0.0848,0.3881,train,mapillary+fortyguard,True,2025-07-15
292870555648016,33.7397923,-84.3758458,atlanta,b_3755_-7811,1576354852162,178.14434814453,0.668,0.54,14:00,0.3022,0.2096,0.3252,0.0869,train,mapillary+fortyguard,True,2025-07-15
549607560256573,33.7577585,-84.3915112,atlanta,b_3757_-7811,1662047122194,127.61925458908,0.628,-0.31,14:00,0.1967,0.2164,0.0,0.0974,test,mapillary+fortyguard,True,2025-07-15
2544407519202235,33.7357499,-84.3882701,atlanta,b_3755_-7813,1576351942172,3.3109130859375,0.728,0.76,14:00,0.1544,0.1896,0.4579,0.0856,train,mapillary+fortyguard,True,2025-07-15
145306570942169,33.7366482,-84.3844888,atlanta,b_3755_-7812,1576352511172,271.60186767578,0.772,0.76,14:00,0.2249,0.1608,0.3828,0.0883,train,mapillary+fortyguard,True,2025-07-15
850085282252281,33.7546144,-84.4001542,atlanta,b_3757_-7812,1576527689190,52.91015625,0.688,-0.41,14:00,0.0,0.2725,0.5439,0.1462,train,mapillary+fortyguard,True,2025-07-15
508373473682002,33.7501229,-84.3780065,atlanta,b_3757_-7810,1598723096206,259.36376953125,0.784,-0.52,14:00,0.4846,0.132,0.1984,0.1516,train,mapillary+fortyguard,True,2025-07-15
787554235465795,33.7393432,-84.393672,atlanta,b_3755_-7813,1576173855182,358.83807373047,0.767,0.66,14:00,0.2372,0.2822,0.4123,0.0381,train,mapillary+fortyguard,True,2025-07-15
304456071247020,33.7568602,-84.3747654,atlanta,b_3757_-7810,1598722397467,359.01187133789,0.708,-1.48,14:00,0.4645,0.1166,0.2149,0.0002,train,mapillary+fortyguard,True,2025-07-15
456177362166560,33.7460805,-84.3904308,atlanta,b_3756_-7812,1576093686194,257.69683837891,0.721,0.86,14:00,0.0709,0.1725,0.287,0.0413,train,mapillary+fortyguard,True,2025-07-15
449299246187563,33.7420381,-84.4028552,atlanta,b_3756_-7813,1576351250199,162.83612060547,0.752,0.72,14:00,0.1365,0.1578,0.3962,0.182,train,mapillary+fortyguard,True,2025-07-15
931366004379774,33.7375465,-84.3807075,atlanta,b_3755_-7812,1576352433174,270.64392089844,0.732,0.69,14:00,0.4086,0.235,0.3141,0.0181,train,mapillary+fortyguard,True,2025-07-15
480995143245090,33.7442839,-84.3774663,atlanta,b_3756_-7811,1576521451182,124.34484863281,0.729,0.25,14:00,0.3511,0.1876,0.2233,0.0997,train,mapillary+fortyguard,True,2025-07-15
316047386712881,33.7537161,-84.3834084,atlanta,b_3757_-7811,1576528871159,307.98010253906,0.723,-0.13,14:00,0.0543,0.2118,0.1249,0.5398,test,mapillary+fortyguard,True,2025-07-15
816709628938966,33.7496737,-84.3958327,atlanta,b_3757_-7812,1576178214165,27.956146240234,0.752,0.19,14:00,0.07,0.2281,0.5204,0.0682,train,mapillary+fortyguard,True,2025-07-15
1249942962439629,33.7564111,-84.3925916,atlanta,b_3757_-7811,1662046899637,313.14792346954,0.573,-0.37,14:00,0.3669,0.0063,0.0581,0.3762,test,mapillary+fortyguard,True,2025-07-15
323902565763555,33.7411398,-84.3861093,atlanta,b_3756_-7812,1576519184533,314.06610107422,0.695,0.75,14:00,0.2535,0.1785,0.2902,0.074,train,mapillary+fortyguard,True,2025-07-15
1905571979602227,33.7370974,-84.3985337,atlanta,b_3755_-7814,1576351741182,93.733337402344,0.786,0.67,14:00,0.2175,0.1885,0.4768,0.0376,test,mapillary+fortyguard,True,2025-07-15
201670308297732,33.7546144,-84.3796271,atlanta,b_3757_-7810,1576524179165,103.52551269531,0.735,-0.53,14:00,0.1024,0.2936,0.3735,0.0763,train,mapillary+fortyguard,True,2025-07-15
740013306669196,33.7613518,-84.3763859,atlanta,b_3758_-7809,1576683863191,339.82940673828,0.737,-1.02,14:00,0.2184,0.1656,0.4989,0.0337,train,mapillary+fortyguard,True,2025-07-15
594703691491472,33.7393432,-84.3731448,atlanta,b_3755_-7811,1612725487000,0,0.693,0.43,14:00,0.2593,0.362,0.1936,0.0584,train,mapillary+fortyguard,True,2025-07-15
940704370052631,33.7353008,-84.3855692,atlanta,b_3755_-7812,1576352566039,264.9716796875,0.705,0.79,14:00,0.1075,0.1502,0.4597,0.151,train,mapillary+fortyguard,True,2025-07-15
109046631257919,33.7420381,-84.382328,atlanta,b_3756_-7812,1576355696160,97.794097900391,0.768,0.8,14:00,0.444,0.175,0.1949,0.0886,train,mapillary+fortyguard,True,2025-07-15
272407081275152,33.744733,-84.3915112,atlanta,b_3756_-7812,1576091871168,220.58239746094,0.497,0.81,14:00,0.1135,0.2941,0.2813,0.0513,train,mapillary+fortyguard,True,2025-07-15
5678217952230696,33.7609026,-84.3942122,atlanta,b_3758_-7811,1661887561447,312.48972034454,0.504,-0.32,14:00,0.0689,0.0203,0.0,0.3033,train,mapillary+fortyguard,True,2025-07-15
301989074919681,33.738894,-84.390971,atlanta,b_3755_-7813,1576169900099,350.90106201172,0.763,0.68,14:00,0.08,0.239,0.5658,0.0208,train,mapillary+fortyguard,True,2025-07-15
3078639335702712,33.7564111,-84.3720644,atlanta,b_3757_-7809,1576180428182,180.54132080078,0.707,-2.09,14:00,0.0386,0.1488,0.4402,0.2195,test,mapillary+fortyguard,True,2025-07-15
752042702172396,33.7523687,-84.3844888,atlanta,b_3757_-7811,1576528809166,42.865264892578,0.731,0.0,14:00,0.1116,0.2252,0.2976,0.3118,test,mapillary+fortyguard,True,2025-07-15
816003345958884,33.7483263,-84.3969131,atlanta,b_3756_-7812,1576178193183,31.839599609375,0.77,0.4,14:00,0.0,0.2255,0.3476,0.3696,train,mapillary+fortyguard,True,2025-07-15
1568192670193089,33.7370974,-84.3780065,atlanta,b_3755_-7812,1576354976172,0.55401611328125,0.744,0.59,14:00,0.3685,0.2138,0.2763,0.0658,train,mapillary+fortyguard,True,2025-07-15
951013769052055,33.7550636,-84.393672,atlanta,b_3757_-7811,1576517437172,16.783020019531,0.745,-0.44,14:00,0.0,0.2478,0.4553,0.2318,test,mapillary+fortyguard,True,2025-07-15
5656742367753898,33.7465296,-84.3839486,atlanta,b_3756_-7811,1611087558600,46.722100266436,0.635,1.08,14:00,0.1259,0.5815,0.2283,0.0258,train,mapillary+fortyguard,True,2025-07-15
299875285136595,33.7600043,-84.3774663,atlanta,b_3758_-7809,1623683144698,72.335998535156,0.699,-0.85,14:00,0.1539,0.1394,0.4419,0.0236,train,mapillary+fortyguard,True,2025-07-15
191465116164621,33.7492246,-84.3931318,atlanta,b_3756_-7812,1576527081172,303.48370361328,0.735,0.24,14:00,0.0815,0.2289,0.2968,0.2739,train,mapillary+fortyguard,True,2025-07-15
934433947113418,33.7379957,-84.3742252,atlanta,b_3755_-7811,1576352239169,266.37860107422,0.694,0.41,14:00,0.4271,0.1461,0.2624,0.0485,train,mapillary+fortyguard,True,2025-07-15
465232844753955,33.7559619,-84.3898907,atlanta,b_3757_-7811,1576178319154,44.598785400391,0.701,-0.29,14:00,0.0315,0.1503,0.0707,0.5859,test,mapillary+fortyguard,True,2025-07-15
224110525747588,33.7406906,-84.3834084,atlanta,b_3756_-7812,1576357097171,88.398040771484,0.726,0.72,14:00,0.4422,0.0172,0.1791,0.103,train,mapillary+fortyguard,True,2025-07-15
4117544501637800,33.747428,-84.3801673,atlanta,b_3756_-7811,1576525126185,274.98071289062,0.698,0.62,14:00,0.3058,0.2394,0.3672,0.0314,train,mapillary+fortyguard,True,2025-07-15
476732000110252,33.7541653,-84.3769261,atlanta,b_3757_-7810,1576523679298,358.35778808594,0.652,-1.02,14:00,0.0,0.1048,0.4268,0.2643,train,mapillary+fortyguard,True,2025-07-15
1393876467651434,33.7433856,-84.3925916,atlanta,b_3756_-7812,1576172968096,171.55395507812,0.563,0.75,14:00,0.2925,0.2296,0.3196,0.005,train,mapillary+fortyguard,True,2025-07-15
109324215257890,33.7568602,-84.3861093,atlanta,b_3757_-7811,1663086510530,87.203085899353,0.598,-0.1,14:00,0.1122,0.3747,0.0,0.4127,test,mapillary+fortyguard,True,2025-07-15
750883908926918,33.7483263,-84.3763859,atlanta,b_3756_-7810,1576522519181,265.36468505859,0.647,-0.68,14:00,0.0933,0.2129,0.2786,0.3099,train,mapillary+fortyguard,True,2025-07-15
325729338944631,33.7550636,-84.3731448,atlanta,b_3757_-7810,1598722359480,269.10925292969,0.718,-1.92,14:00,0.5809,0.1467,0.0206,0.0707,train,mapillary+fortyguard,True,2025-07-15
605737241020419,33.7577585,-84.382328,atlanta,b_3757_-7810,1663098592328,-1.6300444602966,0.695,-0.13,14:00,0.1831,0.1843,0.0613,0.3185,train,mapillary+fortyguard,True,2025-07-15
815378576061456,33.7537161,-84.3947524,atlanta,b_3757_-7812,1576517413156,120.31335449219,0.76,-0.43,14:00,0.0,0.2582,0.2563,0.3943,train,mapillary+fortyguard,True,2025-07-15
1185937665169451,33.7424872,-84.3758458,atlanta,b_3756_-7811,1576356037176,273.23907470703,0.66,0.3,14:00,0.3307,0.1404,0.2935,0.0876,train,mapillary+fortyguard,True,2025-07-15
461901849169204,33.7604535,-84.3915112,atlanta,b_3758_-7811,1662061156504,181.59528493881,0.608,-0.25,14:00,0.1554,0.1277,0.0148,0.2219,train,mapillary+fortyguard,True,2025-07-15
172997324734235,33.7384448,-84.3882701,atlanta,b_3755_-7812,1576518881168,0.82144165039062,0.796,0.7,14:00,0.0451,0.2801,0.5914,0.0428,train,mapillary+fortyguard,True,2025-07-15
1296973127371866,33.7451822,-84.385029,atlanta,b_3756_-7812,1576519921183,348.54974365234,0.715,1.07,14:00,0.127,0.2332,0.4807,0.0615,train,mapillary+fortyguard,True,2025-07-15
684667602939347,33.7478771,-84.3942122,atlanta,b_3756_-7812,1639683071000,211.87,0.707,0.52,14:00,0.0933,0.1129,0.2162,0.4708,train,mapillary+fortyguard,True,2025-07-15
289224406011167,33.7366482,-84.3753056,atlanta,b_3755_-7811,1576352156176,89.999969482422,0.736,0.42,14:00,0.3685,0.1699,0.3015,0.0732,train,mapillary+fortyguard,True,2025-07-15
128235573286102,33.7546144,-84.390971,atlanta,b_3757_-7811,1662041649402,116.65624523163,0.56,-0.37,14:00,0.2029,0.3505,0.0134,0.389,test,mapillary+fortyguard,True,2025-07-15
133475929420039,33.7613518,-84.3877299,atlanta,b_3758_-7810,1663078973730,337.53434181213,0.685,-0.07,14:00,0.5363,0.0186,0.0166,0.3523,train,mapillary+fortyguard,True,2025-07-15
484608369525223,33.7460805,-84.3812476,atlanta,b_3756_-7811,1576520774185,180.50146484375,0.691,0.88,14:00,0.2018,0.2227,0.3531,0.0948,train,mapillary+fortyguard,True,2025-07-15
1412984475775097,33.7555128,-84.3871897,atlanta,b_3757_-7811,1662572098670,145.57512331009,0.563,-0.2,14:00,0.0262,0.0814,0.0,0.6256,test,mapillary+fortyguard,True,2025-07-15
1777370202603916,33.7622501,-84.3839486,atlanta,b_3758_-7810,1662647397442,175.0348443985,0.641,-0.01,14:00,0.2742,0.2966,0.0375,0.121,train,mapillary+fortyguard,True,2025-07-15
877902093067715,33.7582077,-84.3963729,atlanta,b_3757_-7811,1598710257651,88.170623779297,0.692,-0.36,14:00,0.0221,0.1091,0.1324,0.5538,test,mapillary+fortyguard,True,2025-07-15
472296284025813,33.7469788,-84.3774663,atlanta,b_3756_-7811,1576521313191,268.96398925781,0.756,-0.18,14:00,0.0281,0.2773,0.3749,0.2953,train,mapillary+fortyguard,True,2025-07-15
300256394967870,33.7537161,-84.3742252,atlanta,b_3757_-7810,1576523164170,272.24603271484,0.753,-1.62,14:00,0.2614,0.1724,0.2347,0.2,train,mapillary+fortyguard,True,2025-07-15
541207550597174,33.7429364,-84.3898907,atlanta,b_3756_-7812,1576169935068,66.866027832031,0.749,0.8,14:00,0.1973,0.2748,0.5121,0.0,train,mapillary+fortyguard,True,2025-07-15
502017581157968,33.738894,-84.402315,atlanta,b_3755_-7814,1576351276183,161.28405761719,0.77,0.67,14:00,0.0505,0.2061,0.5004,0.1566,test,mapillary+fortyguard,True,2025-07-15
1612222452501785,33.7523687,-84.3958327,atlanta,b_3757_-7812,1576776253084,50.325531005859,0.739,-0.3,14:00,0.0,0.3351,0.2267,0.3936,train,mapillary+fortyguard,True,2025-07-15
2982641478658746,33.7411398,-84.3769261,atlanta,b_3756_-7811,1576355880168,79.997222900391,0.729,0.52,14:00,0.2321,0.1489,0.2162,0.2898,train,mapillary+fortyguard,True,2025-07-15
403008938578844,33.759106,-84.3925916,atlanta,b_3758_-7811,1662492444066,256.82971477509,0.657,-0.28,14:00,0.6078,0.0002,0.2092,0.1406,train,mapillary+fortyguard,True,2025-07-15
1193868591061889,33.7370974,-84.3893505,atlanta,b_3755_-7813,1576518836184,87.742156982422,0.786,0.72,14:00,0.0613,0.288,0.5827,0.0149,train,mapillary+fortyguard,True,2025-07-15
141668054553753,33.7465296,-84.3952925,atlanta,b_3756_-7812,1576777043156,264.27691650391,0.677,0.68,14:00,0.0177,0.3445,0.2309,0.3455,train,mapillary+fortyguard,True,2025-07-15
301847618153908,33.744733,-84.382328,atlanta,b_3756_-7811,1576520007695,209.55090332031,0.694,1.0,14:00,0.1259,0.1822,0.2834,0.3151,train,mapillary+fortyguard,True,2025-07-15
828375444455635,33.7514704,-84.3790869,atlanta,b_3757_-7810,1576523430175,90.710357666016,0.723,-0.36,14:00,0.0004,0.2145,0.3909,0.2722,train,mapillary+fortyguard,True,2025-07-15
1233070773818145,33.7406906,-84.3947524,atlanta,b_3756_-7813,1576518709172,182.52502441406,0.612,0.67,14:00,0.2947,0.2402,0.2691,0.0919,train,mapillary+fortyguard,True,2025-07-15
746188169376195,33.7582077,-84.3758458,atlanta,b_3757_-7810,1576767682099,178.21423339844,0.583,-1.16,14:00,0.3058,0.3206,0.2458,0.085,train,mapillary+fortyguard,True,2025-07-15
281433413709153,33.7541653,-84.3882701,atlanta,b_3757_-7811,1576529668168,221.72961425781,0.714,-0.22,14:00,0.0162,0.2276,0.1,0.5408,test,mapillary+fortyguard,True,2025-07-15
1364122070638256,33.738894,-84.3817878,atlanta,b_3755_-7812,1576356598158,184.01416015625,0.746,0.69,14:00,0.1838,0.202,0.4025,0.1579,train,mapillary+fortyguard,True,2025-07-15
499713824636274,33.7456313,-84.3785467,atlanta,b_3756_-7811,1576521941176,89.999969482422,0.7,0.41,14:00,0.2878,0.1507,0.382,0.0009,train,mapillary+fortyguard,True,2025-07-15
2812853445631373,33.7523687,-84.3753056,atlanta,b_3757_-7810,1576523038168,342.83807373047,0.717,-1.44,14:00,0.2463,0.1794,0.369,0.0098,train,mapillary+fortyguard,True,2025-07-15
2019389981602222,33.7550636,-84.3844888,atlanta,b_3757_-7811,1663097226471,175.54660749435,0.662,-0.14,14:00,0.1714,0.2458,0.1367,0.1742,test,mapillary+fortyguard,True,2025-07-15
587920135641387,33.7442839,-84.4001542,atlanta,b_3756_-7813,1639683150000,62.25,0.465,0.76,14:00,0.0144,0.528,0.1974,0.0981,train,mapillary+fortyguard,True,2025-07-15
850546132513341,33.7510212,-84.3969131,atlanta,b_3757_-7812,1576527458758,358.63916015625,0.726,-0.12,14:00,0.0214,0.2108,0.1718,0.4847,train,mapillary+fortyguard,True,2025-07-15
474596617098552,33.7397923,-84.3780065,atlanta,b_3755_-7811,1576354809156,81.050720214844,0.729,0.6,14:00,0.2708,0.1432,0.3546,0.1084,train,mapillary+fortyguard,True,2025-07-15
1854003168091322,33.7465296,-84.3747654,atlanta,b_3756_-7810,1576521249166,5.6341552734375,0.669,-0.92,14:00,0.1841,0.1698,0.4826,0.0098,train,mapillary+fortyguard,True,2025-07-15
470723944232828,33.7357499,-84.3904308,atlanta,b_3755_-7813,1576351844165,181.71655273438,0.73,0.72,14:00,0.0384,0.2094,0.4037,0.2589,train,mapillary+fortyguard,True,2025-07-15
512012813157969,33.7451822,-84.3963729,atlanta,b_3756_-7813,1576170465103,79.555145263672,0.69,0.72,14:00,0.0067,0.1004,0.5361,0.3093,train,mapillary+fortyguard,True,2025-07-15
2938621886391695,33.7626992,-84.3774663,atlanta,b_3758_-7809,1576872656047,266.59222412109,0.684,-0.88,14:00,0.2153,0.1852,0.2844,0.1859,train,mapillary+fortyguard,True,2025-07-15
2589279108043080,33.7519195,-84.3931318,atlanta,b_3757_-7812,1576527142179,36.702270507812,0.725,-0.26,14:00,0.1661,0.0797,0.1138,0.4404,train,mapillary+fortyguard,True,2025-07-15
1140940506500417,33.7586568,-84.3898907,atlanta,b_3758_-7811,1662732702557,42.344214916229,0.658,-0.19,14:00,0.0336,0.0635,0.0185,0.7798,train,mapillary+fortyguard,True,2025-07-15
148782167211694,33.7366482,-84.3866495,atlanta,b_3755_-7812,1576355557170,85.953857421875,0.734,0.77,14:00,0.0301,0.2107,0.4637,0.2142,train,mapillary+fortyguard,True,2025-07-15
923093265180285,33.7501229,-84.3801673,atlanta,b_3757_-7811,1576522952167,89.33740234375,0.736,0.1,14:00,0.0621,0.2525,0.386,0.2573,test,mapillary+fortyguard,True,2025-07-15
4626780387348486,33.7568602,-84.3769261,atlanta,b_3757_-7810,1576523850188,0,0.731,-1.02,14:00,0.2505,0.225,0.4025,0.0517,train,mapillary+fortyguard,True,2025-07-15
494098738830420,33.7595552,-84.3861093,atlanta,b_3758_-7810,1663085235046,167.23067760468,0.675,-0.0,14:00,0.2703,0.2233,0.0459,0.1796,train,mapillary+fortyguard,True,2025-07-15
162113102585067,33.7555128,-84.3985337,atlanta,b_3757_-7812,1576517308182,210.29522705078,0.736,-0.43,14:00,0.0,0.2245,0.5116,0.1473,train,mapillary+fortyguard,True,2025-07-15
134961841912606,33.7442839,-84.3796271,atlanta,b_3756_-7811,1576520928177,268.21087646484,0.667,0.71,14:00,0.3422,0.2195,0.3129,0.0122,train,mapillary+fortyguard,True,2025-07-15
411239641140006,33.7622501,-84.3952925,atlanta,b_3758_-7811,1662476166276,129.71234560013,0.74,-0.34,14:00,0.201,0.1121,0.226,0.3237,train,mapillary+fortyguard,True,2025-07-15
549343786439291,33.7510212,-84.3763859,atlanta,b_3757_-7810,1576523356174,180.50146484375,0.722,-1.02,14:00,0.072,0.2195,0.4153,0.1593,train,mapillary+fortyguard,True,2025-07-15
476742420080230,33.7577585,-84.3731448,atlanta,b_3757_-7809,1598722624372,1.7884826660156,0.696,-1.96,14:00,0.6637,0.1799,0.1552,0.0,test,mapillary+fortyguard,True,2025-07-15
160795815981600,33.7469788,-84.3888103,atlanta,b_3756_-7812,1576174633184,94.812072753906,0.761,0.88,14:00,0.0761,0.265,0.3913,0.1772,train,mapillary+fortyguard,True,2025-07-15
159719536013707,33.7604535,-84.382328,atlanta,b_3758_-7810,1576683605123,0.85821533203125,0.73,-0.05,14:00,0.1398,0.1834,0.2771,0.2389,train,mapillary+fortyguard,True,2025-07-15
811821899711809,33.7496737,-84.3979935,atlanta,b_3757_-7812,1576178113167,21.34521484375,0.726,0.2,14:00,0.2507,0.1895,0.1251,0.3538,train,mapillary+fortyguard,True,2025-07-15
121935953261668,33.7384448,-84.3790869,atlanta,b_3755_-7812,1576354988171,327.96044921875,0.719,0.65,14:00,0.3829,0.1892,0.3235,0.0152,train,mapillary+fortyguard,True,2025-07-15
757333231596831,33.7451822,-84.3758458,atlanta,b_3756_-7811,1576521643192,12.777252197266,0.694,-0.25,14:00,0.327,0.2072,0.2642,0.102,train,mapillary+fortyguard,True,2025-07-15
188084510360574,33.7631484,-84.3915112,atlanta,b_3758_-7811,1661974627479,354.47064828873,0.676,-0.27,14:00,0.4562,0.0076,0.0399,0.3197,train,mapillary+fortyguard,True,2025-07-15
462251231553464,33.7411398,-84.3882701,atlanta,b_3756_-7812,1576518912183,0,0.759,0.73,14:00,0.1013,0.2628,0.4126,0.1434,train,mapillary+fortyguard,True,2025-07-15
158481316221101,33.750572,-84.3942122,atlanta,b_3757_-7812,1576527109156,40.110961914062,0.742,0.01,14:00,0.1965,0.1806,0.3452,0.1155,train,mapillary+fortyguard,True,2025-07-15
1682146078650014,33.7393432,-84.3753056,atlanta,b_3755_-7811,1576354450185,358.44671630859,0.681,0.52,14:00,0.5483,0.0979,0.149,0.0215,train,mapillary+fortyguard,True,2025-07-15
812048126082204,33.7353008,-84.3877299,atlanta,b_3755_-7813,1576351933166,358.29876708984,0.745,0.77,14:00,0.3173,0.2172,0.312,0.0767,train,mapillary+fortyguard,True,2025-07-15
141347714639825,33.7420381,-84.3844888,atlanta,b_3756_-7812,1576519328185,91.547943115234,0.753,0.83,14:00,0.0521,0.2767,0.5257,0.0734,train,mapillary+fortyguard,True,2025-07-15
780139366207176,33.7622501,-84.3747654,atlanta,b_3758_-7809,1576872012088,180.48114013672,0.616,-1.52,14:00,0.2511,0.2642,0.3054,0.1108,train,mapillary+fortyguard,True,2025-07-15
1528744320891629,33.7582077,-84.3871897,atlanta,b_3757_-7811,1662566945100,86.435613632202,0.484,-0.09,14:00,0.331,0.0003,0.0,0.2302,test,mapillary+fortyguard,True,2025-07-15
373060954110662,33.7541653,-84.3996141,atlanta,b_3757_-7812,1576527665180,201.84429931641,0.709,-0.41,14:00,0.0533,0.2798,0.3973,0.2479,train,mapillary+fortyguard,True,2025-07-15
478808416675609,33.7609026,-84.3963729,atlanta,b_3758_-7811,1576528391176,334.05004882812,0.683,-0.33,14:00,0.0,0.2205,0.0873,0.2448,train,mapillary+fortyguard,True,2025-07-15
4837174982976131,33.7456313,-84.3898907,atlanta,b_3756_-7812,1576176247207,185.21087646484,0.605,0.88,14:00,0.0028,0.2351,0.3414,0.0,train,mapillary+fortyguard,True,2025-07-15
508955116912838,33.7438347,-84.3769261,atlanta,b_3756_-7811,1576092824180,273.34997558594,0.75,0.33,14:00,0.3023,0.2225,0.3745,0.0002,train,mapillary+fortyguard,True,2025-07-15
3416682231903474,33.7465296,-84.3861093,atlanta,b_3756_-7812,1611087545600,46.722100673521,0.638,1.07,14:00,0.1082,0.5916,0.2106,0.0338,train,mapillary+fortyguard,True,2025-07-15
236887141569618,33.7357499,-84.4017748,atlanta,b_3755_-7814,1576351642166,308.10467529297,0.747,0.7,14:00,0.0864,0.239,0.4529,0.1776,test,mapillary+fortyguard,True,2025-07-15
486429396010966,33.7424872,-84.3985337,atlanta,b_3756_-7813,1576777345120,2.736083984375,0.775,0.71,14:00,0.1028,0.317,0.3185,0.1644,train,mapillary+fortyguard,True,2025-07-15
491630338648906,33.7379957,-84.3763859,atlanta,b_3755_-7811,1576352267167,270.68896484375,0.707,0.51,14:00,0.2292,0.0892,0.3442,0.1566,train,mapillary+fortyguard,True,2025-07-15
136243432447802,33.7559619,-84.3920514,atlanta,b_3757_-7811,1662046757472,312.95528030396,0.642,-0.37,14:00,0.3417,0.0201,0.0826,0.4142,test,mapillary+fortyguard,True,2025-07-15
163874232344788,33.7626992,-84.3888103,atlanta,b_3758_-7810,1576087595170,357.35565185547,0.747,-0.15,14:00,0.3894,0.2068,0.2266,0.08,train,mapillary+fortyguard,True,2025-07-15
753642771858699,33.747428,-84.382328,atlanta,b_3756_-7811,1576525148203,287.39013671875,0.756,0.91,14:00,0.322,0.2409,0.2919,0.0679,train,mapillary+fortyguard,True,2025-07-15
320837019477795,33.7366482,-84.3979935,atlanta,b_3755_-7814,1576351742176,93.251525878906,0.791,0.68,14:00,0.248,0.1672,0.4402,0.0214,test,mapillary+fortyguard,True,2025-07-15
222241469280515,33.7541653,-84.3790869,atlanta,b_3757_-7810,1576171664099,280.10327148438,0.746,-0.63,14:00,0.0,0.1076,0.5804,0.2685,train,mapillary+fortyguard,True,2025-07-15
837048060496897,33.7433856,-84.3947524,atlanta,b_3756_-7813,1576777246091,180.38116455078,0.446,0.73,14:00,0.2641,0.3226,0.2838,0.1062,train,mapillary+fortyguard,True,2025-07-15
1179535769570398,33.7568602,-84.3882701,atlanta,b_3757_-7811,1662568327059,200.85585403442,0.684,-0.19,14:00,0.1995,0.1324,0.0568,0.395,test,mapillary+fortyguard,True,2025-07-15
166281755410010,33.7375465,-84.3942122,atlanta,b_3755_-7813,1576518742182,180,0.748,0.67,14:00,0.0711,0.2602,0.4661,0.1165,train,mapillary+fortyguard,True,2025-07-15
173627928572338,33.7577585,-84.3844888,atlanta,b_3757_-7810,1663099173958,-4.6232413649559,0.679,-0.03,14:00,0.284,0.0564,0.005,0.3333,train,mapillary+fortyguard,True,2025-07-15
2875071862732068,33.7424872,-84.3780065,atlanta,b_3756_-7811,1576356107182,283.66223144531,0.673,0.51,14:00,0.4083,0.1465,0.2676,0.0767,train,mapillary+fortyguard,True,2025-07-15
551490305839505,33.7519195,-84.3839486,atlanta,b_3757_-7811,1576091211167,292.24090576172,0.715,0.09,14:00,0.0035,0.1503,0.3533,0.3455,test,mapillary+fortyguard,True,2025-07-15
974018443385133,33.7586568,-84.3807075,atlanta,b_3758_-7810,1623683118680,70.0029296875,0.695,-0.24,14:00,0.2751,0.1517,0.2573,0.0034,train,mapillary+fortyguard,True,2025-07-15
318452183033240,33.7366482,-84.3774663,atlanta,b_3755_-7812,1576354954163,271.37774658203,0.718,0.55,14:00,0.2948,0.1991,0.3362,0.0886,train,mapillary+fortyguard,True,2025-07-15
477678200132595,33.7613518,-84.3898907,atlanta,b_3758_-7811,1576871023081,92.296020507812,0.646,-0.17,14:00,0.0287,0.2748,0.0087,0.6335,train,mapillary+fortyguard,True,2025-07-15
955338105276650,33.7393432,-84.3866495,atlanta,b_3755_-7812,1576357003168,8.1591186523438,0.784,0.7,14:00,0.3018,0.1995,0.4255,0.0319,train,mapillary+fortyguard,True,2025-07-15
517450439281418,33.7460805,-84.3834084,atlanta,b_3756_-7811,1576520496172,178.98645019531,0.758,1.09,14:00,0.3126,0.2551,0.2929,0.0358,train,mapillary+fortyguard,True,2025-07-15
829082757747406,33.7595552,-84.3769261,atlanta,b_3758_-7809,1623683145629,75.313903808594,0.682,-1.0,14:00,0.1528,0.1673,0.4398,0.028,train,mapillary+fortyguard,True,2025-07-15
2908955642694193,33.7487754,-84.3925916,atlanta,b_3756_-7812,1576777161115,214.04211425781,0.723,0.37,14:00,0.0795,0.2719,0.2605,0.2879,train,mapillary+fortyguard,True,2025-07-15
1395364994175281,33.7375465,-84.373685,atlanta,b_3755_-7811,1612725511000,0,0.746,0.38,14:00,0.2468,0.3896,0.2487,0.0812,train,mapillary+fortyguard,True,2025-07-15
148556334578246,33.7555128,-84.3893505,atlanta,b_3757_-7811,1611087229800,157.57308423596,0.705,-0.28,14:00,0.086,0.4869,0.1219,0.2288,test,mapillary+fortyguard,True,2025-07-15
245153697401053,33.7582077,-84.3985337,atlanta,b_3757_-7812,1598710226732,264.65130615234,0.491,-0.34,14:00,0.0178,0.142,0.5658,0.0817,train,mapillary+fortyguard,True,2025-07-15
4637128326345921,33.7537161,-84.3763859,atlanta,b_3757_-7810,1576524666166,271.31243896484,0.727,-1.17,14:00,0.039,0.215,0.382,0.2468,train,mapillary+fortyguard,True,2025-07-15
480566303001964,33.7411398,-84.3790869,atlanta,b_3756_-7811,1576356160156,174.99749755859,0.695,0.64,14:00,0.4512,0.1292,0.2737,0.0217,train,mapillary+fortyguard,True,2025-07-15
327113752930267,33.759106,-84.3947524,atlanta,b_3758_-7811,1662492756190,302.91803836823,0.675,-0.33,14:00,0.3535,0.0005,0.2286,0.0816,train,mapillary+fortyguard,True,2025-07-15
514226986422603,33.7478771,-84.3758458,atlanta,b_3756_-7810,1576522507176,9.4417419433594,0.673,-0.82,14:00,0.1862,0.2131,0.3868,0.0558,train,mapillary+fortyguard,True,2025-07-15
175448631132256,33.7370974,-84.3915112,atlanta,b_3755_-7813,1576518818246,102.23489379883,0.758,0.69,14:00,0.0201,0.3002,0.4666,0.1586,train,mapillary+fortyguard,True,2025-07-15
490297832120902,33.7546144,-84.3726046,atlanta,b_3757_-7810,1576091561667,12.341583251953,0.66,-2.06,14:00,0.0,0.1783,0.0402,0.7695,train,mapillary+fortyguard,True,2025-07-15
817158002566188,33.7438347,-84.3882701,atlanta,b_3756_-7812,1576777414096,117.47003173828,0.686,0.91,14:00,0.0454,0.2497,0.0869,0.0,train,mapillary+fortyguard,True,2025-07-15
4056374391098560,33.7573094,-84.3817878,atlanta,b_3757_-7810,1576767757061,267.55773925781,0.749,-0.16,14:00,0.0907,0.3185,0.0923,0.4265,train,mapillary+fortyguard,True,2025-07-15
1438380083210531,33.7465296,-84.3974533,atlanta,b_3756_-7813,1576178061174,359.662109375,0.711,0.68,14:00,0.2635,0.2324,0.2289,0.0438,train,mapillary+fortyguard,True,2025-07-15
4251284258257218,33.7420381,-84.3753056,atlanta,b_3756_-7811,1576355103186,273.27752685547,0.715,0.32,14:00,0.3322,0.1642,0.3004,0.0698,train,mapillary+fortyguard,True,2025-07-15
609307537353249,33.7600043,-84.390971,atlanta,b_3758_-7811,1661883589032,76.40235710144,0.616,-0.23,14:00,0.2593,0.0015,0.0009,0.1469,train,mapillary+fortyguard,True,2025-07-15
521850635500995,33.744733,-84.3844888,atlanta,b_3756_-7812,1576519917181,350.10064697266,0.733,1.07,14:00,0.0764,0.2271,0.4277,0.1849,train,mapillary+fortyguard,True,2025-07-15
1126289981208019,33.7582077,-84.3780065,atlanta,b_3757_-7810,1576180560172,341.21618652344,0.657,-0.71,14:00,0.0375,0.132,0.4351,0.2471,train,mapillary+fortyguard,True,2025-07-15
931276247696809,33.747428,-84.393672,atlanta,b_3756_-7812,1576777212170,213.63171386719,0.693,0.61,14:00,0.1385,0.2631,0.2853,0.1978,train,mapillary+fortyguard,True,2025-07-15
273213201253885,33.7361991,-84.3747654,atlanta,b_3755_-7811,1576352164184,89.999969482422,0.741,0.34,14:00,0.249,0.2205,0.3325,0.1018,train,mapillary+fortyguard,True,2025-07-15
522685495433674,33.7456313,-84.3807075,atlanta,b_3756_-7811,1576520969090,27.098815917969,0.675,0.79,14:00,0.1021,0.1542,0.4155,0.1508,train,mapillary+fortyguard,True,2025-07-15
1407406879606219,33.7523687,-84.3774663,atlanta,b_3757_-7810,1576523626201,91.076599121094,0.724,-0.79,14:00,0.1669,0.2224,0.3266,0.2,train,mapillary+fortyguard,True,2025-07-15
1194579727642949,33.7415889,-84.3931318,atlanta,b_3756_-7813,1576173869174,2.2371826171875,0.72,0.68,14:00,0.0123,0.2588,0.4541,0.0237,train,mapillary+fortyguard,True,2025-07-15
1726482024385642,33.7550636,-84.3866495,atlanta,b_3757_-7811,1663088391531,174.06585216522,0.617,-0.17,14:00,0.2276,0.0399,0.0189,0.363,test,mapillary+fortyguard,True,2025-07-15
758484925256949,33.7618009,-84.3834084,atlanta,b_3758_-7810,1662753358461,81.131198883057,0.619,-0.03,14:00,0.0464,0.0681,0.1457,0.5786,train,mapillary+fortyguard,True,2025-07-15
142586324464438,33.7577585,-84.3958327,atlanta,b_3757_-7811,1598710260718,77.438995361328,0.697,-0.37,14:00,0.081,0.139,0.0999,0.5286,test,mapillary+fortyguard,True,2025-07-15
903595200373712,33.7465296,-84.3769261,atlanta,b_3756_-7811,1576521876183,176.97790527344,0.595,-0.09,14:00,0.1807,0.1165,0.2797,0.224,train,mapillary+fortyguard,True,2025-07-15
1603902970067206,33.7492246,-84.3861093,atlanta,b_3756_-7811,1611088386200,176.57024096103,0.696,0.67,14:00,0.0154,0.4802,0.4167,0.0353,train,mapillary+fortyguard,True,2025-07-15
811035213182714,33.7384448,-84.4017748,atlanta,b_3755_-7814,1576351279181,163.27069091797,0.785,0.67,14:00,0.093,0.237,0.5392,0.0792,test,mapillary+fortyguard,True,2025-07-15
751708759554916,33.7451822,-84.3985337,atlanta,b_3756_-7813,1639683141500,73.34,0.472,0.74,14:00,0.0292,0.5603,0.244,0.0578,train,mapillary+fortyguard,True,2025-07-15
270543438147719,33.7519195,-84.3952925,atlanta,b_3757_-7812,1576776280109,125.00411987305,0.737,-0.21,14:00,0.0322,0.2935,0.1976,0.429,train,mapillary+fortyguard,True,2025-07-15
144089961024543,33.7406906,-84.3763859,atlanta,b_3756_-7811,1576355172849,246.89135742188,0.689,0.55,14:00,0.1995,0.0757,0.4518,0.082,train,mapillary+fortyguard,True,2025-07-15
519200752784560,33.7586568,-84.3920514,atlanta,b_3758_-7811,1582304289000,0,0.591,-0.27,14:00,0.0971,0.136,0.3151,0.1739,train,mapillary+fortyguard,True,2025-07-15
936795020506510,33.7568602,-84.3790869,atlanta,b_3757_-7810,1576090942165,168.77801513672,0.688,-0.61,14:00,0.0301,0.2687,0.5553,0.0237,train,mapillary+fortyguard,True,2025-07-15
130781549091505,33.7460805,-84.3947524,atlanta,b_3756_-7812,1576518500180,177.17608642578,0.656,0.69,14:00,0.1044,0.2438,0.0237,0.5128,train,mapillary+fortyguard,True,2025-07-15
311841713861094,33.7415889,-84.3726046,atlanta,b_3756_-7811,1612725439000,0,0.741,0.23,14:00,0.2497,0.4025,0.1596,0.124,train,mapillary+fortyguard,True,2025-07-15
910575693067577,33.7442839,-84.3817878,atlanta,b_3756_-7811,1576519861190,275.55065917969,0.739,0.92,14:00,0.0914,0.1965,0.3221,0.2798,train,mapillary+fortyguard,True,2025-07-15
481650529922766,33.7510212,-84.3785467,atlanta,b_3757_-7810,1576523442174,92.152404785156,0.774,-0.43,14:00,0.0637,0.2337,0.4736,0.1373,train,mapillary+fortyguard,True,2025-07-15
911763759365927,33.7469788,-84.390971,atlanta,b_3756_-7812,1576776954103,270.95697021484,0.711,0.79,14:00,0.1919,0.3013,0.3428,0.0459,train,mapillary+fortyguard,True,2025-07-15
138561044954965,33.7564111,-84.3969131,atlanta,b_3757_-7812,1576517282174,247.31927490234,0.776,-0.41,14:00,0.0016,0.2759,0.5166,0.1067,train,mapillary+fortyguard,True,2025-07-15
123016906480229,33.7451822,-84.3780065,atlanta,b_3756_-7811,1576522047166,291.23303222656,0.669,0.26,14:00,0.214,0.0951,0.3317,0.0,train,mapillary+fortyguard,True,2025-07-15
617960106669380,33.7631484,-84.393672,atlanta,b_3758_-7811,1662478617893,69.061095237732,0.673,-0.33,14:00,0.3632,0.0,0.1915,0.1282,train,mapillary+fortyguard,True,2025-07-15
859343637986157,33.7519195,-84.3747654,atlanta,b_3757_-7810,1576523034174,352.22674560547,0.696,-1.42,14:00,0.3456,0.2618,0.2933,0.0,train,mapillary+fortyguard,True,2025-07-15
334463368031092,33.7411398,-84.3904308,atlanta,b_3756_-7812,1576169919084,2.1646118164062,0.783,0.71,14:00,0.0377,0.2531,0.456,0.0078,train,mapillary+fortyguard,True,2025-07-15
373518144024448,33.7546144,-84.3839486,atlanta,b_3757_-7811,1576529163175,271.42059326172,0.748,-0.15,14:00,0.0722,0.2539,0.2442,0.3157,test,mapillary+fortyguard,True,2025-07-15
842545489805237,33.7438347,-84.3996141,atlanta,b_3756_-7813,1576177973175,74.200225830078,0.703,0.74,14:00,0.3494,0.2253,0.2733,0.0012,train,mapillary+fortyguard,True,2025-07-15
483933286059813,33.750572,-84.3963729,atlanta,b_3757_-7812,1576527456140,325.28247070312,0.509,-0.02,14:00,0.0,0.2416,0.0029,0.668,train,mapillary+fortyguard,True,2025-07-15
289197952871198,33.7393432,-84.3774663,atlanta,b_3755_-7811,1576354397160,91.111114501953,0.75,0.59,14:00,0.2974,0.1343,0.3563,0.0792,train,mapillary+fortyguard,True,2025-07-15
767773344269882,33.7573094,-84.3931318,atlanta,b_3757_-7811,1662056482562,137.1900639534,0.563,-0.34,14:00,0.144,0.0197,0.0219,0.3268,test,mapillary+fortyguard,True,2025-07-15
763388854350007,33.7460805,-84.3742252,atlanta,b_3756_-7810,1576521223490,245.89196777344,0.71,-0.96,14:00,0.4172,0.1041,0.2839,0.0435,train,mapillary+fortyguard,True,2025-07-15
136177865204522,33.7420381,-84.3866495,atlanta,b_3756_-7812,1576518944177,99.155609130859,0.75,0.78,14:00,0.2439,0.2799,0.3448,0.044,train,mapillary+fortyguard,True,2025-07-15
1386655358333957,33.744733,-84.3958327,atlanta,b_3756_-7813,1576170359071,102.03686523438,0.733,0.73,14:00,0.2611,0.1724,0.3528,0.0992,train,mapillary+fortyguard,True,2025-07-15
1273227746854020,33.7514704,-84.3925916,atlanta,b_3757_-7812,1611087387400,166.94736182118,0.699,-0.15,14:00,0.0385,0.5168,0.0805,0.2967,train,mapillary+fortyguard,True,2025-07-15
1605362339668688,33.7402415,-84.373685,atlanta,b_3755_-7811,1612725482000,0,0.75,0.41,14:00,0.3528,0.3889,0.1561,0.0353,train,mapillary+fortyguard,True,2025-07-15
1950587678468863,33.7582077,-84.3893505,atlanta,b_3757_-7811,1662735357295,134.13361883163,0.405,-0.17,14:00,0.0,0.0016,0.015,0.9363,test,mapillary+fortyguard,True,2025-07-15
854366481956202,33.7361991,-84.3861093,atlanta,b_3755_-7812,1576352589131,5.2025451660156,0.816,0.77,14:00,0.0004,0.191,0.5485,0.1946,train,mapillary+fortyguard,True,2025-07-15
806014130659526,33.7496737,-84.3796271,atlanta,b_3757_-7811,1611087624600,315,0.602,0.08,14:00,0.0002,0.5567,0.0724,0.334,test,mapillary+fortyguard,True,2025-07-15
178088074193582,33.7564111,-84.3763859,atlanta,b_3757_-7810,1576523847156,1.4432067871094,0.717,-1.17,14:00,0.2181,0.2393,0.4605,0.0207,train,mapillary+fortyguard,True,2025-07-15
950196293663829,33.7456313,-84.3920514,atlanta,b_3756_-7812,1732906929365,203,0.653,0.78,14:00,0.0845,0.1396,0.6206,0.0039,train,mapillary+fortyguard,True,2025-07-15
752119968806663,33.7523687,-84.3888103,atlanta,b_3757_-7811,1576529738167,129.45156860352,0.645,-0.13,14:00,0.0007,0.2899,0.363,0.2924,test,mapillary+fortyguard,True,2025-07-15
614610626967231,33.759106,-84.3855692,atlanta,b_3758_-7810,1663085251365,173.01161527634,0.648,-0.0,14:00,0.2554,0.0565,0.0153,0.3243,train,mapillary+fortyguard,True,2025-07-15
4216195625110632,33.7550636,-84.3979935,atlanta,b_3757_-7812,1576527739184,22.573150634766,0.717,-0.45,14:00,0.0066,0.2531,0.5423,0.0831,train,mapillary+fortyguard,True,2025-07-15
140319392039857,33.7618009,-84.3947524,atlanta,b_3758_-7811,1662481918470,313.47666120529,0.602,-0.33,14:00,0.166,0.0709,0.0051,0.4007,train,mapillary+fortyguard,True,2025-07-15
920238375488561,33.753267,-84.385029,atlanta,b_3757_-7811,1576529011168,130.81057739258,0.739,-0.07,14:00,0.0209,0.2325,0.214,0.4582,test,mapillary+fortyguard,True,2025-07-15
589291745564561,33.7600043,-84.3817878,atlanta,b_3758_-7810,1623683001756,273.8464050293,0.708,-0.09,14:00,0.2228,0.1912,0.0365,0.2334,train,mapillary+fortyguard,True,2025-07-15
123069379804250,33.7492246,-84.3974533,atlanta,b_3756_-7812,1576178112164,19.799926757812,0.716,0.3,14:00,0.166,0.1684,0.1843,0.3661,train,mapillary+fortyguard,True,2025-07-15
745677392717740,33.7379957,-84.3785467,atlanta,b_3755_-7812,1576352406328,259.77508544922,0.625,0.62,14:00,0.4994,0.1758,0.1832,0.0222,train,mapillary+fortyguard,True,2025-07-15
2247084362088579,33.744733,-84.3753056,atlanta,b_3756_-7811,1576521640188,8.59716796875,0.746,-0.29,14:00,0.35,0.1875,0.2059,0.1688,train,mapillary+fortyguard,True,2025-07-15
368916651230329,33.7406906,-84.3877299,atlanta,b_3756_-7812,1576518911183,0,0.734,0.72,14:00,0.1425,0.2644,0.386,0.0519,train,mapillary+fortyguard,True,2025-07-15
512162653137816,33.7366482,-84.4001542,atlanta,b_3755_-7814,1576351721177,91.275665283203,0.754,0.69,14:00,0.3674,0.2069,0.3287,0.0721,test,mapillary+fortyguard,True,2025-07-15
193433249270739,33.7609026,-84.3780065,atlanta,b_3758_-7809,1576168392076,281.94146728516,0.748,-0.71,14:00,0.2286,0.1982,0.4242,0.0902,train,mapillary+fortyguard,True,2025-07-15
1455381088145484,33.7501229,-84.393672,atlanta,b_3757_-7812,1576527087180,310.1640625,0.732,0.12,14:00,0.1639,0.2726,0.395,0.0734,train,mapillary+fortyguard,True,2025-07-15
622339998649159,33.738894,-84.3747654,atlanta,b_3755_-7811,1576354449178,355.71984863281,0.72,0.49,14:00,0.4415,0.0732,0.1981,0.0555,train,mapillary+fortyguard,True,2025-07-15
489943595940314,33.7568602,-84.3904308,atlanta,b_3757_-7811,1662665739707,227.63009977341,0.674,-0.28,14:00,0.2515,0.1042,0.0016,0.3561,test,mapillary+fortyguard,True,2025-07-15
2621554828143611,33.7415889,-84.3839486,atlanta,b_3756_-7812,1576519152634,191.74383544922,0.686,0.78,14:00,0.1964,0.1127,0.2745,0.326,train,mapillary+fortyguard,True,2025-07-15
785723942369691,33.7483263,-84.3807075,atlanta,b_3756_-7811,1576520299175,180.93402099609,0.648,0.65,14:00,0.1278,0.1064,0.4581,0.0692,train,mapillary+fortyguard,True,2025-07-15
2068613149979098,33.7550636,-84.3774663,atlanta,b_3757_-7810,1598725298577,2.6257019042969,0.722,-0.89,14:00,0.0695,0.0916,0.4075,0.1199,train,mapillary+fortyguard,True,2025-07-15
328458225375580,33.7510212,-84.3898907,atlanta,b_3757_-7811,1576776038072,302.92742919922,0.662,0.07,14:00,0.1102,0.337,0.1439,0.3562,test,mapillary+fortyguard,True,2025-07-15
180459697806926,33.7577585,-84.3866495,atlanta,b_3757_-7811,1663085472637,262.44404888153,0.617,-0.06,14:00,0.0061,0.011,0.0088,0.1067,test,mapillary+fortyguard,True,2025-07-15
2853488711572082,33.7537161,-84.3990739,atlanta,b_3757_-7812,1576527571043,294.38043212891,0.686,-0.42,14:00,0.0037,0.2815,0.2917,0.3547,train,mapillary+fortyguard,True,2025-07-15
767943217077314,33.7604535,-84.3958327,atlanta,b_3758_-7811,1576528382171,339.00775146484,0.558,-0.33,14:00,0.0,0.0118,0.0,0.0,train,mapillary+fortyguard,True,2025-07-15
3940624439355924,33.7492246,-84.3769261,atlanta,b_3756_-7810,1576524865168,169.99737548828,0.664,-0.54,14:00,0.2474,0.1891,0.3682,0.0224,train,mapillary+fortyguard,True,2025-07-15
851537015442361,33.7366482,-84.3796271,atlanta,b_3755_-7812,1576352110151,89.373657226562,0.736,0.65,14:00,0.2261,0.1752,0.4478,0.0275,train,mapillary+fortyguard,True,2025-07-15
1156815744779779,33.7433856,-84.3763859,atlanta,b_3756_-7811,1576092669180,92.550231933594,0.736,0.3,14:00,0.1772,0.2571,0.4132,0.0148,train,mapillary+fortyguard,True,2025-07-15
311757687142459,33.7460805,-84.3855692,atlanta,b_3756_-7812,1576519780184,89.259094238281,0.713,1.1,14:00,0.1079,0.2384,0.4673,0.0327,train,mapillary+fortyguard,True,2025-07-15
3775698215872951,33.7375465,-84.3758458,atlanta,b_3755_-7811,1576352259176,270,0.712,0.51,14:00,0.1732,0.1005,0.3953,0.1379,train,mapillary+fortyguard,True,2025-07-15
3034279500197637,33.7555128,-84.3915112,atlanta,b_3757_-7811,1662043964737,47.858795642853,0.654,-0.36,14:00,0.0768,0.4965,0.0024,0.3845,test,mapillary+fortyguard,True,2025-07-15
459840528438956,33.7469788,-84.3817878,atlanta,b_3756_-7811,1576520763170,182.16448974609,0.726,0.9,14:00,0.0849,0.1893,0.2708,0.359,train,mapillary+fortyguard,True,2025-07-15
843662282917969,33.7537161,-84.3785467,atlanta,b_3757_-7810,1576092086171,22.139953613281,0.759,-0.73,14:00,0.2234,0.2611,0.402,0.1025,train,mapillary+fortyguard,True,2025-07-15
336522691212883,33.7429364,-84.3942122,atlanta,b_3756_-7813,1576173012097,270.00006103516,0.733,0.72,14:00,0.1459,0.2943,0.3939,0.0112,train,mapillary+fortyguard,True,2025-07-15
754232509021736,33.7564111,-84.3877299,atlanta,b_3757_-7811,1663086316396,16.457459449768,0.59,-0.19,14:00,0.4641,0.0002,0.0,0.1012,test,mapillary+fortyguard,True,2025-07-15
480935853226905,33.7370974,-84.393672,atlanta,b_3755_-7813,1576518775167,96.489501953125,0.762,0.68,14:00,0.0809,0.2502,0.4831,0.0859,train,mapillary+fortyguard,True,2025-07-15
2854363284802779,33.753267,-84.3963729,atlanta,b_3757_-7812,1576527536188,300.29284667969,0.749,-0.41,14:00,0.0024,0.2835,0.5502,0.0853,train,mapillary+fortyguard,True,2025-07-15
523881325662894,33.7420381,-84.3774663,atlanta,b_3756_-7811,1576355836159,167.69580078125,0.719,0.49,14:00,0.3419,0.1588,0.3445,0.0292,train,mapillary+fortyguard,True,2025-07-15
203157228307043,33.7555128,-84.3709841,atlanta,b_3757_-7809,1598722757511,89.022491455078,0.699,-2.32,14:00,0.5306,0.1284,0.0887,0.0797,test,mapillary+fortyguard,True,2025-07-15
943105156263698,33.7514704,-84.3834084,atlanta,b_3757_-7811,1576171761078,221.29986572266,0.66,0.19,14:00,0.0,0.1044,0.2968,0.5364,test,mapillary+fortyguard,True,2025-07-15
2970011966604784,33.7582077,-84.3801673,atlanta,b_3757_-7810,1623683121791,68.408905029297,0.706,-0.34,14:00,0.0668,0.2094,0.3893,0.006,train,mapillary+fortyguard,True,2025-07-15
136538515585563,33.747428,-84.3958327,atlanta,b_3756_-7812,1611087427200,185.78256486076,0.646,0.57,14:00,0.0164,0.4879,0.0685,0.4003,train,mapillary+fortyguard,True,2025-07-15
305889797727253,33.738894,-84.3861093,atlanta,b_3755_-7812,1576355618183,5.5580749511719,0.775,0.71,14:00,0.3276,0.2023,0.3311,0.0779,train,mapillary+fortyguard,True,2025-07-15
2064607813695379,33.7456313,-84.3828682,atlanta,b_3756_-7811,1576520812188,0.61871337890625,0.735,1.06,14:00,0.2686,0.2094,0.2611,0.1218,train,mapillary+fortyguard,True,2025-07-15
454121472552579,33.7523687,-84.3796271,atlanta,b_3757_-7810,1576170925119,40.462554931641,0.734,-0.39,14:00,0.0192,0.1119,0.7025,0.1174,train,mapillary+fortyguard,True,2025-07-15
369108681170392,33.7415889,-84.3952925,atlanta,b_3756_-7813,1576170406081,273.91522216797,0.732,0.68,14:00,0.1425,0.1371,0.6021,0.0375,train,mapillary+fortyguard,True,2025-07-15
512064843162437,33.7483263,-84.3920514,atlanta,b_3756_-7812,1576526997202,26.658020019531,0.753,0.5,14:00,0.1635,0.2372,0.1766,0.3587,train,mapillary+fortyguard,True,2025-07-15
882329212498574,33.7370974,-84.3731448,atlanta,b_3755_-7811,1612725522000,0,0.729,0.3,14:00,0.2292,0.3928,0.2805,0.0683,train,mapillary+fortyguard,True,2025-07-15
1796543367372536,33.7550636,-84.3888103,atlanta,b_3757_-7811,1662571375210,200.09906482697,0.573,-0.25,14:00,0.2485,0.0374,0.0,0.0984,test,mapillary+fortyguard,True,2025-07-15
1380002652371726,33.7577585,-84.3979935,atlanta,b_3757_-7812,1598710242663,90.638061523438,0.683,-0.36,14:00,0.1115,0.1467,0.3784,0.2083,train,mapillary+fortyguard,True,2025-07-15
214878830865345,33.7559619,-84.385029,atlanta,b_3757_-7811,1662579491478,84.346551418304,0.64,-0.13,14:00,0.2511,0.0027,0.0092,0.4568,test,mapillary+fortyguard,True,2025-07-15
152985903380590,33.7626992,-84.3817878,atlanta,b_3758_-7810,1576767842076,2.974365234375,0.73,-0.12,14:00,0.18,0.3378,0.2123,0.1765,train,mapillary+fortyguard,True,2025-07-15
314713970006125,33.7406906,-84.3785467,atlanta,b_3756_-7811,1576356161158,176.03594970703,0.666,0.62,14:00,0.2513,0.1964,0.4314,0.0491,train,mapillary+fortyguard,True,2025-07-15
492722538906505,33.7586568,-84.3942122,atlanta,b_3758_-7811,1662492229009,7.501238822937,0.62,-0.33,14:00,0.394,0.0005,0.0791,0.2037,train,mapillary+fortyguard,True,2025-07-15
2945364552415750,33.747428,-84.3753056,atlanta,b_3756_-7810,1576522481834,284.90441894531,0.719,-0.95,14:00,0.2482,0.2352,0.4227,0.021,train,mapillary+fortyguard,True,2025-07-15
834431670487146,33.7433856,-84.3877299,atlanta,b_3756_-7812,1576172329117,359.25561523438,0.786,0.89,14:00,0.0,0.3414,0.4755,0.0146,train,mapillary+fortyguard,True,2025-07-15
293988935773857,33.7528178,-84.393672,atlanta,b_3757_-7812,1576776328116,32.2060546875,0.602,-0.34,14:00,0.0587,0.3306,0.0,0.5423,train,mapillary+fortyguard,True,2025-07-15
470917014158696,33.7442839,-84.3839486,atlanta,b_3756_-7812,1576519904196,274.58386230469,0.791,1.02,14:00,0.1078,0.2409,0.414,0.123,train,mapillary+fortyguard,True,2025-07-15
374735510560533,33.7577585,-84.3774663,atlanta,b_3757_-7810,1576523914168,270,0.634,-0.86,14:00,0.0004,0.3101,0.3741,0.213,train,mapillary+fortyguard,True,2025-07-15
193266782645824,33.7469788,-84.3931318,atlanta,b_3756_-7812,1576526962182,133.01751708984,0.723,0.67,14:00,0.1424,0.3158,0.3743,0.081,train,mapillary+fortyguard,True,2025-07-15
2671232023181114,33.7564111,-84.3990739,atlanta,b_3757_-7812,1576527794169,341.28771972656,0.739,-0.39,14:00,0.0327,0.3127,0.5641,0.0452,train,mapillary+fortyguard,True,2025-07-15
821856718429653,33.7451822,-84.3801673,atlanta,b_3756_-7811,1576520952177,359.23162841797,0.689,0.79,14:00,0.3162,0.165,0.2271,0.0858,train,mapillary+fortyguard,True,2025-07-15
1776900135980980,33.7631484,-84.3958327,atlanta,b_3758_-7811,1662480322129,312.5763630867,0.664,-0.35,14:00,0.2453,0.0024,0.0728,0.4684,train,mapillary+fortyguard,True,2025-07-15
294353758834464,33.7411398,-84.3925916,atlanta,b_3756_-7813,1576169239075,178.10754394531,0.667,0.69,14:00,0.0293,0.201,0.3378,0.34,train,mapillary+fortyguard,True,2025-07-15
312598617223384,33.7586568,-84.373685,atlanta,b_3758_-7809,1598722651347,252.65525817871,0.685,-1.82,14:00,0.1472,0.2151,0.3958,0.2098,train,mapillary+fortyguard,True,2025-07-15
3144144302519438,33.7546144,-84.3861093,atlanta,b_3757_-7811,1662580423517,339.9585852623,0.676,-0.16,14:00,0.3181,0.103,0.0,0.3059,test,mapillary+fortyguard,True,2025-07-15
142255194550213,33.7460805,-84.3763859,atlanta,b_3756_-7811,1576521714183,359.26708984375,0.734,-0.18,14:00,0.1398,0.2248,0.5577,0.0413,train,mapillary+fortyguard,True,2025-07-15
1935873103245394,33.7420381,-84.3888103,atlanta,b_3756_-7812,1576174712181,272.08703613281,0.753,0.75,14:00,0.137,0.2125,0.4214,0.0565,train,mapillary+fortyguard,True,2025-07-15
471219504133726,33.7487754,-84.3855692,atlanta,b_3756_-7811,1576091030812,278.68316650391,0.792,0.81,14:00,0.0556,0.2635,0.5105,0.0875,train,mapillary+fortyguard,True,2025-07-15
421927223373914,33.7555128,-84.382328,atlanta,b_3757_-7810,1663096922406,266.50669288635,0.624,-0.22,14:00,0.0571,0.0097,0.0749,0.4597,train,mapillary+fortyguard,True,2025-07-15
747191929296281,33.7514704,-84.3947524,atlanta,b_3757_-7812,1576776283164,113.70559692383,0.71,-0.2,14:00,0.0855,0.3172,0.3608,0.1712,train,mapillary+fortyguard,True,2025-07-15
798586258239752,33.7582077,-84.3915112,atlanta,b_3757_-7811,1662058345540,151.22233104706,0.611,-0.29,14:00,0.115,0.2438,0.0016,0.5615,test,mapillary+fortyguard,True,2025-07-15
313847486776736,33.7361991,-84.3882701,atlanta,b_3755_-7813,1576351958161,1.09521484375,0.744,0.74,14:00,0.1723,0.1911,0.5198,0.0242,train,mapillary+fortyguard,True,2025-07-15
489633032088097,33.7496737,-84.3817878,atlanta,b_3757_-7811,1598725250631,40.848571777344,0.674,0.41,14:00,0.0277,0.1987,0.0562,0.4735,test,mapillary+fortyguard,True,2025-07-15
2125983764209593,33.7456313,-84.3942122,atlanta,b_3756_-7812,1576173351063,171.44793701172,0.714,0.73,14:00,0.0345,0.2892,0.1907,0.0858,train,mapillary+fortyguard,True,2025-07-15
458169501948551,33.7370974,-84.3844888,atlanta,b_3755_-7812,1576352512160,271.02825927734,0.767,0.76,14:00,0.2289,0.1749,0.41,0.0873,train,mapillary+fortyguard,True,2025-07-15
3597922623645217,33.7424872,-84.4028552,atlanta,b_3756_-7813,1576351242182,152.96630859375,0.75,0.74,14:00,0.032,0.23,0.5228,0.1681,train,mapillary+fortyguard,True,2025-07-15
377589510216511,33.7600043,-84.3839486,atlanta,b_3758_-7810,1576179478161,178.13262939453,0.719,0.0,14:00,0.2189,0.1755,0.2338,0.233,train,mapillary+fortyguard,True,2025-07-15
969348777204347,33.7379957,-84.3807075,atlanta,b_3755_-7812,1576352436164,270.79193115234,0.696,0.68,14:00,0.3464,0.2185,0.3532,0.0428,train,mapillary+fortyguard,True,2025-07-15
492966655229497,33.744733,-84.3774663,atlanta,b_3756_-7811,1576521456174,83.056488037109,0.691,0.18,14:00,0.3736,0.1384,0.1934,0.124,train,mapillary+fortyguard,True,2025-07-15
1408911506123593,33.747428,-84.3866495,atlanta,b_3756_-7811,1576170835091,48.152709960938,0.536,1.01,14:00,0.0,0.1059,0.0714,0.0287,train,mapillary+fortyguard,True,2025-07-15
126628876790925,33.7541653,-84.3834084,atlanta,b_3757_-7811,1662650543427,266.52471590042,0.652,-0.16,14:00,0.1,0.184,0.1444,0.4647,test,mapillary+fortyguard,True,2025-07-15
485302276124625,33.7501229,-84.3958327,atlanta,b_3757_-7812,1576178221168,35.039642333984,0.735,0.09,14:00,0.0918,0.202,0.4765,0.1498,train,mapillary+fortyguard,True,2025-07-15
221920439695334,33.738894,-84.3769261,atlanta,b_3755_-7811,1576354400177,96.238861083984,0.694,0.56,14:00,0.4535,0.1589,0.1959,0.0746,train,mapillary+fortyguard,True,2025-07-15
463423508224237,33.7415889,-84.3861093,atlanta,b_3756_-7812,1576519317158,74.375305175781,0.734,0.78,14:00,0.095,0.2547,0.5037,0.0747,train,mapillary+fortyguard,True,2025-07-15
478241343477385,33.7442839,-84.3952925,atlanta,b_3756_-7813,1576172938807,95.056671142578,0.747,0.73,14:00,0.2392,0.3889,0.2871,0.0729,train,mapillary+fortyguard,True,2025-07-15
1363071154087306,33.7618009,-84.3763859,atlanta,b_3758_-7809,1576683872128,89.425659179688,0.726,-1.03,14:00,0.2458,0.2477,0.3359,0.1261,train,mapillary+fortyguard,True,2025-07-15
232828361936233,33.7397923,-84.3731448,atlanta,b_3755_-7811,1612725485000,0,0.744,0.44,14:00,0.2883,0.3969,0.2045,0.0529,train,mapillary+fortyguard,True,2025-07-15
282578596896165,33.7424872,-84.382328,atlanta,b_3756_-7812,1576519340169,68.498046875,0.767,0.8,14:00,0.2827,0.2689,0.4005,0.0029,train,mapillary+fortyguard,True,2025-07-15
466080514476486,33.7559619,-84.3758458,atlanta,b_3757_-7810,1576524338184,90.55126953125,0.693,-1.33,14:00,0.3351,0.2289,0.2631,0.0499,train,mapillary+fortyguard,True,2025-07-15
114728257335400,33.7366482,-84.3817878,atlanta,b_3755_-7812,1576356666169,270.00006103516,0.74,0.73,14:00,0.3019,0.2275,0.3416,0.0308,train,mapillary+fortyguard,True,2025-07-15
537683637228941,33.7546144,-84.3974533,atlanta,b_3757_-7812,1576517389180,94.337493896484,0.738,-0.45,14:00,0.0045,0.2523,0.412,0.2762,train,mapillary+fortyguard,True,2025-07-15
753829592391638,33.7613518,-84.3942122,atlanta,b_3758_-7811,1662481886569,315.01951360703,0.552,-0.32,14:00,0.106,0.1838,0.0048,0.1086,train,mapillary+fortyguard,True,2025-07-15
1204300056665942,33.7393432,-84.390971,atlanta,b_3755_-7813,1576169904433,4.1659851074219,0.778,0.67,14:00,0.0659,0.2405,0.5875,0.0242,train,mapillary+fortyguard,True,2025-07-15
952901525531146,33.7595552,-84.3812476,atlanta,b_3758_-7810,1623682997632,270.63827514648,0.739,-0.16,14:00,0.2759,0.1681,0.1542,0.2031,train,mapillary+fortyguard,True,2025-07-15
749733819030440,33.7487754,-84.3969131,atlanta,b_3756_-7812,1576178162184,212.72119140625,0.704,0.3,14:00,0.0261,0.2074,0.2725,0.3441,train,mapillary+fortyguard,True,2025-07-15
753211092032320,33.7375465,-84.3780065,atlanta,b_3755_-7812,1576354982167,1.4149475097656,0.708,0.59,14:00,0.4703,0.2362,0.1885,0.0346,train,mapillary+fortyguard,True,2025-07-15
495435278467178,33.7555128,-84.393672,atlanta,b_3757_-7811,1576517443232,14.884002685547,0.705,-0.43,14:00,0.0,0.2466,0.3389,0.3685,test,mapillary+fortyguard,True,2025-07-15
524949135342702,33.7510212,-84.3715242,atlanta,b_3757_-7810,1598723026139,249.59133911133,0.711,-2.3,14:00,0.2208,0.1714,0.3918,0.0845,train,mapillary+fortyguard,True,2025-07-15
507581083760528,33.7469788,-84.3839486,atlanta,b_3756_-7811,1576519505169,273.62188720703,0.758,1.05,14:00,0.129,0.2737,0.5125,0.0625,train,mapillary+fortyguard,True,2025-07-15
382614509636848,33.7496737,-84.3931318,atlanta,b_3757_-7812,1576777131105,135.93200683594,0.756,0.24,14:00,0.0552,0.3154,0.1876,0.3989,train,mapillary+fortyguard,True,2025-07-15
313619060273845,33.7564111,-84.3898907,atlanta,b_3757_-7811,1576178320162,45.557556152344,0.736,-0.27,14:00,0.026,0.1691,0.0598,0.6484,test,mapillary+fortyguard,True,2025-07-15
663099821815866,33.7631484,-84.3866495,atlanta,b_3758_-7810,1662747006434,25.954845905304,0.464,-0.04,14:00,0.44,0.0871,0.005,0.1042,train,mapillary+fortyguard,True,2025-07-15
2966735273652689,33.7411398,-84.3834084,atlanta,b_3756_-7812,1576357098166,89.379272460938,0.738,0.74,14:00,0.4272,0.1555,0.1309,0.1545,train,mapillary+fortyguard,True,2025-07-15
485404372704468,33.7546144,-84.3769261,atlanta,b_3757_-7810,1576523731164,347.03411865234,0.701,-1.03,14:00,0.0231,0.2173,0.4656,0.0792,train,mapillary+fortyguard,True,2025-07-15
1121867898728787,33.7573094,-84.3861093,atlanta,b_3757_-7811,1663085855887,268.74122142792,0.468,-0.07,14:00,0.0827,0.0022,0.0,0.4334,test,mapillary+fortyguard,True,2025-07-15
1346712512366940,33.7487754,-84.3763859,atlanta,b_3756_-7810,1576524988401,177.44036865234,0.649,-0.68,14:00,0.1575,0.2288,0.3561,0.0703,train,mapillary+fortyguard,True,2025-07-15
481754093142739,33.7555128,-84.3731448,atlanta,b_3757_-7810,1598722730482,89.546264648438,0.708,-1.93,14:00,0.3879,0.1384,0.1378,0.1841,train,mapillary+fortyguard,True,2025-07-15
452607147861657,33.744733,-84.3888103,atlanta,b_3756_-7812,1732906918302,218,0.649,0.92,14:00,0.009,0.158,0.6646,0.0022,train,mapillary+fortyguard,True,2025-07-15
759808558022494,33.7582077,-84.382328,atlanta,b_3757_-7810,1623683109626,84.555358886719,0.64,-0.12,14:00,0.1899,0.1667,0.2525,0.1384,train,mapillary+fortyguard,True,2025-07-15
922902414936105,33.747428,-84.3979935,atlanta,b_3756_-7813,1576178069173,355.60485839844,0.773,0.58,14:00,0.1311,0.2154,0.497,0.0787,train,mapillary+fortyguard,True,2025-07-15
3307852932867488,33.7609026,-84.3915112,atlanta,b_3758_-7811,1662061115191,178.12043094635,0.581,-0.25,14:00,0.1485,0.1601,0.0166,0.017,train,mapillary+fortyguard,True,2025-07-15
163875225669551,33.738894,-84.3882701,atlanta,b_3755_-7812,1576518887171,2.7467041015625,0.782,0.69,14:00,0.0451,0.2407,0.5882,0.0644,train,mapillary+fortyguard,True,2025-07-15
2915446802005132,33.7456313,-84.385029,atlanta,b_3756_-7812,1576519781185,86.973968505859,0.71,1.1,14:00,0.0912,0.2418,0.4489,0.0013,train,mapillary+fortyguard,True,2025-07-15
154674863205242,33.7415889,-84.3974533,atlanta,b_3756_-7813,1576174838078,282.95599365234,0.615,0.68,14:00,0.0385,0.1762,0.3958,0.2556,train,mapillary+fortyguard,True,2025-07-15
2695806067378998,33.759106,-84.3785467,atlanta,b_3758_-7810,1576180570171,339.72058105469,0.69,-0.57,14:00,0.0137,0.1941,0.2563,0.2097,train,mapillary+fortyguard,True,2025-07-15
270668718079555,33.7465296,-84.3812476,atlanta,b_3756_-7811,1576520769185,182.29473876953,0.691,0.85,14:00,0.1956,0.2178,0.308,0.1732,train,mapillary+fortyguard,True,2025-07-15
2740319142926589,33.753267,-84.3780065,atlanta,b_3757_-7810,1598725283653,17.758911132812,0.761,-0.73,14:00,0.4589,0.184,0.2199,0.0,train,mapillary+fortyguard,True,2025-07-15
1948964101918240,33.7424872,-84.393672,atlanta,b_3756_-7813,1576526675186,5.0023803710938,0.693,0.71,14:00,0.2161,0.2137,0.3831,0.0106,train,mapillary+fortyguard,True,2025-07-15
469433034276548,33.7492246,-84.3904308,atlanta,b_3756_-7812,1576526318185,120.60360717773,0.727,0.37,14:00,0.3642,0.2421,0.1835,0.1025,train,mapillary+fortyguard,True,2025-07-15
416594623726320,33.7559619,-84.3871897,atlanta,b_3757_-7811,1663088226296,76.927881240845,0.633,-0.18,14:00,0.2012,0.0839,0.0121,0.5475,test,mapillary+fortyguard,True,2025-07-15
301286084911927,33.747428,-84.3774663,atlanta,b_3756_-7811,1576525013170,273.15289306641,0.733,-0.06,14:00,0.0125,0.1882,0.4568,0.1924,train,mapillary+fortyguard,True,2025-07-15
4057237941032557,33.7541653,-84.3742252,atlanta,b_3757_-7810,1576523161741,266.87078857422,0.744,-1.62,14:00,0.262,0.2199,0.3496,0.1093,train,mapillary+fortyguard,True,2025-07-15
5733276080016642,33.7393432,-84.402315,atlanta,b_3755_-7814,1576351269171,162.6396484375,0.772,0.67,14:00,0.0657,0.2377,0.5109,0.1439,test,mapillary+fortyguard,True,2025-07-15
375066630515951,33.7528178,-84.3958327,atlanta,b_3757_-7812,1576527526182,300.6826171875,0.76,-0.36,14:00,0.0261,0.1844,0.4464,0.1758,train,mapillary+fortyguard,True,2025-07-15
272147514667901,33.7415889,-84.3769261,atlanta,b_3756_-7811,1576355882160,91.601928710938,0.72,0.48,14:00,0.1092,0.1694,0.3654,0.2562,train,mapillary+fortyguard,True,2025-07-15
145954330839177,33.7375465,-84.3893505,atlanta,b_3755_-7813,1576518838171,100.60726928711,0.784,0.71,14:00,0.0325,0.2879,0.588,0.0428,train,mapillary+fortyguard,True,2025-07-15
1134466413726186,33.7577585,-84.3796271,atlanta,b_3757_-7810,1598725438693,258.46408081055,0.708,-0.46,14:00,0.3273,0.1315,0.2333,0.1224,train,mapillary+fortyguard,True,2025-07-15
118237573639596,33.7469788,-84.3952925,atlanta,b_3756_-7812,1576777041150,269.57989501953,0.695,0.64,14:00,0.0782,0.2524,0.1622,0.3684,train,mapillary+fortyguard,True,2025-07-15
488007655685684,33.7451822,-84.382328,atlanta,b_3756_-7811,1576519999190,179.34741210938,0.716,1.0,14:00,0.1181,0.2031,0.2222,0.3437,train,mapillary+fortyguard,True,2025-07-15
634270897531747,33.7519195,-84.3790869,atlanta,b_3757_-7810,1598725273523,39.786010742188,0.771,-0.44,14:00,0.0244,0.1689,0.5729,0.0831,train,mapillary+fortyguard,True,2025-07-15
321541592690118,33.7411398,-84.3947524,atlanta,b_3756_-7813,1576518704180,180,0.63,0.67,14:00,0.2145,0.233,0.3599,0.1133,train,mapillary+fortyguard,True,2025-07-15
1024161674657230,33.7546144,-84.3882701,atlanta,b_3757_-7811,1576518221166,209.87481689453,0.733,-0.23,14:00,0.0009,0.2296,0.1147,0.5717,test,mapillary+fortyguard,True,2025-07-15
282918493502337,33.7613518,-84.385029,atlanta,b_3758_-7810,1576871137054,88.947906494141,0.729,0.01,14:00,0.0541,0.2673,0.1248,0.4775,train,mapillary+fortyguard,True,2025-07-15
518625302598057,33.7393432,-84.3817878,atlanta,b_3755_-7812,1576356792171,270,0.704,0.69,14:00,0.1335,0.1039,0.4238,0.1317,train,mapillary+fortyguard,True,2025-07-15
812453479668165,33.7528178,-84.3753056,atlanta,b_3757_-7810,1576523045186,344.79333496094,0.731,-1.45,14:00,0.2904,0.249,0.3183,0.0504,train,mapillary+fortyguard,True,2025-07-15
1889493037879753,33.7379957,-84.4033954,atlanta,b_3755_-7814,1576351433413,82.453277587891,0.8,0.69,14:00,0.1873,0.1667,0.5062,0.0653,test,mapillary+fortyguard,True,2025-07-15
808256380180736,33.7555128,-84.3844888,atlanta,b_3757_-7811,1662579732222,198.78964424133,0.659,-0.13,14:00,0.0443,0.3195,0.126,0.4301,test,mapillary+fortyguard,True,2025-07-15
731914621531611,33.744733,-84.4001542,atlanta,b_3756_-7813,1639683150500,63.49,0.491,0.77,14:00,0.0217,0.5732,0.1958,0.075,train,mapillary+fortyguard,True,2025-07-15
646070259590881,33.7622501,-84.3812476,atlanta,b_3758_-7810,1576683626087,24.852691650391,0.643,-0.17,14:00,0.1779,0.2667,0.4914,0.0,train,mapillary+fortyguard,True,2025-07-15
901442090699227,33.7514704,-84.3969131,atlanta,b_3757_-7812,1576527467177,35.228515625,0.778,-0.22,14:00,0.199,0.2357,0.1863,0.3026,train,mapillary+fortyguard,True,2025-07-15
958177031585380,33.7402415,-84.3780065,atlanta,b_3755_-7811,1576354513153,270.72528076172,0.729,0.6,14:00,0.2394,0.1881,0.3362,0.1168,train,mapillary+fortyguard,True,2025-07-15
483464186205586,33.7469788,-84.3747654,atlanta,b_3756_-7810,1576521264183,253.04791259766,0.736,-1.06,14:00,0.0868,0.2648,0.5577,0.0412,train,mapillary+fortyguard,True,2025-07-15
174165547951740,33.7361991,-84.3904308,atlanta,b_3755_-7813,1576351840158,178.66430664062,0.747,0.72,14:00,0.3553,0.2693,0.17,0.1837,train,mapillary+fortyguard,True,2025-07-15
446948120341613,33.7456313,-84.3963729,atlanta,b_3756_-7813,1639683131000,248.63,0.582,0.71,14:00,0.298,0.1151,0.4215,0.1023,train,mapillary+fortyguard,True,2025-07-15
1685681225153437,33.7631484,-84.3774663,atlanta,b_3758_-7809,1576872671074,0.69027709960938,0.719,-0.88,14:00,0.5105,0.2739,0.1443,0.0373,train,mapillary+fortyguard,True,2025-07-15
468669167544716,33.7523687,-84.3931318,atlanta,b_3757_-7812,1576527148183,31.747222900391,0.747,-0.26,14:00,0.0452,0.243,0.101,0.5471,train,mapillary+fortyguard,True,2025-07-15
477396527299626,33.759106,-84.3898907,atlanta,b_3758_-7811,1662057695739,317.31469011307,0.543,-0.18,14:00,0.244,0.1605,0.0138,0.3344,train,mapillary+fortyguard,True,2025-07-15
160236136033980,33.7573094,-84.3769261,atlanta,b_3757_-7810,1576767696080,279.91326904297,0.713,-1.02,14:00,0.0315,0.2675,0.3116,0.2327,train,mapillary+fortyguard,True,2025-07-15
753321448695997,33.7465296,-84.3925916,atlanta,b_3756_-7812,1576776967155,256.68939208984,0.684,0.69,14:00,0.154,0.336,0.2309,0.1771,train,mapillary+fortyguard,True,2025-07-15
487519575895843,33.7353008,-84.373685,atlanta,b_3755_-7811,1612725559000,0,0.708,0.18,14:00,0.302,0.379,0.2432,0.0217,train,mapillary+fortyguard,True,2025-07-15
275878057618575,33.753267,-84.3893505,atlanta,b_3757_-7811,1576529730192,123.62548828125,0.686,-0.22,14:00,0.0,0.2432,0.4917,0.1696,test,mapillary+fortyguard,True,2025-07-15
150128637076304,33.7424872,-84.4050159,atlanta,b_3756_-7814,1576092282174,240.16412353516,0.728,0.75,14:00,0.1247,0.2534,0.5511,0.0316,train,mapillary+fortyguard,True,2025-07-15
215375343451682,33.7559619,-84.3985337,atlanta,b_3757_-7812,1576527790180,318.57769775391,0.711,-0.42,14:00,0.0028,0.2614,0.5518,0.0808,train,mapillary+fortyguard,True,2025-07-15
491724972242485,33.744733,-84.3796271,atlanta,b_3756_-7811,1576521368169,183.80578613281,0.709,0.7,14:00,0.1701,0.2792,0.4619,0.0251,train,mapillary+fortyguard,True,2025-07-15
140592202012036,33.7626992,-84.3952925,atlanta,b_3758_-7811,1662480141554,314.98800230026,0.62,-0.35,14:00,0.2155,0.1202,0.0487,0.5284,train,mapillary+fortyguard,True,2025-07-15
211111643926880,33.7514704,-84.3763859,atlanta,b_3757_-7810,1576524738188,180,0.698,-1.02,14:00,0.0883,0.1865,0.4478,0.1574,train,mapillary+fortyguard,True,2025-07-15
162836729108391,33.7582077,-84.3731448,atlanta,b_3757_-7809,1598722628490,0.88372802734375,0.609,-1.97,14:00,0.6509,0.1722,0.17,0.0002,test,mapillary+fortyguard,True,2025-07-15
323391062746075,33.747428,-84.3888103,atlanta,b_3756_-7812,1576526463172,32.059753417969,0.735,0.88,14:00,0.0431,0.1935,0.0887,0.6221,train,mapillary+fortyguard,True,2025-07-15
3333144860268824,33.7541653,-84.3855692,atlanta,b_3757_-7811,1662580083249,269.43569803238,0.651,-0.14,14:00,0.1051,0.0832,0.0218,0.4405,test,mapillary+fortyguard,True,2025-07-15
1105926133272079,33.7609026,-84.382328,atlanta,b_3758_-7810,1576683611246,2.5275573730469,0.76,-0.05,14:00,0.1192,0.2094,0.3601,0.2858,train,mapillary+fortyguard,True,2025-07-15
925588114897079,33.738894,-84.3790869,atlanta,b_3755_-7812,1576356178169,177.06146240234,0.699,0.64,14:00,0.2564,0.2248,0.4163,0.002,train,mapillary+fortyguard,True,2025-07-15
1481126768946105,33.7568602,-84.3947524,atlanta,b_3757_-7811,1576517225192,250.94091796875,0.732,-0.39,14:00,0.0022,0.2506,0.4109,0.2853,test,mapillary+fortyguard,True,2025-07-15
782260186013505,33.7456313,-84.3758458,atlanta,b_3756_-7811,1576521691184,267.48071289062,0.738,-0.38,14:00,0.2662,0.2116,0.237,0.2131,train,mapillary+fortyguard,True,2025-07-15
150955733589921,33.7348516,-84.3915112,atlanta,b_3755_-7813,1576173820167,8.3488464355469,0.78,0.71,14:00,0.0154,0.2665,0.5475,0.0391,train,mapillary+fortyguard,True,2025-07-15
200877105051707,33.7415889,-84.3882701,atlanta,b_3756_-7812,1576518923177,8.3111572265625,0.753,0.76,14:00,0.0877,0.2341,0.3611,0.2236,train,mapillary+fortyguard,True,2025-07-15
1209437349514851,33.7375465,-84.4006944,atlanta,b_3755_-7814,1576351532154,167.14080810547,0.717,0.68,14:00,0.222,0.2584,0.3547,0.0944,test,mapillary+fortyguard,True,2025-07-15
307969420997683,33.7442839,-84.3974533,atlanta,b_3756_-7813,1576170457090,63.753326416016,0.658,0.73,14:00,0.0124,0.0038,0.1497,0.0027,train,mapillary+fortyguard,True,2025-07-15
136238031825255,33.7510212,-84.3942122,atlanta,b_3757_-7812,1576527120190,39.06494140625,0.731,-0.1,14:00,0.3026,0.1818,0.1624,0.2375,train,mapillary+fortyguard,True,2025-07-15
519753865708626,33.7397923,-84.3753056,atlanta,b_3755_-7811,1576354467170,266.97424316406,0.746,0.51,14:00,0.346,0.188,0.2733,0.0997,train,mapillary+fortyguard,True,2025-07-15
196185302833344,33.7577585,-84.390971,atlanta,b_3757_-7811,1662047507937,183.69560050964,0.678,-0.26,14:00,0.0334,0.2106,0.0453,0.6395,test,mapillary+fortyguard,True,2025-07-15
606906937378302,33.7559619,-84.3780065,atlanta,b_3757_-7810,1576180501165,3.028564453125,0.717,-0.75,14:00,0.2468,0.1992,0.2949,0.1685,train,mapillary+fortyguard,True,2025-07-15
149235913837548,33.7451822,-84.393672,atlanta,b_3756_-7812,1576526703194,0,0.724,0.75,14:00,0.0781,0.2796,0.228,0.186,train,mapillary+fortyguard,True,2025-07-15
888045925505504,33.7586568,-84.3871897,atlanta,b_3758_-7811,1663090472653,174.52925682068,0.663,-0.07,14:00,0.0764,0.0881,0.0019,0.4418,train,mapillary+fortyguard,True,2025-07-15
910370859693905,33.7366482,-84.3839486,atlanta,b_3755_-7812,1576356681173,271.40582275391,0.741,0.76,14:00,0.1077,0.2371,0.558,0.0104,train,mapillary+fortyguard,True,2025-07-15
527691421587392,33.7546144,-84.3996141,atlanta,b_3757_-7812,1576527695178,83.073028564453,0.688,-0.42,14:00,0.0,0.23,0.4798,0.2001,train,mapillary+fortyguard,True,2025-07-15
822642185783450,33.7613518,-84.3963729,atlanta,b_3758_-7811,1662481508237,138.54520893097,0.662,-0.33,14:00,0.2422,0.0128,0.3704,0.2109,train,mapillary+fortyguard,True,2025-07-15
793623084597610,33.7393432,-84.3931318,atlanta,b_3755_-7813,1576173856171,358.87908935547,0.778,0.66,14:00,0.2872,0.277,0.3752,0.0413,train,mapillary+fortyguard,True,2025-07-15
816506002291420,33.7460805,-84.3898907,atlanta,b_3756_-7812,1576092216166,265.54290771484,0.745,0.86,14:00,0.2085,0.2088,0.389,0.0001,train,mapillary+fortyguard,True,2025-07-15
1142402222949241,33.7595552,-84.3834084,atlanta,b_3758_-7810,1623683030686,277.69067382812,0.703,-0.02,14:00,0.4443,0.0701,0.0463,0.1049,train,mapillary+fortyguard,True,2025-07-15
152422713559812,33.7375465,-84.3801673,atlanta,b_3755_-7812,1576356224155,178.91723632812,0.726,0.67,14:00,0.3264,0.1498,0.3912,0.049,train,mapillary+fortyguard,True,2025-07-15
542078876789637,33.7442839,-84.3769261,atlanta,b_3756_-7811,1576521462183,82.592376708984,0.65,0.25,14:00,0.5625,0.2457,0.1176,0.0146,train,mapillary+fortyguard,True,2025-07-15
196844609437392,33.7622501,-84.3925916,atlanta,b_3758_-7811,1662491337464,262.2501411438,0.527,-0.29,14:00,0.212,0.0,0.0006,0.0704,train,mapillary+fortyguard,True,2025-07-15
143122907829910,33.7469788,-84.3861093,atlanta,b_3756_-7811,1576519519177,270.96368408203,0.75,1.04,14:00,0.0349,0.2996,0.5344,0.088,train,mapillary+fortyguard,True,2025-07-15
823935918529631,33.7361991,-84.4017748,atlanta,b_3755_-7814,1576351692169,2.3574523925781,0.768,0.7,14:00,0.0543,0.1629,0.5743,0.0982,test,mapillary+fortyguard,True,2025-07-15
2963652343859505,33.7429364,-84.3985337,atlanta,b_3756_-7813,1576777350140,1.7478637695312,0.709,0.72,14:00,0.3091,0.3018,0.274,0.0207,train,mapillary+fortyguard,True,2025-07-15
896406540929992,33.7496737,-84.3952925,atlanta,b_3757_-7812,1576178222171,34.400970458984,0.743,0.2,14:00,0.0112,0.2266,0.4969,0.1783,train,mapillary+fortyguard,True,2025-07-15
1879637632205348,33.7384448,-84.3763859,atlanta,b_3755_-7811,1576354874161,213.39575195312,0.701,0.53,14:00,0.3041,0.2116,0.3147,0.097,train,mapillary+fortyguard,True,2025-07-15
1279054466261805,33.7564111,-84.3920514,atlanta,b_3757_-7811,1662046420322,18.855589389801,0.644,-0.35,14:00,0.3725,0.0006,0.0457,0.5579,test,mapillary+fortyguard,True,2025-07-15
1450990632036098,33.7631484,-84.3888103,atlanta,b_3758_-7810,1663081785008,265.96993970871,0.652,-0.15,14:00,0.4811,0.2645,0.0302,0.017,train,mapillary+fortyguard,True,2025-07-15
310529273973458,33.7438347,-84.3947524,atlanta,b_3756_-7813,1576777243078,180.35034179688,0.488,0.73,14:00,0.2856,0.3267,0.2136,0.1063,train,mapillary+fortyguard,True,2025-07-15
459872948639627,33.750572,-84.3915112,atlanta,b_3757_-7812,1576518343190,214.96063232422,0.759,0.11,14:00,0.1713,0.2119,0.2028,0.2898,train,mapillary+fortyguard,True,2025-07-15
377515571260576,33.7573094,-84.3882701,atlanta,b_3757_-7811,1662734806251,222.91234254837,0.65,-0.16,14:00,0.0687,0.0788,0.027,0.6458,test,mapillary+fortyguard,True,2025-07-15
519095799473329,33.7420381,-84.3817878,atlanta,b_3756_-7812,1576519346181,77.932220458984,0.72,0.78,14:00,0.3669,0.3243,0.2662,0.0135,train,mapillary+fortyguard,True,2025-07-15
464951234617380,33.7555128,-84.3753056,atlanta,b_3757_-7810,1576524422178,270,0.733,-1.33,14:00,0.0961,0.2465,0.2585,0.3351,train,mapillary+fortyguard,True,2025-07-15
811372836667961,33.7582077,-84.3844888,atlanta,b_3757_-7810,1663099178346,-2.9313995838165,0.633,-0.01,14:00,0.3961,0.0406,0.0,0.2326,train,mapillary+fortyguard,True,2025-07-15
532885547841735,33.7541653,-84.3969131,atlanta,b_3757_-7812,1576517394183,104.96408081055,0.725,-0.45,14:00,0.0,0.2537,0.3177,0.3593,train,mapillary+fortyguard,True,2025-07-15
788172521889860,33.7483263,-84.3963729,atlanta,b_3756_-7812,1576178197182,32.939544677734,0.727,0.4,14:00,0.0556,0.1796,0.506,0.1208,train,mapillary+fortyguard,True,2025-07-15
5887022734642959,33.7370974,-84.3774663,atlanta,b_3755_-7812,1576354958170,271.60186767578,0.747,0.56,14:00,0.2314,0.2033,0.367,0.0817,train,mapillary+fortyguard,True,2025-07-15
1048600652211454,33.7397923,-84.3866495,atlanta,b_3755_-7812,1576357006170,13.488983154297,0.753,0.7,14:00,0.2614,0.2319,0.4114,0.0724,train,mapillary+fortyguard,True,2025-07-15
156418559761486,33.7600043,-84.3769261,atlanta,b_3758_-7809,1576167942070,86.614532470703,0.723,-1.0,14:00,0.0235,0.3094,0.4926,0.0419,train,mapillary+fortyguard,True,2025-07-15
465362547867235,33.7492246,-84.3925916,atlanta,b_3756_-7812,1576777136144,122.55657958984,0.719,0.27,14:00,0.0166,0.2947,0.2688,0.2847,train,mapillary+fortyguard,True,2025-07-15
123629773083697,33.7379957,-84.373685,atlanta,b_3755_-7811,1612725506000,0,0.744,0.38,14:00,0.3544,0.3943,0.2318,0.0024,train,mapillary+fortyguard,True,2025-07-15
2831334080415424,33.7406906,-84.3828682,atlanta,b_3756_-7812,1576357107166,89.234436035156,0.768,0.72,14:00,0.3474,0.1557,0.2709,0.0807,train,mapillary+fortyguard,True,2025-07-15
880062089527986,33.7541653,-84.3763859,atlanta,b_3757_-7810,1576524630163,90.8203125,0.743,-1.17,14:00,0.0809,0.246,0.4297,0.1704,train,mapillary+fortyguard,True,2025-07-15
733444427325799,33.7433856,-84.3920514,atlanta,b_3756_-7812,1576173377077,164.19445800781,0.63,0.76,14:00,0.0,0.2847,0.4474,0.0244,train,mapillary+fortyguard,True,2025-07-15
326004952198605,33.7483263,-84.3758458,atlanta,b_3756_-7810,1576522515174,273.03723144531,0.666,-0.9,14:00,0.3019,0.1909,0.1818,0.1807,train,mapillary+fortyguard,True,2025-07-15
568767480770319,33.7442839,-84.3882701,atlanta,b_3756_-7812,1576170506052,116.29583740234,0.571,0.95,14:00,0.0474,0.103,0.6063,0.0294,train,mapillary+fortyguard,True,2025-07-15
6058397324188977,33.7577585,-84.3817878,atlanta,b_3757_-7810,1662649078013,178.24355983734,0.551,-0.13,14:00,0.1599,0.0,0.0001,0.6829,train,mapillary+fortyguard,True,2025-07-15
3960713347343770,33.7537161,-84.3942122,atlanta,b_3757_-7812,1576776410136,42.489105224609,0.61,-0.43,14:00,0.0047,0.2908,0.0026,0.3876,train,mapillary+fortyguard,True,2025-07-15
144284167676098,33.7424872,-84.3753056,atlanta,b_3756_-7811,1576356039170,276.00689697266,0.679,0.22,14:00,0.335,0.1111,0.2825,0.0772,train,mapillary+fortyguard,True,2025-07-15
164704575496166,33.7384448,-84.3877299,atlanta,b_3755_-7812,1576518885178,1.2992248535156,0.791,0.7,14:00,0.0612,0.2502,0.5646,0.0607,train,mapillary+fortyguard,True,2025-07-15
1263298150781569,33.7451822,-84.3844888,atlanta,b_3756_-7811,1576519923182,352.71002197266,0.761,1.07,14:00,0.1251,0.2503,0.478,0.0672,train,mapillary+fortyguard,True,2025-07-15
314454363594801,33.7586568,-84.3780065,atlanta,b_3758_-7810,1623682966851,347.26062011719,0.73,-0.7,14:00,0.2115,0.0731,0.3708,0.0875,train,mapillary+fortyguard,True,2025-07-15
948131869136332,33.7478771,-84.393672,atlanta,b_3756_-7812,1639683059000,300.9,0.682,0.54,14:00,0.0123,0.0889,0.2612,0.4979,train,mapillary+fortyguard,True,2025-07-15
4290840144316403,33.7366482,-84.3747654,atlanta,b_3755_-7811,1576352166184,88.359985351562,0.769,0.38,14:00,0.2555,0.183,0.3688,0.0908,train,mapillary+fortyguard,True,2025-07-15
1161108704486249,33.7613518,-84.3871897,atlanta,b_3758_-7810,1662746389655,287.37754440308,0.403,-0.04,14:00,0.1313,0.0002,0.0,0.1328,train,mapillary+fortyguard,True,2025-07-15
333820558137383,33.7393432,-84.3839486,atlanta,b_3755_-7812,1576356933171,271.16766357422,0.727,0.71,14:00,0.0688,0.0579,0.5038,0.2156,train,mapillary+fortyguard,True,2025-07-15
1368148016885782,33.7460805,-84.3807075,atlanta,b_3756_-7811,1576520880180,189.76141357422,0.717,0.78,14:00,0.3528,0.2225,0.2409,0.0575,train,mapillary+fortyguard,True,2025-07-15
817505149425188,33.7555128,-84.3866495,atlanta,b_3757_-7811,1663087021369,265.88203430176,0.686,-0.17,14:00,0.3658,0.0329,0.0058,0.2357,test,mapillary+fortyguard,True,2025-07-15
1057528894940273,33.7622501,-84.3834084,atlanta,b_3758_-7810,1662753156234,265.15800189972,0.443,-0.03,14:00,0.1949,0.2286,0.0082,0.2841,train,mapillary+fortyguard,True,2025-07-15
1062277867634178,33.7582077,-84.3958327,atlanta,b_3757_-7811,1576527862175,53.275421142578,0.695,-0.36,14:00,0.0,0.2398,0.1277,0.5956,test,mapillary+fortyguard,True,2025-07-15
271008988053956,33.7469788,-84.3769261,atlanta,b_3756_-7811,1576525011185,276.71008300781,0.716,-0.18,14:00,0.0537,0.2107,0.4165,0.2394,train,mapillary+fortyguard,True,2025-07-15
843632506252558,33.7429364,-84.3893505,atlanta,b_3756_-7812,1576169941093,87.704406738281,0.729,0.8,14:00,0.1431,0.2623,0.4909,0.0753,train,mapillary+fortyguard,True,2025-07-15
3744069339034751,33.738894,-84.4017748,atlanta,b_3755_-7814,1576351275172,161.43640136719,0.782,0.67,14:00,0.0887,0.2067,0.5015,0.162,test,mapillary+fortyguard,True,2025-07-15
137513821649299,33.7456313,-84.3985337,atlanta,b_3756_-7813,1576175155189,232.05554199219,0.704,0.72,14:00,0.2863,0.2545,0.4226,0.0123,train,mapillary+fortyguard,True,2025-07-15
1681001778751603,33.7411398,-84.3763859,atlanta,b_3756_-7811,1576355175162,270,0.681,0.52,14:00,0.2504,0.0781,0.3224,0.1545,train,mapillary+fortyguard,True,2025-07-15
501662877638871,33.7370974,-84.3888103,atlanta,b_3755_-7813,1576518841179,114.09487915039,0.778,0.73,14:00,0.0433,0.2749,0.5892,0.0333,train,mapillary+fortyguard,True,2025-07-15
2968895680054126,33.7438347,-84.3855692,atlanta,b_3756_-7812,1576170738089,287.29602050781,0.751,0.98,14:00,0.1566,0.1113,0.6498,0.0017,train,mapillary+fortyguard,True,2025-07-15
638625670431587,33.7465296,-84.3947524,atlanta,b_3756_-7812,1576518498175,177.59930419922,0.73,0.69,14:00,0.1357,0.2678,0.3079,0.0721,train,mapillary+fortyguard,True,2025-07-15
847574876606753,33.7600043,-84.3882701,atlanta,b_3758_-7810,1663082290402,83.552589893341,0.601,-0.1,14:00,0.162,0.0077,0.0081,0.4904,train,mapillary+fortyguard,True,2025-07-15
463635564695593,33.744733,-84.3817878,atlanta,b_3756_-7811,1576519854364,265.2177734375,0.734,0.95,14:00,0.1238,0.2148,0.2839,0.3067,train,mapillary+fortyguard,True,2025-07-15
948909582542559,33.7626992,-84.3974533,atlanta,b_3758_-7811,1576871600070,342.23382568359,0.695,-0.34,14:00,0.0475,0.2466,0.453,0.1158,train,mapillary+fortyguard,True,2025-07-15
3923687611012222,33.7514704,-84.3785467,atlanta,b_3757_-7810,1576523439175,88.031890869141,0.763,-0.51,14:00,0.0675,0.2332,0.4764,0.1203,train,mapillary+fortyguard,True,2025-07-15
147739700647560,33.7406906,-84.3942122,atlanta,b_3756_-7813,1576518707168,181.48858642578,0.62,0.67,14:00,0.3019,0.2199,0.3596,0.0182,train,mapillary+fortyguard,True,2025-07-15
454030816746263,33.7541653,-84.3877299,atlanta,b_3757_-7811,1662569082501,279.27440547943,0.548,-0.22,14:00,0.0,0.0,0.0,0.916,test,mapillary+fortyguard,True,2025-07-15
302701634727710,33.7433856,-84.4033954,atlanta,b_3756_-7813,1576351202168,155.03051757812,0.737,0.77,14:00,0.2582,0.2564,0.4053,0.041,train,mapillary+fortyguard,True,2025-07-15
523410258653389,33.738894,-84.3812476,atlanta,b_3755_-7812,1576356594159,177.95892333984,0.702,0.68,14:00,0.1252,0.1883,0.4321,0.1856,train,mapillary+fortyguard,True,2025-07-15
3960566747383811,33.7456313,-84.3780065,atlanta,b_3756_-7811,1576521908182,267.24591064453,0.715,0.26,14:00,0.3805,0.2406,0.2527,0.0468,train,mapillary+fortyguard,True,2025-07-15
839015486718020,33.7415889,-84.3904308,atlanta,b_3756_-7812,1576169922090,6.1372985839844,0.724,0.71,14:00,0.006,0.2606,0.0613,0.0633,train,mapillary+fortyguard,True,2025-07-15
146066370771646,33.7483263,-84.3871897,atlanta,b_3756_-7811,1598723214191,220.40576171875,0.749,0.86,14:00,0.1208,0.1099,0.5925,0.0661,train,mapillary+fortyguard,True,2025-07-15
1119619212295820,33.7550636,-84.3839486,atlanta,b_3757_-7811,1663096720246,84.616359710693,0.546,-0.15,14:00,0.2436,0.0098,0.0588,0.2955,test,mapillary+fortyguard,True,2025-07-15
763753610950357,33.7442839,-84.3996141,atlanta,b_3756_-7813,1576177974171,70.794586181641,0.709,0.75,14:00,0.3482,0.2414,0.3398,0.0049,train,mapillary+fortyguard,True,2025-07-15
463873001536672,33.7397923,-84.3774663,atlanta,b_3755_-7811,1576354814166,46.430541992188,0.75,0.58,14:00,0.2374,0.1962,0.3365,0.1043,train,mapillary+fortyguard,True,2025-07-15
780881542787392,33.7626992,-84.3769261,atlanta,b_3758_-7809,1576872654241,263.30682373047,0.661,-1.03,14:00,0.2944,0.142,0.143,0.2931,train,mapillary+fortyguard,True,2025-07-15
218746333389059,33.7519195,-84.3925916,atlanta,b_3757_-7812,1576776154099,295.27185058594,0.731,-0.24,14:00,0.0301,0.2986,0.1121,0.4646,train,mapillary+fortyguard,True,2025-07-15
197333109393425,33.7586568,-84.3893505,atlanta,b_3758_-7811,1662665149155,128.782538414,0.427,-0.15,14:00,0.196,0.2634,0.0,0.142,train,mapillary+fortyguard,True,2025-07-15
3948463548609381,33.7433856,-84.3828682,atlanta,b_3756_-7812,1576093181178,88.983001708984,0.755,0.91,14:00,0.1788,0.2566,0.5228,0.0065,train,mapillary+fortyguard,True,2025-07-15
1234669230293263,33.7501229,-84.3796271,atlanta,b_3757_-7811,1598723113240,268.49401855469,0.67,-0.03,14:00,0.3408,0.1364,0.2501,0.1276,test,mapillary+fortyguard,True,2025-07-15
1438577626500825,33.7568602,-84.3763859,atlanta,b_3757_-7810,1576523852171,359.56298828125,0.728,-1.17,14:00,0.1703,0.2182,0.3524,0.1589,train,mapillary+fortyguard,True,2025-07-15
2870364153292025,33.7348516,-84.3731448,atlanta,b_3755_-7811,1612725562000,0,0.711,0.13,14:00,0.2163,0.3672,0.2644,0.0236,train,mapillary+fortyguard,True,2025-07-15
165430928838802,33.7528178,-84.3888103,atlanta,b_3757_-7811,1576529857185,25.815185546875,0.69,-0.13,14:00,0.0073,0.2446,0.1716,0.5098,test,mapillary+fortyguard,True,2025-07-15
196286929361461,33.7420381,-84.4044758,atlanta,b_3756_-7814,1639683167000,239.95,0.619,0.73,14:00,0.2375,0.1279,0.4965,0.0128,train,mapillary+fortyguard,True,2025-07-15
5495170980539346,33.7595552,-84.3855692,atlanta,b_3758_-7810,1662562389441,4.152027130127,0.478,-0.0,14:00,0.2029,0.0184,0.0,0.5043,train,mapillary+fortyguard,True,2025-07-15
880918075821328,33.7555128,-84.3979935,atlanta,b_3757_-7812,1576517304180,217.96319580078,0.718,-0.44,14:00,0.0001,0.2569,0.4674,0.1576,train,mapillary+fortyguard,True,2025-07-15
477617553475146,33.7402415,-84.3915112,atlanta,b_3755_-7813,1576173398083,182.32287597656,0.663,0.67,14:00,0.0135,0.355,0.4925,0.0576,train,mapillary+fortyguard,True,2025-07-15
2946798685642429,33.7577585,-84.3726046,atlanta,b_3757_-7809,1576091472178,89.999969482422,0.707,-1.96,14:00,0.1922,0.2384,0.4622,0.027,test,mapillary+fortyguard,True,2025-07-15
1160067907749449,33.7537161,-84.385029,atlanta,b_3757_-7811,1576528932166,231.02307128906,0.67,-0.11,14:00,0.011,0.1528,0.3201,0.3638,test,mapillary+fortyguard,True,2025-07-15
486107339746231,33.7604535,-84.3817878,atlanta,b_3758_-7810,1662752596610,343.03670883179,0.651,-0.1,14:00,0.1644,0.4518,0.0674,0.2318,train,mapillary+fortyguard,True,2025-07-15
480580520325664,33.7496737,-84.3974533,atlanta,b_3757_-7812,1576178121174,28.042449951172,0.738,0.19,14:00,0.2032,0.187,0.3594,0.1352,train,mapillary+fortyguard,True,2025-07-15
755837728322492,33.7384448,-84.3785467,atlanta,b_3755_-7812,1576356195171,164.94158935547,0.768,0.63,14:00,0.2917,0.2455,0.3132,0.0875,train,mapillary+fortyguard,True,2025-07-15
4703507713009138,33.7451822,-84.3753056,atlanta,b_3756_-7811,1576521647171,31.119476318359,0.659,-0.43,14:00,0.304,0.1471,0.3822,0.062,train,mapillary+fortyguard,True,2025-07-15
1130396827881572,33.7631484,-84.390971,atlanta,b_3758_-7810,1661974211208,39.375723361969,0.67,-0.24,14:00,0.1702,0.1179,0.0058,0.309,train,mapillary+fortyguard,True,2025-07-15
309172864097259,33.7411398,-84.3877299,atlanta,b_3756_-7812,1576518913178,1.3807373046875,0.753,0.74,14:00,0.1437,0.251,0.3918,0.1247,train,mapillary+fortyguard,True,2025-07-15
488030185772391,33.7478771,-84.3844888,atlanta,b_3756_-7811,1598725210652,100.173828125,0.734,1.01,14:00,0.1926,0.222,0.4101,0.0213,train,mapillary+fortyguard,True,2025-07-15
212228087131047,33.7370974,-84.4001542,atlanta,b_3755_-7814,1576351725171,92.416015625,0.77,0.68,14:00,0.3546,0.1711,0.2726,0.106,test,mapillary+fortyguard,True,2025-07-15
978021963015230,33.7613518,-84.3780065,atlanta,b_3758_-7809,1598722199307,90.655151367188,0.697,-0.72,14:00,0.2975,0.1639,0.4773,0.0082,train,mapillary+fortyguard,True,2025-07-15
928886857906096,33.7393432,-84.3747654,atlanta,b_3755_-7811,1576354454183,15.952667236328,0.738,0.5,14:00,0.3792,0.1802,0.2449,0.1232,train,mapillary+fortyguard,True,2025-07-15
1268274930574708,33.7573094,-84.3904308,atlanta,b_3757_-7811,1662663320091,44.418404102325,0.566,-0.26,14:00,0.0121,0.0015,0.0097,0.6352,test,mapillary+fortyguard,True,2025-07-15
460303201727420,33.7420381,-84.3839486,atlanta,b_3756_-7812,1576356384162,355.82806396484,0.721,0.82,14:00,0.1281,0.1133,0.4554,0.1024,train,mapillary+fortyguard,True,2025-07-15
4133764070024900,33.7487754,-84.3807075,atlanta,b_3756_-7811,1576520292159,180.95269775391,0.679,0.55,14:00,0.0295,0.2057,0.425,0.2631,train,mapillary+fortyguard,True,2025-07-15
3880084728766160,33.744733,-84.3931318,atlanta,b_3756_-7812,1576526701181,357.71069335938,0.689,0.77,14:00,0.1625,0.2706,0.1498,0.2818,train,mapillary+fortyguard,True,2025-07-15
515429796310534,33.7541653,-84.3990739,atlanta,b_3757_-7812,1576527698199,87.100860595703,0.729,-0.43,14:00,0.0,0.293,0.4523,0.2178,train,mapillary+fortyguard,True,2025-07-15
379040850092129,33.7429364,-84.3801673,atlanta,b_3756_-7811,1576355350175,257.37353515625,0.73,0.7,14:00,0.3906,0.1898,0.3758,0.0,train,mapillary+fortyguard,True,2025-07-15
1798192357186725,33.7609026,-84.3958327,atlanta,b_3758_-7811,1661962568896,135.83733606339,0.427,-0.33,14:00,0.1645,0.1977,0.0411,0.2245,train,mapillary+fortyguard,True,2025-07-15
222127992654586,33.7496737,-84.3769261,atlanta,b_3757_-7810,1576524852173,172.00915527344,0.672,-0.63,14:00,0.2117,0.2263,0.1646,0.2796,train,mapillary+fortyguard,True,2025-07-15
772238913657228,33.738894,-84.3925916,atlanta,b_3755_-7813,1576174059169,181.873046875,0.657,0.67,14:00,0.0967,0.3068,0.5106,0.0023,train,mapillary+fortyguard,True,2025-07-15
484515316224606,41.8814687,-87.6276886,chicago,b_4662_-7263,1576253598168,177.19573974609,0.583,0.03,14:00,0.0,0.2278,0.1172,0.5964,test,mapillary+fortyguard,True,
369416534503957,41.888206,-87.6240692,chicago,b_4662_-7262,1576341535196,3.1957092285156,0.67,-0.44,14:00,0.0,0.2296,0.1875,0.537,train,mapillary+fortyguard,True,
914842606006790,41.8661974,-87.6204497,chicago,b_4660_-7264,1576349428231,165.63098144531,0.622,-0.72,14:00,0.0464,0.2372,0.5392,0.1178,train,mapillary+fortyguard,True,
1112486513714102,41.8729347,-87.6168302,chicago,b_4661_-7263,1735595223931,359.12669915333,0.707,-0.68,14:00,0.2714,0.1221,0.2896,0.1371,train,mapillary+fortyguard,True,
964111804418279,41.8909009,-87.6343243,chicago,b_4663_-7263,1576340524222,67.480712890625,0.624,0.47,14:00,0.0,0.2151,0.1908,0.4844,test,mapillary+fortyguard,True,
266878521855138,41.8648499,-87.6445795,chicago,b_4660_-7266,1576514897169,359.22424316406,0.632,0.75,14:00,0.0467,0.2342,0.5065,0.0812,train,mapillary+fortyguard,True,
484189969563589,41.8715872,-87.64096,chicago,b_4661_-7265,1580068427134,269.45043945312,0.725,0.45,14:00,0.0012,0.1884,0.3998,0.3434,train,mapillary+fortyguard,True,
945323886229316,41.8810195,-87.6475957,chicago,b_4662_-7265,1580068738088,1.0936584472656,0.709,0.37,14:00,0.0056,0.1816,0.1791,0.545,train,mapillary+fortyguard,True,
467515137874316,41.876528,-87.6228627,chicago,b_4661_-7263,1576265507198,327.55908203125,0.775,-0.45,14:00,0.038,0.2637,0.1828,0.4547,train,mapillary+fortyguard,True,
291919285941832,41.8792229,-87.6331178,chicago,b_4661_-7264,1576273139160,270.92712402344,0.52,0.43,14:00,0.0,0.1799,0.0321,0.6511,train,mapillary+fortyguard,True,
149785193780351,41.8751805,-87.6469925,chicago,b_4661_-7265,1580069813250,357.03485107422,0.591,0.34,14:00,0.0,0.1864,0.3979,0.2953,train,mapillary+fortyguard,True,
293194295590342,41.8886552,-87.6397535,chicago,b_4663_-7263,1576268565153,275.15539550781,0.718,0.46,14:00,0.0115,0.233,0.2639,0.4341,test,mapillary+fortyguard,True,
1013535956549664,41.8841636,-87.6150205,chicago,b_4662_-7262,1694359121893,216.56066928686,0.728,-0.68,14:00,0.0806,0.2151,0.4965,0.0789,train,mapillary+fortyguard,True,
826367911301094,41.8828161,-87.6391503,chicago,b_4662_-7264,1576258320051,3.5502319335938,0.72,0.48,14:00,0.0,0.2585,0.1447,0.5688,train,mapillary+fortyguard,True,
3882695228485486,41.8895535,-87.6355308,chicago,b_4663_-7263,1576340491721,347.13403320312,0.719,0.5,14:00,0.0,0.215,0.0841,0.6255,test,mapillary+fortyguard,True,
830101864606857,41.8810195,-87.6246724,chicago,b_4662_-7263,1576265659215,2.5077209472656,0.674,-0.34,14:00,0.0866,0.2487,0.1967,0.39,test,mapillary+fortyguard,True,
158372392826670,41.8837144,-87.6349276,chicago,b_4662_-7263,1576339577164,358.29425048828,0.678,0.49,14:00,0.0247,0.2475,0.06,0.6136,test,mapillary+fortyguard,True,
832819464281775,41.8904518,-87.6313081,chicago,b_4663_-7262,1576266357209,180.60931396484,0.679,0.27,14:00,0.0,0.2581,0.1074,0.595,train,mapillary+fortyguard,True,
290142396132087,41.8864094,-87.6451827,chicago,b_4662_-7264,1580248690133,175.59606933594,0.592,0.37,14:00,0.2873,0.1906,0.2444,0.2045,train,mapillary+fortyguard,True,
305901724587320,41.8666465,-87.6132108,chicago,b_4660_-7264,1602606176511,269.8092956543,0.712,-0.69,14:00,0.2783,0.4484,0.1841,0.053,train,mapillary+fortyguard,True,
755406821775429,41.8846128,-87.6307049,chicago,b_4662_-7263,1576253977162,261.09387207031,0.693,0.26,14:00,0.0,0.145,0.0931,0.6514,test,mapillary+fortyguard,True,
1042200741006449,41.8828161,-87.616227,chicago,b_4662_-7262,1735595464064,65.578818200198,0.718,-0.69,14:00,0.1855,0.1509,0.3853,0.1368,train,mapillary+fortyguard,True,
769620053740490,41.8747313,-87.6439762,chicago,b_4661_-7265,1580069630214,39.628448486328,0.721,0.37,14:00,0.0,0.0739,0.3782,0.3114,train,mapillary+fortyguard,True,
1176416522786787,41.888206,-87.6367373,chicago,b_4662_-7263,1576340066169,233.26751708984,0.676,0.5,14:00,0.0,0.2438,0.0582,0.6375,test,mapillary+fortyguard,True,
754897001867909,41.8864094,-87.6222594,chicago,b_4662_-7262,1580161341075,50.092193603516,0.57,-0.54,14:00,0.0,0.0885,0.1188,0.7251,train,mapillary+fortyguard,True,
835652120696283,41.8756296,-87.6397535,chicago,b_4661_-7265,1580162061157,267.04309082031,0.571,0.44,14:00,0.0,0.0795,0.5291,0.3034,train,mapillary+fortyguard,True,
600289972512944,41.8644008,-87.61864,chicago,b_4660_-7264,1735594972230,351.54477819383,0.676,-0.8,14:00,0.2426,0.1922,0.2407,0.2256,train,mapillary+fortyguard,True,
1780356298838089,41.8891043,-87.6325146,chicago,b_4663_-7263,1576254119954,0.38082885742188,0.756,0.36,14:00,0.0388,0.094,0.3304,0.3956,test,mapillary+fortyguard,True,
933872840512418,41.8805704,-87.6216562,chicago,b_4662_-7263,1576257930161,270,0.667,-0.54,14:00,0.0638,0.1632,0.2446,0.3713,test,mapillary+fortyguard,True,
111199381043868,41.8652991,-87.6144173,chicago,b_4660_-7264,1602601877302,172.34191894531,0.675,-0.74,14:00,0.2864,0.4479,0.2158,0.0,train,mapillary+fortyguard,True,
282323430260146,41.8900026,-87.6282919,chicago,b_4663_-7262,1576262005204,252.82470703125,0.666,0.04,14:00,0.0,0.2481,0.0779,0.5748,train,mapillary+fortyguard,True,
938190900328998,41.8774263,-87.6313081,chicago,b_4661_-7264,1580161882102,179.07269287109,0.604,0.35,14:00,0.0215,0.0708,0.2257,0.6396,train,mapillary+fortyguard,True,
384419639434397,41.8666465,-87.6488022,chicago,b_4660_-7267,1580160606087,87.693054199219,0.684,0.67,14:00,0.4085,0.0513,0.2951,0.1594,train,mapillary+fortyguard,True,
211360138383219,41.8756296,-87.6168302,chicago,b_4661_-7263,1694359193361,181.54256665047,0.716,-0.69,14:00,0.0847,0.2209,0.5127,0.044,train,mapillary+fortyguard,True,
271666415760323,41.8675448,-87.6445795,chicago,b_4660_-7266,1694203263695,0,0.629,0.63,14:00,0.001,0.1882,0.4631,0.051,train,mapillary+fortyguard,True,
1159286611151481,41.8742822,-87.64096,chicago,b_4661_-7265,1580069705233,267.90240478516,0.705,0.4,14:00,0.0305,0.1951,0.3148,0.3862,train,mapillary+fortyguard,True,
1006268830180117,41.8837144,-87.6475957,chicago,b_4662_-7265,1580068017091,177.18969726562,0.708,0.36,14:00,0.0,0.2021,0.2384,0.4498,train,mapillary+fortyguard,True,
135275145212789,41.8819178,-87.6331178,chicago,b_4662_-7264,1576258167229,267.34826660156,0.695,0.42,14:00,0.0,0.243,0.0381,0.6712,train,mapillary+fortyguard,True,
2519520295021869,41.8886552,-87.6294984,chicago,b_4663_-7262,1576258910285,355.54052734375,0.726,0.16,14:00,0.0,0.2671,0.0846,0.5596,train,mapillary+fortyguard,True,
471501590782561,41.8778754,-87.6469925,chicago,b_4661_-7265,1580245994146,16.033538818359,0.584,0.37,14:00,0.0164,0.2034,0.2514,0.4028,train,mapillary+fortyguard,True,
263608993281007,41.8666465,-87.6258789,chicago,b_4660_-7265,1706207313651,17.862820625305,0.656,-0.18,14:00,0.0178,0.1424,0.1332,0.4946,test,mapillary+fortyguard,True,
958836291553401,41.8733839,-87.6222594,chicago,b_4661_-7264,1602606439435,270.20294189453,0.745,-0.54,14:00,0.2159,0.4339,0.0204,0.2681,train,mapillary+fortyguard,True,
515377546144415,41.8913501,-87.6397535,chicago,b_4663_-7263,1576261432200,147.94296264648,0.691,0.48,14:00,0.0687,0.1819,0.0588,0.5503,test,mapillary+fortyguard,True,
204080914722903,41.8760788,-87.6325146,chicago,b_4661_-7264,1602606795093,263.59313964844,0.738,0.4,14:00,0.0356,0.5048,0.1698,0.2422,train,mapillary+fortyguard,True,
924219964979400,41.8720364,-87.6463892,chicago,b_4661_-7266,1580245875109,358.2939453125,0.54,0.35,14:00,0.0585,0.2522,0.3793,0.2479,train,mapillary+fortyguard,True,
1395791140784541,41.8895535,-87.6252757,chicago,b_4663_-7262,1576270419188,359.25177001953,0.684,-0.34,14:00,0.0783,0.1971,0.1584,0.5203,train,mapillary+fortyguard,True,
960484211363064,41.8675448,-87.6216562,chicago,b_4660_-7264,1576349369230,91.424468994141,0.636,-0.6,14:00,0.0313,0.1859,0.5901,0.0454,train,mapillary+fortyguard,True,
1428929674132794,41.8769771,-87.6282919,chicago,b_4661_-7264,1576274214160,265.01586914062,0.412,0.03,14:00,0.0034,0.2108,0.0001,0.3461,train,mapillary+fortyguard,True,
778605546378175,41.8729347,-87.6421665,chicago,b_4661_-7265,1580068519116,357.38214111328,0.744,0.38,14:00,0.0,0.228,0.402,0.3282,train,mapillary+fortyguard,True,
318885939758032,41.879672,-87.638547,chicago,b_4662_-7264,1576273238149,272.88336181641,0.659,0.49,14:00,0.057,0.2264,0.2157,0.4016,train,mapillary+fortyguard,True,
1673868129894740,41.8684432,-87.6174335,chicago,b_4660_-7264,1735752567263,216.13690226735,0.688,-0.74,14:00,0.2551,0.1088,0.2673,0.1138,train,mapillary+fortyguard,True,
173078711406499,41.8864094,-87.6349276,chicago,b_4662_-7263,1576339625178,359.01953125,0.63,0.49,14:00,0.0,0.2592,0.2302,0.4643,test,mapillary+fortyguard,True,
3893343527430666,41.8805704,-87.6343243,chicago,b_4662_-7264,1576273499156,86.059783935547,0.488,0.48,14:00,0.0,0.194,0.046,0.6376,train,mapillary+fortyguard,True,
483306462879132,41.8873077,-87.6307049,chicago,b_4662_-7263,1580161651076,240.76483154297,0.68,0.27,14:00,0.0,0.0597,0.3162,0.4993,test,mapillary+fortyguard,True,
173641781228646,41.876528,-87.6481989,chicago,b_4661_-7265,1580069850258,273.78784179688,0.694,0.36,14:00,0.0,0.1696,0.2505,0.4904,train,mapillary+fortyguard,True,
916921259613330,41.8652991,-87.6270854,chicago,b_4660_-7265,1706207297651,152.86308908463,0.631,0.02,14:00,0.0,0.0,0.0464,0.9389,test,mapillary+fortyguard,True,
1601075550282576,41.8747313,-87.6337211,chicago,b_4661_-7264,1580160905105,181.80206298828,0.71,0.44,14:00,0.0836,0.0623,0.213,0.5809,train,mapillary+fortyguard,True,
209178980795693,41.888206,-87.6264822,chicago,b_4662_-7262,1576271876166,151.49752807617,0.596,-0.21,14:00,0.0,0.194,0.1401,0.5603,train,mapillary+fortyguard,True,
302260524947338,41.8729347,-87.6192432,chicago,b_4661_-7263,1602606395569,268.11700439453,0.777,-0.65,14:00,0.2558,0.5057,0.1395,0.0663,train,mapillary+fortyguard,True,
522503455426789,41.8909009,-87.6367373,chicago,b_4663_-7263,1576267296189,357.54083251953,0.699,0.51,14:00,0.0,0.2357,0.1588,0.5347,test,mapillary+fortyguard,True,
214349120232144,41.8648499,-87.6469925,chicago,b_4660_-7267,1580245739054,0.6368408203125,0.669,0.73,14:00,0.032,0.2251,0.3077,0.3555,train,mapillary+fortyguard,True,
571138249216758,41.8670957,-87.61864,chicago,b_4660_-7264,1735595025762,23.055146875933,0.665,-0.78,14:00,0.1498,0.1362,0.3916,0.0734,train,mapillary+fortyguard,True,
1267254223669641,41.8917992,-87.6325146,chicago,b_4663_-7262,1576340693279,181.26666259766,0.684,0.36,14:00,0.1108,0.2593,0.1537,0.4037,train,mapillary+fortyguard,True,
1661358750731116,41.8724856,-87.6391503,chicago,b_4661_-7265,1580068409116,183.68194580078,0.676,0.46,14:00,0.0034,0.2507,0.4015,0.286,train,mapillary+fortyguard,True,
220485682842298,41.8792229,-87.6355308,chicago,b_4661_-7264,1576273160152,256.62145996094,0.489,0.5,14:00,0.0,0.1374,0.1122,0.6235,train,mapillary+fortyguard,True,
807834569847628,41.8886552,-87.6421665,chicago,b_4663_-7264,1576268595176,267.77032470703,0.735,0.41,14:00,0.0181,0.2579,0.3286,0.3262,train,mapillary+fortyguard,True,
135187828556035,41.8801212,-87.6313081,chicago,b_4662_-7264,1580161830121,181.56030273438,0.537,0.36,14:00,0.0,0.0747,0.0963,0.7625,train,mapillary+fortyguard,True,
264726028672714,41.8760788,-87.6451827,chicago,b_4661_-7265,1602606920652,325.35641479492,0.621,0.36,14:00,0.0,0.021,0.0479,0.2401,train,mapillary+fortyguard,True,
378465993448276,41.8895535,-87.6379438,chicago,b_4663_-7263,1576340342222,149.44177246094,0.528,0.5,14:00,0.1441,0.1839,0.0061,0.5384,test,mapillary+fortyguard,True,
1173455534200754,41.8783246,-87.6168302,chicago,b_4661_-7263,1735595354566,359.72512788263,0.733,-0.69,14:00,0.2715,0.1074,0.2712,0.1394,train,mapillary+fortyguard,True,
1484737695202128,41.8810195,-87.6270854,chicago,b_4662_-7263,1576253686173,91.068664550781,0.635,-0.09,14:00,0.0,0.2134,0.0729,0.6224,test,mapillary+fortyguard,True,
2868514866697055,41.8877568,-87.6234659,chicago,b_4662_-7262,1576272002171,89.374267578125,0.633,-0.44,14:00,0.0,0.2505,0.2882,0.4071,train,mapillary+fortyguard,True,
758147404899000,41.8837144,-87.6373406,chicago,b_4662_-7264,1576258386184,355.27111816406,0.576,0.5,14:00,0.0,0.2494,0.1301,0.5241,train,mapillary+fortyguard,True,
273013217880917,41.8864094,-87.6475957,chicago,b_4662_-7264,1580067893057,179.01953125,0.718,0.36,14:00,0.0,0.195,0.1081,0.5698,train,mapillary+fortyguard,True,
866807544180355,41.8805704,-87.6469925,chicago,b_4662_-7265,1580068728193,0,0.678,0.37,14:00,0.0063,0.1877,0.1895,0.4968,train,mapillary+fortyguard,True,
1875499315946685,41.8747313,-87.6463892,chicago,b_4661_-7265,1580244591163,127.50347900391,0.417,0.34,14:00,0.0,0.0187,0.4584,0.0409,train,mapillary+fortyguard,True,
525474103844327,41.8837144,-87.6144173,chicago,b_4662_-7262,1735595471065,54.375092854809,0.663,-0.66,14:00,0.1128,0.2004,0.4368,0.0883,train,mapillary+fortyguard,True,
333202488230339,41.8864094,-87.6246724,chicago,b_4662_-7262,1576341493186,40.856567382812,0.636,-0.33,14:00,0.0,0.2001,0.1064,0.6076,train,mapillary+fortyguard,True,
300568374976037,41.8756296,-87.6421665,chicago,b_4661_-7265,1576517058326,272.58636474609,0.584,0.4,14:00,0.0,0.2368,0.6107,0.0855,train,mapillary+fortyguard,True,
282337761270013,41.8711381,-87.6174335,chicago,b_4661_-7263,1694359223966,179.79586054831,0.711,-0.69,14:00,0.1978,0.2103,0.4321,0.0617,train,mapillary+fortyguard,True,
1071460446712753,41.8891043,-87.6349276,chicago,b_4663_-7263,1576340230194,267.46435546875,0.705,0.47,14:00,0.0,0.1645,0.1241,0.688,test,mapillary+fortyguard,True,
2974067692915485,41.873833,-87.6276886,chicago,b_4661_-7264,1602606571543,3.4593200683594,0.741,0.01,14:00,0.159,0.3782,0.0313,0.2742,train,mapillary+fortyguard,True,
951261475703665,41.8805704,-87.6240692,chicago,b_4662_-7263,1576265653189,1.6195373535156,0.699,-0.34,14:00,0.0433,0.2405,0.2189,0.3938,test,mapillary+fortyguard,True,
465507811445562,41.8873077,-87.6204497,chicago,b_4662_-7262,1576272398319,229.39050292969,0.555,-0.66,14:00,0.0,0.2158,0.0767,0.4876,train,mapillary+fortyguard,True,
1444007155946514,41.8652991,-87.6168302,chicago,b_4660_-7264,1602606249312,267.85198974609,0.782,-0.8,14:00,0.2636,0.3881,0.1138,0.0622,train,mapillary+fortyguard,True,
929451504264692,41.8900026,-87.6307049,chicago,b_4663_-7262,1576266364215,179.47344970703,0.675,0.27,14:00,0.0,0.2233,0.0797,0.6027,train,mapillary+fortyguard,True,
1631039513951816,41.8774263,-87.6337211,chicago,b_4661_-7264,1576513429164,183.15686035156,0.614,0.47,14:00,0.0,0.241,0.0004,0.6783,train,mapillary+fortyguard,True,
494839725048467,41.8661974,-87.6126075,chicago,b_4660_-7264,1602601970596,87.61279296875,0.702,-0.65,14:00,0.3419,0.1951,0.2067,0.0012,train,mapillary+fortyguard,True,
470137170736050,41.8675448,-87.6469925,chicago,b_4660_-7266,1580245830112,3.1189270019531,0.474,0.61,14:00,0.1057,0.2209,0.491,0.0745,train,mapillary+fortyguard,True,
2838052889767427,41.8742822,-87.643373,chicago,b_4661_-7265,1580068581113,270.00006103516,0.738,0.36,14:00,0.0448,0.2179,0.4528,0.2173,train,mapillary+fortyguard,True,
2914432645479034,41.8917992,-87.6222594,chicago,b_4663_-7262,1576259073228,353.05487060547,0.673,-0.54,14:00,0.0,0.2018,0.0668,0.6819,train,mapillary+fortyguard,True,
477104323537340,41.8810195,-87.6397535,chicago,b_4662_-7264,1576273372412,71.438995361328,0.533,0.47,14:00,0.0002,0.2354,0.0398,0.6468,train,mapillary+fortyguard,True,
310663607232252,41.8877568,-87.6361341,chicago,b_4662_-7263,1576339671182,330.82366943359,0.684,0.49,14:00,0.0,0.2443,0.1031,0.6132,test,mapillary+fortyguard,True,
4030930763596326,41.8859602,-87.6216562,chicago,b_4662_-7262,1576272556180,74.962829589844,0.666,-0.61,14:00,0.0,0.1462,0.114,0.6467,train,mapillary+fortyguard,True,
876016079643737,41.8819178,-87.6355308,chicago,b_4662_-7264,1576258188217,270.00006103516,0.698,0.5,14:00,0.0,0.2371,0.0544,0.6472,train,mapillary+fortyguard,True,
155490509917462,41.8886552,-87.6319114,chicago,b_4663_-7263,1576254121158,359.23840332031,0.758,0.36,14:00,0.0,0.1029,0.3479,0.4496,test,mapillary+fortyguard,True,
887246888498951,41.8733839,-87.6246724,chicago,b_4661_-7264,1602606510558,267.78799438477,0.735,-0.35,14:00,0.0082,0.4266,0.0269,0.4575,train,mapillary+fortyguard,True,
937987250367163,41.8760788,-87.6349276,chicago,b_4661_-7264,1580162034105,271.01916503906,0.67,0.48,14:00,0.0,0.0607,0.5727,0.2969,train,mapillary+fortyguard,True,
828862741075550,41.8648499,-87.613814,chicago,b_4660_-7264,1602601725412,87.358764648438,0.552,-0.7,14:00,0.3542,0.3751,0.1373,0.027,train,mapillary+fortyguard,True,
2214487172026690,41.8828161,-87.6313081,chicago,b_4662_-7263,1576266522192,176.91931152344,0.572,0.35,14:00,0.0,0.2606,0.0508,0.6313,test,mapillary+fortyguard,True,
133468658773356,41.8895535,-87.6276886,chicago,b_4663_-7262,1576253360162,174.91357421875,0.651,-0.09,14:00,0.0,0.1763,0.0868,0.5961,train,mapillary+fortyguard,True,
291411432705614,41.8787737,-87.6451827,chicago,b_4661_-7265,1576513574232,335.42205810547,0.469,0.38,14:00,0.0,0.2571,0.2939,0.0984,train,mapillary+fortyguard,True,
786406393261581,41.8729347,-87.6445795,chicago,b_4661_-7266,1694203301192,359.68042145562,0.627,0.35,14:00,0.0081,0.1327,0.5329,0.0873,train,mapillary+fortyguard,True,
491309648779236,41.8904518,-87.6234659,chicago,b_4663_-7262,1576341568243,358.56256103516,0.618,-0.45,14:00,0.0,0.205,0.1198,0.616,train,mapillary+fortyguard,True,
211420367455668,41.8873077,-87.6331178,chicago,b_4662_-7263,1576255593187,270.61083984375,0.713,0.43,14:00,0.0,0.2641,0.2145,0.4744,test,mapillary+fortyguard,True,
1135970100204573,41.8832653,-87.6469925,chicago,b_4662_-7265,1580068020212,180,0.694,0.36,14:00,0.0,0.1948,0.2729,0.4058,train,mapillary+fortyguard,True,
2844339555816022,41.8729347,-87.6216562,chicago,b_4661_-7264,1602606435736,269.87066650391,0.763,-0.54,14:00,0.1752,0.4477,0.0477,0.2717,train,mapillary+fortyguard,True,
2896117597313238,41.8909009,-87.6391503,chicago,b_4663_-7263,1576261435189,126.45819091797,0.683,0.48,14:00,0.0017,0.2314,0.0576,0.5841,test,mapillary+fortyguard,True,
247884373760809,41.882367,-87.6282919,chicago,b_4662_-7263,1576339433170,265.34625244141,0.594,0.03,14:00,0.0001,0.2095,0.0458,0.6848,test,mapillary+fortyguard,True,
465775968085579,41.8715872,-87.645786,chicago,b_4661_-7266,1580244626221,172.66223144531,0.636,0.38,14:00,0.078,0.1965,0.5616,0.0204,train,mapillary+fortyguard,True,
470915924173120,41.8891043,-87.6246724,chicago,b_4663_-7262,1576344832266,189.65686035156,0.622,-0.34,14:00,0.0,0.002,0.0727,0.6021,train,mapillary+fortyguard,True,
128279272601272,41.8670957,-87.621053,chicago,b_4660_-7264,1576349367225,97.859893798828,0.536,-0.7,14:00,0.0095,0.1891,0.6219,0.0549,train,mapillary+fortyguard,True,
1289176138432112,41.873833,-87.6174335,chicago,b_4661_-7263,1694359205230,179.37856060368,0.714,-0.68,14:00,0.2861,0.2142,0.345,0.0109,train,mapillary+fortyguard,True,
238069101427112,41.8657482,-87.6451827,chicago,b_4660_-7266,1580244663115,177.66326904297,0.557,0.75,14:00,0.0101,0.2657,0.6115,0.0525,train,mapillary+fortyguard,True,
785166889059896,41.8792229,-87.6379438,chicago,b_4661_-7264,1576273217161,268.90081787109,0.635,0.51,14:00,0.0,0.0105,0.2609,0.405,train,mapillary+fortyguard,True,
793923294827629,41.8868585,-87.6301016,chicago,b_4662_-7263,1576258820200,90.725982666016,0.724,0.16,14:00,0.0,0.2694,0.2101,0.4568,test,mapillary+fortyguard,True,
173361681342920,41.8760788,-87.6475957,chicago,b_4661_-7265,1580245018337,267.12054443359,0.692,0.35,14:00,0.0,0.225,0.4488,0.2048,train,mapillary+fortyguard,True,
196425302317497,41.8828161,-87.6439762,chicago,b_4662_-7264,1576512724339,172.41979980469,0.605,0.39,14:00,0.0001,0.2267,0.252,0.4186,train,mapillary+fortyguard,True,
180993887223313,41.8702398,-87.6469925,chicago,b_4660_-7266,1580245862098,355.22955322266,0.573,0.42,14:00,0.2247,0.2112,0.3596,0.1216,train,mapillary+fortyguard,True,
5668486593223484,41.8877568,-87.6258789,chicago,b_4662_-7262,1580161516079,212.43627929688,0.648,-0.21,14:00,0.0,0.1156,0.1504,0.6478,train,mapillary+fortyguard,True,
785181819096767,41.8904518,-87.6361341,chicago,b_4663_-7263,1576261492209,94.228973388672,0.702,0.5,14:00,0.0,0.264,0.1362,0.512,test,mapillary+fortyguard,True,
3030291043962145,41.8644008,-87.6463892,chicago,b_4660_-7267,1580245722057,357.00836181641,0.668,0.74,14:00,0.0016,0.241,0.349,0.3298,train,mapillary+fortyguard,True,
1236660146750695,41.8819178,-87.6252757,chicago,b_4662_-7263,1576258047201,267.22900390625,0.563,-0.22,14:00,0.0,0.2264,0.04,0.6789,test,mapillary+fortyguard,True,
317280876589800,41.8846128,-87.6355308,chicago,b_4662_-7263,1576339611175,355.82543945312,0.649,0.49,14:00,0.0,0.2145,0.0507,0.6834,test,mapillary+fortyguard,True,
246893947225260,41.8787737,-87.6349276,chicago,b_4661_-7264,1576267015182,0,0.679,0.5,14:00,0.0,0.2314,0.0135,0.6933,train,mapillary+fortyguard,True,
1085855905236984,41.879672,-87.6307049,chicago,b_4662_-7264,1580161845079,183.24237060547,0.532,0.27,14:00,0.0,0.0559,0.111,0.6949,train,mapillary+fortyguard,True,
1090977258393476,41.8864094,-87.6270854,chicago,b_4662_-7263,1576341409194,105.91146850586,0.649,-0.09,14:00,0.0,0.1655,0.0,0.7776,test,mapillary+fortyguard,True,
1439970573010369,41.8756296,-87.6445795,chicago,b_4661_-7265,1580162089101,275.92346191406,0.698,0.36,14:00,0.0018,0.0773,0.6074,0.1044,train,mapillary+fortyguard,True,
373698087323676,41.8891043,-87.6373406,chicago,b_4663_-7263,1576340133198,25.574340820312,0.714,0.5,14:00,0.0,0.1926,0.3182,0.4651,test,mapillary+fortyguard,True,
245500457326169,41.8917992,-87.6475957,chicago,b_4663_-7264,1580067729153,177.59851074219,0.708,0.36,14:00,0.0,0.2199,0.2001,0.4738,train,mapillary+fortyguard,True,
471507640576732,41.8805704,-87.6264822,chicago,b_4662_-7263,1576253697152,89.999969482422,0.412,-0.09,14:00,0.0,0.1863,0.0724,0.5914,test,mapillary+fortyguard,True,
696005845224406,41.8697906,-87.6439762,chicago,b_4660_-7266,1694203284467,0.12713303225149,0.616,0.51,14:00,0.0013,0.1265,0.2047,0.0693,train,mapillary+fortyguard,True,
9426255757419558,41.8652991,-87.6192432,chicago,b_4660_-7264,1735752591858,169.48524870936,0.693,-0.78,14:00,0.2408,0.0905,0.2032,0.2866,train,mapillary+fortyguard,True,
833206217616619,41.8832653,-87.6367373,chicago,b_4662_-7264,1576258378206,349.45642089844,0.686,0.5,14:00,0.0,0.2361,0.1049,0.5756,train,mapillary+fortyguard,True,
793641571522075,41.8900026,-87.6331178,chicago,b_4663_-7263,1576270256170,86.545013427734,0.701,0.43,14:00,0.0,0.235,0.1492,0.4976,test,mapillary+fortyguard,True,
538474803982756,41.8859602,-87.6469925,chicago,b_4662_-7264,1580246302074,0,0.653,0.36,14:00,0.0,0.2597,0.2132,0.4698,train,mapillary+fortyguard,True,
547445109574579,41.8841636,-87.6325146,chicago,b_4662_-7263,1576340858176,176.84344482422,0.671,0.42,14:00,0.0,0.2002,0.0457,0.6686,test,mapillary+fortyguard,True,
304035968121630,41.8909009,-87.6288951,chicago,b_4663_-7262,1576258966186,82.264129638672,0.66,0.03,14:00,0.0089,0.245,0.0772,0.582,train,mapillary+fortyguard,True,
302009168035707,41.8850619,-87.6282919,chicago,b_4662_-7263,1576253489160,184.60150146484,0.628,0.03,14:00,0.0001,0.2544,0.1105,0.5831,test,mapillary+fortyguard,True,
240253624522775,41.8742822,-87.645786,chicago,b_4661_-7265,1580068259131,90.523376464844,0.739,0.34,14:00,0.0,0.1885,0.5352,0.1799,train,mapillary+fortyguard,True,
471956454108834,41.8917992,-87.6246724,chicago,b_4663_-7262,1576259137238,267.45733642578,0.631,-0.34,14:00,0.0,0.1725,0.0504,0.6976,train,mapillary+fortyguard,True,
312690553566107,41.8877568,-87.638547,chicago,b_4662_-7263,1576339719166,127.50918579102,0.663,0.48,14:00,0.0146,0.1897,0.1586,0.5371,test,mapillary+fortyguard,True,
6223071127802563,41.876528,-87.6174335,chicago,b_4661_-7263,1694359185493,179.37465055417,0.729,-0.69,14:00,0.0939,0.1721,0.5212,0.022,train,mapillary+fortyguard,True,
1578115989052475,41.8859602,-87.6240692,chicago,b_4662_-7262,1576341494195,29.652954101562,0.625,-0.44,14:00,0.0,0.2404,0.0923,0.6037,train,mapillary+fortyguard,True,
689247303091976,41.8751805,-87.6415633,chicago,b_4661_-7265,1694203330697,87.684082665163,0.684,0.41,14:00,0.0057,0.1468,0.211,0.4138,train,mapillary+fortyguard,True,
304466747787975,41.8819178,-87.6379438,chicago,b_4662_-7264,1576258211244,267.46466064453,0.678,0.5,14:00,0.0,0.1855,0.0664,0.6096,train,mapillary+fortyguard,True,
620793026972004,41.8706889,-87.6168302,chicago,b_4661_-7263,1735752550327,179.38507880831,0.667,-0.71,14:00,0.1158,0.1901,0.4525,0.069,train,mapillary+fortyguard,True,
175650881125157,41.8886552,-87.6343243,chicago,b_4663_-7263,1576340166005,88.851409912109,0.544,0.47,14:00,0.0,0.2019,0.0833,0.6853,test,mapillary+fortyguard,True,
492586608609523,41.8733839,-87.6270854,chicago,b_4661_-7264,1602606564644,2.2589416503906,0.74,-0.11,14:00,0.1823,0.1063,0.0304,0.2584,train,mapillary+fortyguard,True,
2960087724228365,41.8648499,-87.616227,chicago,b_4660_-7264,1602606243398,269.20947265625,0.759,-0.78,14:00,0.2277,0.4453,0.1729,0.1286,train,mapillary+fortyguard,True,
4554923351204443,41.8810195,-87.6192432,chicago,b_4662_-7263,1576257866186,270.00006103516,0.774,-0.68,14:00,0.0284,0.2644,0.3925,0.2393,test,mapillary+fortyguard,True,
862925071863448,41.8877568,-87.6156238,chicago,b_4662_-7261,1694359087930,103.71959635843,0.733,-0.68,14:00,0.0245,0.1414,0.3267,0.3933,test,mapillary+fortyguard,True,
309040647342500,41.8769771,-87.6331178,chicago,b_4661_-7264,1576513438169,166.80773925781,0.68,0.42,14:00,0.0007,0.2488,0.1624,0.52,train,mapillary+fortyguard,True,
963017847774281,41.8837144,-87.6294984,chicago,b_4662_-7263,1576341120192,344.29113769531,0.61,0.15,14:00,0.0,0.1588,0.0403,0.6145,test,mapillary+fortyguard,True,
479976943259679,41.8904518,-87.6258789,chicago,b_4663_-7262,1576261881178,186.40032958984,0.62,-0.22,14:00,0.0081,0.2689,0.0016,0.5287,train,mapillary+fortyguard,True,
840439916551303,41.8846128,-87.6252757,chicago,b_4662_-7263,1576253817174,267.78118896484,0.602,-0.34,14:00,0.0,0.1901,0.057,0.6896,test,mapillary+fortyguard,True,
159410269452978,41.873833,-87.6427698,chicago,b_4661_-7265,1580068529125,342.45275878906,0.674,0.38,14:00,0.0336,0.2308,0.3242,0.3473,train,mapillary+fortyguard,True,
180056273993283,41.8805704,-87.6391503,chicago,b_4662_-7264,1576273374141,87.882904052734,0.644,0.49,14:00,0.0047,0.2413,0.0338,0.647,train,mapillary+fortyguard,True,
1737990333716920,41.8693415,-87.6180367,chicago,b_4660_-7264,1735752562196,204.37979520327,0.694,-0.72,14:00,0.1848,0.2109,0.3887,0.0876,train,mapillary+fortyguard,True,
297297245283306,41.8873077,-87.6355308,chicago,b_4662_-7263,1576339637176,326.38830566406,0.714,0.49,14:00,0.0,0.1852,0.0966,0.6702,test,mapillary+fortyguard,True,
466323711249529,41.8855111,-87.621053,chicago,b_4662_-7262,1576272557174,85.902404785156,0.621,-0.61,14:00,0.0,0.1152,0.047,0.73,train,mapillary+fortyguard,True,
507747420409065,41.8841636,-87.6451827,chicago,b_4662_-7264,1576512117148,11.44140625,0.707,0.37,14:00,0.0599,0.2048,0.4335,0.2311,train,mapillary+fortyguard,True,
4002960386446750,41.8729347,-87.6240692,chicago,b_4661_-7264,1602606504393,264.85418701172,0.694,-0.35,14:00,0.0001,0.42,0.0248,0.4901,train,mapillary+fortyguard,True,
493873678478017,41.8756296,-87.6343243,chicago,b_4661_-7264,1580162032086,270.00006103516,0.674,0.45,14:00,0.0,0.0655,0.6215,0.2656,train,mapillary+fortyguard,True,
1021771435021151,41.882367,-87.6307049,chicago,b_4662_-7263,1580161810128,180.51391601562,0.611,0.26,14:00,0.0,0.063,0.1235,0.7294,test,mapillary+fortyguard,True,
5380183038718297,41.8859602,-87.6367373,chicago,b_4662_-7263,1576255668200,186.43572998047,0.629,0.5,14:00,0.0433,0.205,0.0406,0.6146,test,mapillary+fortyguard,True,
197841445516212,41.8886552,-87.6469925,chicago,b_4663_-7264,1580248628071,175.64227294922,0.655,0.36,14:00,0.0605,0.204,0.2771,0.3889,train,mapillary+fortyguard,True,
483245236251718,41.8733839,-87.6397535,chicago,b_4661_-7265,1580068402078,178.96789550781,0.727,0.43,14:00,0.0,0.2293,0.3307,0.4039,train,mapillary+fortyguard,True,
274960354339436,41.8868585,-87.6325146,chicago,b_4662_-7263,1576255589189,270.00006103516,0.732,0.36,14:00,0.0,0.2458,0.2338,0.4726,test,mapillary+fortyguard,True,
511108499924713,41.8877568,-87.6282919,chicago,b_4662_-7262,1576253391190,175.54516601562,0.592,0.04,14:00,0.0,0.0599,0.1343,0.6135,train,mapillary+fortyguard,True,
475148870480659,41.8769771,-87.645786,chicago,b_4661_-7265,1580247770174,195.08758544922,0.625,0.36,14:00,0.0366,0.2059,0.4705,0.0183,train,mapillary+fortyguard,True,
3870647399712570,41.8904518,-87.638547,chicago,b_4663_-7263,1576270096170,150.57891845703,0.67,0.5,14:00,0.0,0.1895,0.1589,0.5864,test,mapillary+fortyguard,True,
1580006419195954,41.8792229,-87.6174335,chicago,b_4661_-7263,1694359165490,179.31144605862,0.702,-0.69,14:00,0.2601,0.1602,0.3603,0.0001,train,mapillary+fortyguard,True,
297356096232443,41.8859602,-87.613814,chicago,b_4662_-7261,1694359108791,189.93100839184,0.663,-0.66,14:00,0.0,0.0262,0.3605,0.525,test,mapillary+fortyguard,True,
864478367436565,41.8819178,-87.6276886,chicago,b_4662_-7263,1576253586155,179.54132080078,0.614,0.03,14:00,0.0,0.2283,0.0804,0.5941,test,mapillary+fortyguard,True,
4247079495323955,41.8886552,-87.6240692,chicago,b_4663_-7262,1576341547186,10.415405273438,0.667,-0.44,14:00,0.0,0.0526,0.1396,0.5837,train,mapillary+fortyguard,True,
1045306903586708,41.8733839,-87.6168302,chicago,b_4661_-7263,1694359208030,179.61591363751,0.708,-0.68,14:00,0.1797,0.1722,0.4377,0.0076,train,mapillary+fortyguard,True,
386018159399225,41.8760788,-87.6270854,chicago,b_4661_-7264,1576339221174,358.68756103516,0.654,-0.1,14:00,0.0068,0.1005,0.1423,0.6755,train,mapillary+fortyguard,True,
196661102168235,41.8720364,-87.64096,chicago,b_4661_-7265,1580068429170,271.16571044922,0.704,0.42,14:00,0.0046,0.2349,0.5475,0.1434,train,mapillary+fortyguard,True,
686354426337057,41.8895535,-87.6198465,chicago,b_4663_-7262,1694203928427,279.94659672643,0.74,-0.65,14:00,0.0,0.2117,0.1237,0.5496,train,mapillary+fortyguard,True,
789411708445411,41.8814687,-87.6475957,chicago,b_4662_-7265,1580068736148,358.12554931641,0.729,0.37,14:00,0.0,0.1902,0.1654,0.5731,train,mapillary+fortyguard,True,
932308470880654,41.879672,-87.6331178,chicago,b_4662_-7264,1576273138164,269.42578125,0.453,0.43,14:00,0.0,0.2127,0.0416,0.5887,train,mapillary+fortyguard,True,
124860912951827,41.8864094,-87.6294984,chicago,b_4662_-7263,1576341235966,326.64910888672,0.567,0.16,14:00,0.0,0.1735,0.1804,0.5423,test,mapillary+fortyguard,True,
289158772751754,41.8756296,-87.6469925,chicago,b_4661_-7265,1580069817247,357.97808837891,0.659,0.35,14:00,0.0063,0.2364,0.2274,0.131,train,mapillary+fortyguard,True,
369381087829802,41.8891043,-87.6397535,chicago,b_4663_-7263,1576268569160,273.34252929688,0.708,0.48,14:00,0.0143,0.2239,0.1714,0.4986,test,mapillary+fortyguard,True,
239051031348453,41.8832653,-87.6391503,chicago,b_4662_-7264,1576258326195,87.545379638672,0.693,0.48,14:00,0.0,0.2209,0.0712,0.6747,train,mapillary+fortyguard,True,
948624122571377,41.8900026,-87.6355308,chicago,b_4663_-7263,1576270836161,358.32781982422,0.456,0.5,14:00,0.0,0.1987,0.0,0.6965,test,mapillary+fortyguard,True,
517753895914709,41.8814687,-87.6246724,chicago,b_4662_-7263,1576272814185,173.05383300781,0.63,-0.34,14:00,0.0244,0.2532,0.2805,0.3755,test,mapillary+fortyguard,True,
217094016562068,41.8841636,-87.6349276,chicago,b_4662_-7263,1576339603177,0.9693603515625,0.665,0.49,14:00,0.0457,0.2216,0.0468,0.6321,test,mapillary+fortyguard,True,
844038709877633,41.8909009,-87.6313081,chicago,b_4663_-7262,1576266343176,170.60687255859,0.672,0.27,14:00,0.0079,0.2458,0.049,0.6156,train,mapillary+fortyguard,True,
2717975725089824,41.8868585,-87.6451827,chicago,b_4662_-7264,1580247514155,172.35388183594,0.653,0.37,14:00,0.0888,0.1769,0.3452,0.288,train,mapillary+fortyguard,True,
375591547120244,41.8850619,-87.6307049,chicago,b_4662_-7263,1580161720172,173.9765625,0.621,0.26,14:00,0.0,0.0852,0.0686,0.7826,test,mapillary+fortyguard,True,
1167741690315631,41.8859602,-87.6264822,chicago,b_4662_-7263,1576341411191,153.40258789062,0.643,-0.21,14:00,0.0,0.1265,0.0,0.7818,test,mapillary+fortyguard,True,
287468402926268,41.8639516,-87.6228627,chicago,b_4660_-7265,1576349291191,1.5235595703125,0.598,-0.5,14:00,0.4744,0.181,0.0875,0.218,test,mapillary+fortyguard,True,
527255651986330,41.8886552,-87.6367373,chicago,b_4663_-7263,1576340132193,353.70642089844,0.716,0.5,14:00,0.0,0.1658,0.3347,0.4564,test,mapillary+fortyguard,True,
478718708019867,41.8801212,-87.6258789,chicago,b_4662_-7263,1705769897564,275,0.489,-0.22,14:00,0.0,0.0,0.0,1.0,test,mapillary+fortyguard,True,
735501727130546,41.8760788,-87.6397535,chicago,b_4661_-7265,1580162063077,262.23284912109,0.629,0.44,14:00,0.0,0.0571,0.6306,0.2104,train,mapillary+fortyguard,True,
2883874278441340,41.8648499,-87.61864,chicago,b_4660_-7264,1735595011192,350.98608982248,0.678,-0.8,14:00,0.1888,0.1133,0.2889,0.1802,train,mapillary+fortyguard,True,
467209844392507,41.8810195,-87.6216562,chicago,b_4662_-7263,1576257921204,269.12561035156,0.726,-0.61,14:00,0.0469,0.2494,0.2812,0.3334,test,mapillary+fortyguard,True,
513990983348379,41.8657482,-87.6144173,chicago,b_4660_-7264,1602606209481,172.82458496094,0.677,-0.74,14:00,0.445,0.3915,0.1619,0.0,train,mapillary+fortyguard,True,
504876373903548,41.8904518,-87.6282919,chicago,b_4663_-7262,1576258978234,88.100250244141,0.649,0.04,14:00,0.0283,0.249,0.0663,0.5807,train,mapillary+fortyguard,True,
230944258791638,41.8846128,-87.6276886,chicago,b_4662_-7263,1576253503157,178.76379394531,0.594,-0.09,14:00,0.0,0.2451,0.1091,0.5913,test,mapillary+fortyguard,True,
230324435519741,41.8913501,-87.6240692,chicago,b_4663_-7262,1576341615242,358.12585449219,0.669,-0.45,14:00,0.0,0.1877,0.1415,0.5714,train,mapillary+fortyguard,True,
1129547445210979,41.8760788,-87.6168302,chicago,b_4661_-7263,1735595265028,359.65687839472,0.698,-0.69,14:00,0.0395,0.1016,0.4977,0.08,train,mapillary+fortyguard,True,
279623923807941,41.8855111,-87.6234659,chicago,b_4662_-7262,1580161289051,88.738494873047,0.706,-0.44,14:00,0.0,0.0588,0.1647,0.6992,train,mapillary+fortyguard,True,
295402538870149,41.8747313,-87.64096,chicago,b_4661_-7265,1580069704182,267.66955566406,0.721,0.41,14:00,0.0,0.1995,0.3746,0.3879,train,mapillary+fortyguard,True,
3898068803573606,41.8841636,-87.6475957,chicago,b_4662_-7264,1580246276084,359.35369873047,0.663,0.36,14:00,0.0,0.2643,0.1417,0.5125,train,mapillary+fortyguard,True,
1441860166146705,41.8729347,-87.6264822,chicago,b_4661_-7264,1602606527609,269.2917175293,0.656,-0.11,14:00,0.0613,0.319,0.0,0.4497,train,mapillary+fortyguard,True,
1340195806351628,41.8756296,-87.6367373,chicago,b_4661_-7265,1580162048193,269.43426513672,0.59,0.49,14:00,0.0,0.0808,0.1291,0.7354,train,mapillary+fortyguard,True,
240197024548463,41.882367,-87.6331178,chicago,b_4662_-7264,1576258162202,271.26141357422,0.694,0.42,14:00,0.0,0.1932,0.0328,0.6119,train,mapillary+fortyguard,True,
1153770041729403,41.8891043,-87.6294984,chicago,b_4663_-7262,1576258941171,20.033020019531,0.695,0.16,14:00,0.0004,0.2191,0.1038,0.5548,train,mapillary+fortyguard,True,
220612656166380,41.8783246,-87.6469925,chicago,b_4661_-7265,1580246059130,359.50964355469,0.649,0.37,14:00,0.0114,0.2012,0.156,0.5237,train,mapillary+fortyguard,True,
473920613845865,41.8917992,-87.6397535,chicago,b_4663_-7263,1576261377182,142.62030029297,0.651,0.48,14:00,0.0005,0.2551,0.1871,0.4618,test,mapillary+fortyguard,True,
1144363656074840,41.8805704,-87.61864,chicago,b_4662_-7263,1576257859193,267.30712890625,0.721,-0.68,14:00,0.1599,0.2296,0.3777,0.1234,test,mapillary+fortyguard,True,
3587110331577533,41.8873077,-87.6150205,chicago,b_4662_-7261,1694359089597,92.946428935807,0.705,-0.68,14:00,0.0287,0.0721,0.3436,0.3641,test,mapillary+fortyguard,True,
488315065703982,41.876528,-87.6325146,chicago,b_4661_-7264,1576516791156,3.1569213867188,0.649,0.42,14:00,0.0,0.1204,0.0,0.7802,train,mapillary+fortyguard,True,
758721048107142,41.8774263,-87.6282919,chicago,b_4661_-7264,1576273896155,358.20434570312,0.619,0.03,14:00,0.0062,0.1787,0.0193,0.6686,train,mapillary+fortyguard,True,
915231959272316,41.8733839,-87.6421665,chicago,b_4661_-7265,1580068522163,358.49011230469,0.721,0.38,14:00,0.0,0.2131,0.2654,0.4564,train,mapillary+fortyguard,True,
449986384836883,41.8688923,-87.6174335,chicago,b_4660_-7264,1735595035830,33.830342555082,0.634,-0.74,14:00,0.3401,0.1592,0.2894,0.0429,train,mapillary+fortyguard,True,
475920800289785,41.8868585,-87.6349276,chicago,b_4662_-7263,1576258601228,98.980102539062,0.641,0.47,14:00,0.0,0.1682,0.1506,0.5911,test,mapillary+fortyguard,True,
1019968055076399,41.8850619,-87.6204497,chicago,b_4662_-7262,1576272579177,190.76245117188,0.573,-0.66,14:00,0.0977,0.2404,0.446,0.0766,train,mapillary+fortyguard,True,
135324291920258,41.8810195,-87.6343243,chicago,b_4662_-7264,1576273496150,86.657897949219,0.462,0.47,14:00,0.0,0.1836,0.0493,0.651,train,mapillary+fortyguard,True,
1873287602848427,41.8769771,-87.6481989,chicago,b_4661_-7265,1580069848232,267.19390869141,0.726,0.36,14:00,0.0193,0.2145,0.2498,0.4752,train,mapillary+fortyguard,True,
300274675015699,41.8751805,-87.6337211,chicago,b_4661_-7264,1580160909151,187.19293212891,0.654,0.44,14:00,0.0,0.1395,0.093,0.7358,train,mapillary+fortyguard,True,
3990914540986501,41.8819178,-87.6301016,chicago,b_4662_-7263,1576258139189,267.65155029297,0.684,0.26,14:00,0.0,0.2457,0.0311,0.6598,test,mapillary+fortyguard,True,
1637065569970298,41.8733839,-87.6192432,chicago,b_4661_-7263,1602606393402,269.38748168945,0.77,-0.65,14:00,0.283,0.489,0.1185,0.0572,train,mapillary+fortyguard,True,
154566543289396,41.8652991,-87.6469925,chicago,b_4660_-7267,1580245745074,359.18731689453,0.709,0.73,14:00,0.0,0.2272,0.3759,0.3102,train,mapillary+fortyguard,True,
987103975450377,41.8675448,-87.61864,chicago,b_4660_-7264,1602606320433,28.89111328125,0.714,-0.76,14:00,0.1914,0.3268,0.2594,0.0011,train,mapillary+fortyguard,True,
1103473900141921,41.8922484,-87.6325146,chicago,b_4663_-7262,1576340616219,352.05426025391,0.608,0.36,14:00,0.0,0.1113,0.3946,0.3452,train,mapillary+fortyguard,True,
1133951757104052,41.8769771,-87.6252757,chicago,b_4661_-7263,1576274156160,274.79815673828,0.505,-0.23,14:00,0.0003,0.2651,0.1419,0.5669,train,mapillary+fortyguard,True,
198095748818821,41.8729347,-87.6391503,chicago,b_4661_-7265,1580068405132,177.90270996094,0.705,0.45,14:00,0.0,0.2131,0.3282,0.4071,train,mapillary+fortyguard,True,
3964573876955040,41.8864094,-87.6319114,chicago,b_4662_-7263,1576254094169,357.90313720703,0.704,0.36,14:00,0.0,0.2276,0.1956,0.534,test,mapillary+fortyguard,True,
134202308738168,41.8805704,-87.6313081,chicago,b_4662_-7264,1576273544142,89.274017333984,0.532,0.36,14:00,0.0,0.2363,0.0789,0.6177,train,mapillary+fortyguard,True,
483090843140112,41.8900026,-87.6379438,chicago,b_4663_-7263,1576340311193,270.87457275391,0.636,0.5,14:00,0.0175,0.2498,0.3016,0.3768,test,mapillary+fortyguard,True,
1841264946050719,41.888206,-87.6234659,chicago,b_4662_-7262,1580161434073,269.07281494141,0.64,-0.44,14:00,0.0,0.1011,0.1141,0.6391,train,mapillary+fortyguard,True,
220146409581360,41.8661974,-87.6198465,chicago,b_4660_-7264,1580496372764,173.03594970703,0.535,-0.78,14:00,0.2737,0.2639,0.1929,0.0136,train,mapillary+fortyguard,True,
146583074115069,41.8841636,-87.6373406,chicago,b_4662_-7264,1576258429212,358.56243896484,0.642,0.5,14:00,0.0,0.2305,0.1381,0.5114,train,mapillary+fortyguard,True,
263389558556433,41.8909009,-87.6337211,chicago,b_4663_-7263,1576268152172,177.96978759766,0.753,0.43,14:00,0.0,0.2732,0.1325,0.5367,test,mapillary+fortyguard,True,
853747758546982,41.8868585,-87.6475957,chicago,b_4662_-7264,1580067892070,180.5078125,0.73,0.36,14:00,0.0,0.1926,0.1092,0.5953,train,mapillary+fortyguard,True,
930952247726354,41.8715872,-87.6403568,chicago,b_4661_-7265,1580068423086,271.19281005859,0.703,0.48,14:00,0.0,0.2652,0.4197,0.2549,train,mapillary+fortyguard,True,
947742125976793,41.8850619,-87.6331178,chicago,b_4662_-7263,1576340800208,173.88781738281,0.552,0.42,14:00,0.0873,0.1566,0.0355,0.5734,test,mapillary+fortyguard,True,
483284293125509,41.8810195,-87.6469925,chicago,b_4662_-7265,1580246161151,359.04144287109,0.605,0.37,14:00,0.0002,0.2013,0.1624,0.5469,train,mapillary+fortyguard,True,
285649516609825,41.8868585,-87.6246724,chicago,b_4662_-7262,1576344978190,98.573974609375,0.4,-0.33,14:00,0.0,0.2198,0.0,0.7234,train,mapillary+fortyguard,True,
967235644351199,41.8715872,-87.6174335,chicago,b_4661_-7263,1694359219966,179.32452588716,0.682,-0.69,14:00,0.2579,0.1546,0.419,0.0001,train,mapillary+fortyguard,True,
463616061589289,41.8895535,-87.6349276,chicago,b_4663_-7263,1576340223188,278.83441162109,0.694,0.47,14:00,0.0,0.168,0.1324,0.6575,test,mapillary+fortyguard,True,
198100702146212,41.8742822,-87.6276886,chicago,b_4661_-7264,1602606593752,356.65319824219,0.714,0.01,14:00,0.0363,0.4152,0.0342,0.4393,train,mapillary+fortyguard,True,
208529760889547,41.8666465,-87.6126075,chicago,b_4660_-7264,1602606156574,266.30328369141,0.738,-0.65,14:00,0.1613,0.2748,0.2673,0.0488,train,mapillary+fortyguard,True,
4019145581512516,41.8846128,-87.6301016,chicago,b_4662_-7263,1576253966165,262.41235351562,0.675,0.15,14:00,0.0162,0.158,0.0923,0.5931,test,mapillary+fortyguard,True,
344056887323103,41.867994,-87.6469925,chicago,b_4660_-7266,1580245834121,355.60992431641,0.568,0.61,14:00,0.1693,0.2312,0.4772,0.0461,train,mapillary+fortyguard,True,
2004550673032970,41.8747313,-87.643373,chicago,b_4661_-7265,1580068598214,267.99353027344,0.709,0.37,14:00,0.0186,0.2133,0.4609,0.2401,train,mapillary+fortyguard,True,
2888327391434515,41.888206,-87.6361341,chicago,b_4662_-7263,1576340038238,277.17761230469,0.668,0.5,14:00,0.0,0.2269,0.0422,0.6798,test,mapillary+fortyguard,True,
221745262703027,41.8864094,-87.6216562,chicago,b_4662_-7262,1576272438170,49.854614257812,0.658,-0.61,14:00,0.0,0.173,0.0441,0.6477,train,mapillary+fortyguard,True,
4091118344242423,41.882367,-87.6355308,chicago,b_4662_-7264,1576339513162,356.1279296875,0.682,0.5,14:00,0.0,0.248,0.0623,0.6606,train,mapillary+fortyguard,True,
1781228832049815,41.8891043,-87.6319114,chicago,b_4663_-7263,1576270722173,267.94848632812,0.661,0.36,14:00,0.0,0.2058,0.147,0.4755,test,mapillary+fortyguard,True,
1724969261009300,41.8850619,-87.645786,chicago,b_4662_-7264,1580069221127,5.4964294433594,0.711,0.36,14:00,0.4286,0.1703,0.2192,0.1765,train,mapillary+fortyguard,True,
840515130713306,41.8873077,-87.6174335,chicago,b_4662_-7262,1694359074096,97.8100527255,0.594,-0.69,14:00,0.0001,0.1352,0.0037,0.0005,train,mapillary+fortyguard,True,
579087356370812,41.8652991,-87.613814,chicago,b_4660_-7264,1602606222436,240.58529663086,0.585,-0.7,14:00,0.3931,0.3954,0.1315,0.0038,train,mapillary+fortyguard,True,
1346441779059780,41.8832653,-87.6313081,chicago,b_4662_-7263,1576340963175,113.81311035156,0.563,0.35,14:00,0.0,0.2118,0.0809,0.6288,test,mapillary+fortyguard,True,
488077055944181,41.8900026,-87.6276886,chicago,b_4663_-7262,1576253354160,173.85699462891,0.632,-0.09,14:00,0.0,0.2198,0.0664,0.6659,train,mapillary+fortyguard,True,
917280890607933,41.8814687,-87.6168302,chicago,b_4662_-7262,1735595452195,5.4808304566141,0.754,-0.68,14:00,0.0652,0.2031,0.3163,0.1776,train,mapillary+fortyguard,True,
149409300480551,41.8774263,-87.6307049,chicago,b_4661_-7264,1580161888081,192.17883300781,0.634,0.26,14:00,0.0,0.0591,0.3208,0.5457,train,mapillary+fortyguard,True,
1061934978304049,41.8733839,-87.6445795,chicago,b_4661_-7265,1694203308326,356.93116622247,0.626,0.35,14:00,0.0013,0.1104,0.5037,0.1361,train,mapillary+fortyguard,True,
180268023866288,41.8895535,-87.6475957,chicago,b_4663_-7264,1580247413094,178.03967285156,0.645,0.36,14:00,0.0,0.2057,0.356,0.3505,train,mapillary+fortyguard,True,
315649986850266,41.8675448,-87.6439762,chicago,b_4660_-7266,1580244951231,357.23663330078,0.668,0.65,14:00,0.0869,0.2213,0.5271,0.0507,train,mapillary+fortyguard,True,
509119386773200,41.8742822,-87.6403568,chicago,b_4661_-7265,1580069703166,271.72863769531,0.724,0.43,14:00,0.0,0.2322,0.3749,0.3536,train,mapillary+fortyguard,True,
3003913709832213,41.8837144,-87.6469925,chicago,b_4662_-7264,1580068014116,177.60498046875,0.69,0.36,14:00,0.0,0.1927,0.216,0.4802,train,mapillary+fortyguard,True,
349195239884011,41.8751805,-87.6361341,chicago,b_4661_-7265,1576516669136,87.5966796875,0.655,0.47,14:00,0.0,0.1524,0.47,0.2622,train,mapillary+fortyguard,True,
235897058331454,41.8913501,-87.6391503,chicago,b_4663_-7263,1576270084171,148.79977416992,0.728,0.48,14:00,0.0668,0.1792,0.0773,0.6006,test,mapillary+fortyguard,True,
156014106475131,41.8895535,-87.6246724,chicago,b_4663_-7262,1576344826215,189.91040039062,0.649,-0.34,14:00,0.0,0.0985,0.1482,0.5367,train,mapillary+fortyguard,True,
593180502075804,41.8675448,-87.621053,chicago,b_4660_-7264,1576349370227,95.201812744141,0.606,-0.68,14:00,0.0248,0.1811,0.5919,0.0523,train,mapillary+fortyguard,True,
614440164188963,41.8742822,-87.6174335,chicago,b_4661_-7263,1694359204030,179.59897679679,0.715,-0.68,14:00,0.3021,0.1884,0.3389,0.0098,train,mapillary+fortyguard,True,
483444506138322,41.8769771,-87.6276886,chicago,b_4661_-7264,1576339249181,6.6617431640625,0.65,0.03,14:00,0.0076,0.0872,0.0988,0.6932,train,mapillary+fortyguard,True,
2941062892774987,41.8913501,-87.616227,chicago,b_4663_-7261,1576344046205,89.163421630859,0.681,-0.64,14:00,0.0173,0.2617,0.0941,0.5639,train,mapillary+fortyguard,True,
315074199982161,41.876528,-87.6475957,chicago,b_4661_-7265,1580245985150,355.32806396484,0.639,0.36,14:00,0.0015,0.1977,0.1639,0.5028,train,mapillary+fortyguard,True,
946933136102477,41.888206,-87.6258789,chicago,b_4662_-7262,1580161515101,212.98394775391,0.661,-0.21,14:00,0.0,0.1065,0.1515,0.6447,train,mapillary+fortyguard,True,
460405238357111,41.8729347,-87.61864,chicago,b_4661_-7263,1602606391374,267.09396362305,0.782,-0.67,14:00,0.2965,0.4735,0.1157,0.0509,train,mapillary+fortyguard,True,
794074214877319,41.8909009,-87.6361341,chicago,b_4663_-7263,1576261490207,87.901794433594,0.682,0.5,14:00,0.0,0.2557,0.1584,0.4697,test,mapillary+fortyguard,True,
370755274346566,41.882367,-87.6252757,chicago,b_4662_-7263,1576258048183,265.48254394531,0.527,-0.22,14:00,0.0,0.2141,0.0284,0.6863,test,mapillary+fortyguard,True,
930569017692567,41.8792229,-87.6349276,chicago,b_4661_-7264,1576267018206,359.19512939453,0.668,0.5,14:00,0.0,0.2375,0.0215,0.6498,train,mapillary+fortyguard,True,
305798230989305,41.8859602,-87.6313081,chicago,b_4662_-7263,1580161707084,180.78985595703,0.615,0.26,14:00,0.0,0.0607,0.0085,0.6159,test,mapillary+fortyguard,True,
133608362149404,41.8751805,-87.6488022,chicago,b_4661_-7266,1580244567192,94.561492919922,0.687,0.34,14:00,0.0,0.1907,0.392,0.2346,train,mapillary+fortyguard,True,
221803396003651,41.8801212,-87.6307049,chicago,b_4662_-7264,1580161849057,180.68804931641,0.588,0.27,14:00,0.0,0.0972,0.0994,0.7266,train,mapillary+fortyguard,True,
1722599871276255,41.8868585,-87.6270854,chicago,b_4662_-7262,1580161588171,267.53485107422,0.519,-0.09,14:00,0.0001,0.0771,0.2731,0.5029,train,mapillary+fortyguard,True,
528670215220444,41.8895535,-87.6373406,chicago,b_4663_-7263,1576267263177,359.52075195312,0.699,0.5,14:00,0.0,0.1639,0.1754,0.4774,test,mapillary+fortyguard,True,
1348768279069185,41.8702398,-87.6439762,chicago,b_4660_-7266,1694203285799,359.20519525541,0.605,0.45,14:00,0.0018,0.1033,0.2303,0.0222,train,mapillary+fortyguard,True,
913594732544420,41.8877568,-87.6228627,chicago,b_4662_-7262,1580161356056,16.8271484375,0.676,-0.54,14:00,0.0001,0.0701,0.2132,0.6277,train,mapillary+fortyguard,True,
288610869581775,41.8837144,-87.6367373,chicago,b_4662_-7264,1576255742202,233.36761474609,0.466,0.5,14:00,0.0,0.2094,0.0499,0.5146,train,mapillary+fortyguard,True,
242752327646431,41.8904518,-87.6331178,chicago,b_4663_-7263,1576340557201,86.583251953125,0.689,0.43,14:00,0.0075,0.1169,0.2114,0.5558,test,mapillary+fortyguard,True,
2776558885989278,41.8864094,-87.6469925,chicago,b_4662_-7264,1580246304064,358.98449707031,0.614,0.36,14:00,0.0,0.2401,0.1558,0.513,train,mapillary+fortyguard,True,
311733167236236,41.8846128,-87.6325146,chicago,b_4662_-7263,1576254069156,269.10522460938,0.626,0.42,14:00,0.0098,0.1716,0.0482,0.6458,test,mapillary+fortyguard,True,
296446841959453,41.8922484,-87.6246724,chicago,b_4663_-7262,1576344800214,178.14624023438,0.495,-0.34,14:00,0.0069,0.218,0.0868,0.608,train,mapillary+fortyguard,True,
175740217792679,41.888206,-87.638547,chicago,b_4662_-7263,1576339713676,101.61822509766,0.724,0.5,14:00,0.0176,0.258,0.147,0.5383,test,mapillary+fortyguard,True,
191055456222518,41.8688923,-87.6451827,chicago,b_4660_-7266,1580244647094,176.72149658203,0.655,0.56,14:00,0.0347,0.2706,0.5342,0.0758,train,mapillary+fortyguard,True,
870168357254974,41.8864094,-87.6240692,chicago,b_4662_-7262,1576341497193,358.52947998047,0.64,-0.44,14:00,0.0,0.253,0.0793,0.6042,train,mapillary+fortyguard,True,
1032627707930199,41.8756296,-87.6415633,chicago,b_4661_-7265,1694203331830,88.364829978334,0.688,0.42,14:00,0.0,0.1607,0.179,0.4354,train,mapillary+fortyguard,True,
3809107199138369,41.873833,-87.6270854,chicago,b_4661_-7264,1602606574372,4.9316711425781,0.672,-0.11,14:00,0.1065,0.0485,0.0333,0.4047,train,mapillary+fortyguard,True,
998266631026846,41.8805704,-87.6234659,chicago,b_4662_-7263,1576257947228,268.30920410156,0.726,-0.45,14:00,0.0766,0.2481,0.0757,0.494,test,mapillary+fortyguard,True,
168599265193444,41.8652991,-87.616227,chicago,b_4660_-7264,1602606246546,267.52035522461,0.775,-0.78,14:00,0.3791,0.4011,0.1163,0.0732,train,mapillary+fortyguard,True,
140226258090219,41.8900026,-87.6301016,chicago,b_4663_-7262,1576270298162,92.051513671875,0.683,0.16,14:00,0.0,0.1891,0.1698,0.449,train,mapillary+fortyguard,True,
172845624728676,41.8792229,-87.6475957,chicago,b_4661_-7265,1580246064129,359.390625,0.64,0.37,14:00,0.0049,0.2066,0.2982,0.3784,train,mapillary+fortyguard,True,
197014245478129,41.8661974,-87.6120043,chicago,b_4660_-7264,1602601993373,83.813781738281,0.726,-0.65,14:00,0.3412,0.4219,0.228,0.0013,train,mapillary+fortyguard,True,
1368173983559073,41.8841636,-87.6294984,chicago,b_4662_-7263,1576341115182,1.1527404785156,0.695,0.15,14:00,0.0034,0.2305,0.0437,0.633,test,mapillary+fortyguard,True,
142612164549575,41.8675448,-87.6463892,chicago,b_4660_-7266,1580245832126,1.9609680175781,0.534,0.62,14:00,0.1494,0.2494,0.493,0.043,train,mapillary+fortyguard,True,
245105627415742,41.8742822,-87.6427698,chicago,b_4661_-7265,1580069720143,269.30053710938,0.7,0.38,14:00,0.0466,0.2286,0.4563,0.2077,train,mapillary+fortyguard,True,
191396722718225,41.8810195,-87.6391503,chicago,b_4662_-7264,1576273381148,95.974700927734,0.608,0.49,14:00,0.0,0.2278,0.0007,0.7214,train,mapillary+fortyguard,True,
791535738164777,41.8886552,-87.6313081,chicago,b_4663_-7263,1576266381194,175.45983886719,0.688,0.27,14:00,0.0001,0.251,0.0229,0.671,test,mapillary+fortyguard,True,
549835419339286,41.8846128,-87.6451827,chicago,b_4662_-7264,1576515889184,356.02728271484,0.628,0.37,14:00,0.0269,0.1977,0.1531,0.2546,train,mapillary+fortyguard,True,
125284972912613,41.8733839,-87.6240692,chicago,b_4661_-7264,1602606503574,262.41381835938,0.709,-0.35,14:00,0.0001,0.3715,0.0225,0.4009,train,mapillary+fortyguard,True,
1072678906892598,41.8760788,-87.6343243,chicago,b_4661_-7264,1580162030128,268.90869140625,0.605,0.45,14:00,0.0,0.0809,0.3598,0.214,train,mapillary+fortyguard,True,
839107466952191,41.8828161,-87.6307049,chicago,b_4662_-7263,1580161806122,175.59582519531,0.478,0.26,14:00,0.0,0.0692,0.0958,0.7659,test,mapillary+fortyguard,True,
575199193870875,41.8895535,-87.6270854,chicago,b_4663_-7262,1576270501182,253.45935058594,0.633,-0.09,14:00,0.0,0.2098,0.0823,0.6205,train,mapillary+fortyguard,True,
1129388257539994,41.8864094,-87.6367373,chicago,b_4662_-7263,1576255617221,225.89703369141,0.714,0.5,14:00,0.0,0.2396,0.1111,0.573,test,mapillary+fortyguard,True,
178706027469038,41.8805704,-87.6361341,chicago,b_4662_-7264,1576273425160,99.246704101562,0.605,0.51,14:00,0.0001,0.2112,0.0524,0.6569,train,mapillary+fortyguard,True,
243337394239837,41.8774263,-87.645786,chicago,b_4661_-7265,1576514603223,181.49652099609,0.525,0.37,14:00,0.0,0.2175,0.4327,0.0454,train,mapillary+fortyguard,True,
756569818393563,41.8909009,-87.638547,chicago,b_4663_-7263,1576261455181,92.289398193359,0.737,0.5,14:00,0.0134,0.2878,0.1403,0.5211,test,mapillary+fortyguard,True,
1621496184713705,41.882367,-87.6276886,chicago,b_4662_-7263,1576253583153,178.66717529297,0.578,0.03,14:00,0.0,0.234,0.0869,0.5431,test,mapillary+fortyguard,True,
505556480571467,41.8670957,-87.6204497,chicago,b_4660_-7264,1576349423191,165.74792480469,0.648,-0.7,14:00,0.0688,0.2348,0.4927,0.1383,train,mapillary+fortyguard,True,
821205941835229,41.876528,-87.6270854,chicago,b_4661_-7264,1576339243181,358.1572265625,0.676,-0.1,14:00,0.0022,0.1087,0.0953,0.6993,train,mapillary+fortyguard,True,
2285097441679543,41.8657482,-87.6445795,chicago,b_4660_-7266,1694203235224,359.77863268587,0.637,0.75,14:00,0.0372,0.1388,0.4154,0.116,train,mapillary+fortyguard,True,
2040010276392008,41.8900026,-87.6198465,chicago,b_4663_-7262,1694203925326,224.12814446424,0.73,-0.65,14:00,0.0,0.2171,0.1646,0.5529,train,mapillary+fortyguard,True,
2856021271380722,41.8792229,-87.6373406,chicago,b_4661_-7264,1576273208164,256.87878417969,0.685,0.51,14:00,0.0303,0.2137,0.1863,0.4923,train,mapillary+fortyguard,True,
188010623173108,41.8819178,-87.6475957,chicago,b_4662_-7265,1580246230082,353.06939697266,0.578,0.36,14:00,0.0,0.1643,0.1923,0.4796,train,mapillary+fortyguard,True,
156231559788719,41.8909009,-87.6156238,chicago,b_4663_-7261,1576344050203,89.999969482422,0.673,-0.61,14:00,0.0,0.2511,0.1011,0.5925,train,mapillary+fortyguard,True,
2010837632407943,41.8868585,-87.6294984,chicago,b_4662_-7263,1576341233197,351.05035400391,0.53,0.16,14:00,0.0,0.0031,0.075,0.6419,test,mapillary+fortyguard,True,
1027199958104875,41.8760788,-87.6469925,chicago,b_4661_-7265,1580245940112,356.59106445312,0.682,0.35,14:00,0.0,0.2224,0.2402,0.4128,train,mapillary+fortyguard,True,
375298597153960,41.8702398,-87.6463892,chicago,b_4660_-7266,1580245859120,2.842041015625,0.61,0.43,14:00,0.1984,0.2088,0.3528,0.1451,train,mapillary+fortyguard,True,
311166320449850,41.8904518,-87.6355308,chicago,b_4663_-7263,1576270837156,359.16375732422,0.52,0.5,14:00,0.0,0.2419,0.0038,0.7198,test,mapillary+fortyguard,True,
1109060272937257,41.8819178,-87.6246724,chicago,b_4662_-7263,1576258029195,285.70196533203,0.595,-0.34,14:00,0.0,0.1785,0.0391,0.6497,test,mapillary+fortyguard,True,
3304232979678986,41.8855111,-87.6307049,chicago,b_4662_-7263,1580161716190,170.68426513672,0.618,0.26,14:00,0.0,0.0612,0.1492,0.694,test,mapillary+fortyguard,True,
467959944293001,41.8922484,-87.6270854,chicago,b_4663_-7262,1576271755175,180,0.651,-0.1,14:00,0.0,0.2449,0.0183,0.6281,train,mapillary+fortyguard,True,
288276599598652,41.8864094,-87.6264822,chicago,b_4662_-7262,1576341407188,138.08432006836,0.64,-0.21,14:00,0.0,0.1665,0.0,0.7869,train,mapillary+fortyguard,True,
281059530354846,41.8891043,-87.6367373,chicago,b_4663_-7263,1576267258188,10.093902587891,0.688,0.5,14:00,0.0,0.221,0.2021,0.4781,test,mapillary+fortyguard,True,
894065721173113,41.8873077,-87.6222594,chicago,b_4662_-7262,1580161342075,17.836090087891,0.587,-0.54,14:00,0.0,0.0812,0.1211,0.7266,train,mapillary+fortyguard,True,
465909532973860,41.8652991,-87.61864,chicago,b_4660_-7264,1735595013626,351.80840122362,0.607,-0.8,14:00,0.2226,0.2051,0.2926,0.1362,train,mapillary+fortyguard,True,
263706648823310,41.8900026,-87.6325146,chicago,b_4663_-7263,1576254134017,358.35998535156,0.693,0.36,14:00,0.0336,0.1056,0.3741,0.4031,test,mapillary+fortyguard,True,
2382628705202526,41.8661974,-87.6144173,chicago,b_4660_-7264,1602601858464,190.68603515625,0.731,-0.74,14:00,0.2688,0.4135,0.1985,0.0089,train,mapillary+fortyguard,True,
517109173044974,41.8909009,-87.6282919,chicago,b_4663_-7262,1576258974210,93.442138671875,0.671,0.03,14:00,0.0135,0.2586,0.0625,0.5985,train,mapillary+fortyguard,True,
811854180414391,41.882367,-87.6174335,chicago,b_4662_-7262,1694359137062,199.59790496397,0.725,-0.69,14:00,0.1503,0.2111,0.4789,0.0323,train,mapillary+fortyguard,True,
4150952194963118,41.8877568,-87.6379438,chicago,b_4662_-7263,1576339717083,107.64807128906,0.638,0.5,14:00,0.0768,0.2352,0.1725,0.4187,test,mapillary+fortyguard,True,
301921884825382,41.8859602,-87.6234659,chicago,b_4662_-7262,1580161292066,94.577270507812,0.662,-0.44,14:00,0.0,0.0615,0.1747,0.6638,train,mapillary+fortyguard,True,
785854318971533,41.8751805,-87.64096,chicago,b_4661_-7265,1580160853106,88.916259765625,0.659,0.41,14:00,0.0,0.0889,0.3749,0.4703,train,mapillary+fortyguard,True,
829762177659411,41.8639516,-87.6198465,chicago,b_4660_-7264,1576349443257,165.68273925781,0.595,-0.78,14:00,0.034,0.2111,0.5265,0.1121,train,mapillary+fortyguard,True,
475280673796258,41.8846128,-87.6475957,chicago,b_4662_-7264,1580246282057,358.42053222656,0.588,0.36,14:00,0.0,0.2381,0.0811,0.5878,train,mapillary+fortyguard,True,
319626129521143,41.8733839,-87.6264822,chicago,b_4661_-7264,1602606525529,269.52340698242,0.709,-0.11,14:00,0.1514,0.3745,0.0,0.3776,train,mapillary+fortyguard,True,
762137384449336,41.8760788,-87.6367373,chicago,b_4661_-7265,1602606878771,268.6408996582,0.683,0.49,14:00,0.0,0.0887,0.0,0.4774,train,mapillary+fortyguard,True,
177802280890760,41.8895535,-87.6294984,chicago,b_4663_-7262,1576258950218,356.63653564453,0.7,0.16,14:00,0.0013,0.2597,0.1365,0.5388,train,mapillary+fortyguard,True,
1260903701002565,41.8787737,-87.6469925,chicago,b_4661_-7265,1580246091109,351.79968261719,0.598,0.37,14:00,0.0041,0.2306,0.3736,0.2919,train,mapillary+fortyguard,True,
319051166511326,41.8810195,-87.61864,chicago,b_4662_-7262,1576257860203,267.30712890625,0.729,-0.68,14:00,0.1415,0.2511,0.3759,0.152,train,mapillary+fortyguard,True,
868321434651246,41.8877568,-87.6150205,chicago,b_4662_-7261,1694359090497,92.946428935807,0.69,-0.68,14:00,0.037,0.1483,0.4949,0.0222,test,mapillary+fortyguard,True,
562370824746196,41.8657482,-87.6114011,chicago,b_4660_-7264,1602601997372,88.984313964844,0.731,-0.61,14:00,0.3463,0.3116,0.191,0.0066,train,mapillary+fortyguard,True,
300932708412623,41.8837144,-87.6288951,chicago,b_4662_-7263,1576341113196,359.26458740234,0.652,0.15,14:00,0.0,0.2087,0.0439,0.6594,test,mapillary+fortyguard,True,
257620716142012,41.8904518,-87.6252757,chicago,b_4663_-7262,1576270368168,91.221466064453,0.482,-0.34,14:00,0.0,0.2253,0.0436,0.6878,train,mapillary+fortyguard,True,
2924489651203188,41.8670957,-87.645786,chicago,b_4660_-7266,1580160686142,89.483612060547,0.717,0.68,14:00,0.1713,0.0682,0.4188,0.2609,train,mapillary+fortyguard,True,
195210522430904,41.873833,-87.6421665,chicago,b_4661_-7265,1580068531799,345.57458496094,0.688,0.38,14:00,0.0677,0.2409,0.3885,0.2188,train,mapillary+fortyguard,True,
686637690155316,41.8693415,-87.6174335,chicago,b_4660_-7264,1694359235624,201.42626163449,0.703,-0.72,14:00,0.3462,0.133,0.3777,0.0103,train,mapillary+fortyguard,True,
309362883926403,41.8873077,-87.6349276,chicago,b_4662_-7263,1576255603223,273.05523681641,0.711,0.47,14:00,0.0,0.2227,0.2422,0.3824,test,mapillary+fortyguard,True,
4130248427034509,41.8855111,-87.6204497,chicago,b_4662_-7262,1576272569158,176.12811279297,0.629,-0.66,14:00,0.0164,0.245,0.348,0.3146,train,mapillary+fortyguard,True,
307631597603444,41.8729347,-87.6234659,chicago,b_4661_-7264,1602606494588,271.72668457031,0.662,-0.45,14:00,0.0,0.3875,0.0179,0.4152,train,mapillary+fortyguard,True,
756966388308858,41.8756296,-87.6337211,chicago,b_4661_-7264,1576516967140,74.964996337891,0.564,0.45,14:00,0.1206,0.1349,0.2786,0.2872,train,mapillary+fortyguard,True,
2693842750876682,41.882367,-87.6301016,chicago,b_4662_-7263,1576258135210,327.98498535156,0.68,0.26,14:00,0.0,0.235,0.0314,0.6346,test,mapillary+fortyguard,True,
143778721058820,41.8670957,-87.6228627,chicago,b_4660_-7264,1576349347252,353.84008789062,0.623,-0.49,14:00,0.003,0.1837,0.4329,0.2843,train,mapillary+fortyguard,True,
221614872700998,41.8657482,-87.6469925,chicago,b_4660_-7267,1580245744087,2.584228515625,0.681,0.73,14:00,0.0001,0.2293,0.3125,0.382,train,mapillary+fortyguard,True,
474983370500154,41.867994,-87.61864,chicago,b_4660_-7264,1580496357410,214.89208984375,0.636,-0.76,14:00,0.0574,0.1161,0.2318,0.1109,train,mapillary+fortyguard,True,
1089501578123906,41.8859602,-87.6361341,chicago,b_4662_-7263,1576258567219,44.445068359375,0.712,0.5,14:00,0.0,0.2379,0.1285,0.5723,test,mapillary+fortyguard,True,
307826184136074,41.8774263,-87.6252757,chicago,b_4661_-7263,1576274151161,268.49157714844,0.538,-0.22,14:00,0.0,0.2224,0.2043,0.4689,train,mapillary+fortyguard,True,
317487079991391,41.8733839,-87.6391503,chicago,b_4661_-7265,1580068403144,177.91973876953,0.705,0.45,14:00,0.0,0.2232,0.3392,0.391,train,mapillary+fortyguard,True,
512880030152008,41.8742822,-87.6349276,chicago,b_4661_-7265,1580160934098,286.61730957031,0.618,0.46,14:00,0.0038,0.0979,0.6409,0.2289,train,mapillary+fortyguard,True,
1409191859433652,41.8904518,-87.6379438,chicago,b_4663_-7263,1576261462179,105.43087768555,0.707,0.5,14:00,0.0008,0.267,0.1213,0.509,test,mapillary+fortyguard,True,
499168947885080,41.8819178,-87.6270854,chicago,b_4662_-7263,1576258077202,271.08380126953,0.645,-0.09,14:00,0.0,0.1991,0.0338,0.6137,test,mapillary+fortyguard,True,
478126013414955,41.8711381,-87.6445795,chicago,b_4661_-7266,1580069607184,358.45294189453,0.594,0.39,14:00,0.0,0.1943,0.5986,0.0234,train,mapillary+fortyguard,True,
1617481785110105,41.8886552,-87.6234659,chicago,b_4663_-7262,1580161431091,271.2412109375,0.732,-0.44,14:00,0.0,0.0961,0.1595,0.5818,train,mapillary+fortyguard,True,
283566963471262,41.8666465,-87.6198465,chicago,b_4660_-7264,1580496369479,192.79174804688,0.528,-0.76,14:00,0.2047,0.1744,0.1272,0.0474,train,mapillary+fortyguard,True,
1198041587297803,41.8873077,-87.6475957,chicago,b_4662_-7264,1580247483144,175.99200439453,0.574,0.36,14:00,0.0,0.2052,0.185,0.4893,train,mapillary+fortyguard,True,
478128943398735,41.8814687,-87.6469925,chicago,b_4662_-7265,1580246166071,357.83197021484,0.57,0.37,14:00,0.0248,0.1832,0.1678,0.4647,train,mapillary+fortyguard,True,
138274904993506,41.879672,-87.6325146,chicago,b_4662_-7264,1576273133160,268.29748535156,0.539,0.43,14:00,0.0,0.2297,0.032,0.694,train,mapillary+fortyguard,True,
386787445808300,41.8891043,-87.6391503,chicago,b_4663_-7263,1576268509189,256.80023193359,0.6,0.48,14:00,0.0829,0.1354,0.4306,0.207,test,mapillary+fortyguard,True,
1597587860771188,41.8846128,-87.6144173,chicago,b_4662_-7262,1694359118559,211.10617864435,0.701,-0.66,14:00,0.0725,0.2222,0.524,0.0729,train,mapillary+fortyguard,True,
163587698942076,41.8873077,-87.6246724,chicago,b_4662_-7262,1576341518182,348.771484375,0.673,-0.33,14:00,0.0,0.2188,0.126,0.5833,train,mapillary+fortyguard,True,
3990367784378295,41.8747313,-87.6276886,chicago,b_4661_-7264,1602606601718,2.3976135253906,0.703,0.01,14:00,0.064,0.4356,0.0274,0.4165,train,mapillary+fortyguard,True,
251948483377235,41.8814687,-87.6240692,chicago,b_4662_-7263,1576272817167,180,0.682,-0.34,14:00,0.0088,0.2358,0.2719,0.374,test,mapillary+fortyguard,True,
305407864546105,41.8909009,-87.6307049,chicago,b_4663_-7262,1576266350144,176.17791748047,0.684,0.27,14:00,0.0,0.2501,0.087,0.5906,train,mapillary+fortyguard,True,
821204001861041,41.8742822,-87.6475957,chicago,b_4661_-7266,1580245200096,70.6923828125,0.627,0.33,14:00,0.0118,0.2654,0.5015,0.1449,train,mapillary+fortyguard,True,
485910075892052,41.8684432,-87.6469925,chicago,b_4660_-7266,1580245838139,358.35943603516,0.495,0.54,14:00,0.1879,0.2728,0.3934,0.0911,train,mapillary+fortyguard,True,
378149260167872,41.8859602,-87.6258789,chicago,b_4662_-7262,1576341431193,174.86572265625,0.569,-0.21,14:00,0.0,0.1804,0.0,0.7167,train,mapillary+fortyguard,True,
1184046455372632,41.8639516,-87.6222594,chicago,b_4660_-7265,1576349284252,2.8423461914062,0.715,-0.63,14:00,0.1022,0.2684,0.1112,0.4684,test,mapillary+fortyguard,True,
144203127622493,41.8819178,-87.6397535,chicago,b_4662_-7264,1576258249184,270,0.58,0.46,14:00,0.0,0.2439,0.075,0.5903,train,mapillary+fortyguard,True,
1421887231506469,41.8886552,-87.6361341,chicago,b_4663_-7263,1576340145169,85.684265136719,0.677,0.5,14:00,0.0,0.1614,0.1656,0.6188,test,mapillary+fortyguard,True,
320758999402545,41.8868585,-87.6216562,chicago,b_4662_-7262,1576272442174,85.284881591797,0.62,-0.61,14:00,0.0,0.1943,0.0483,0.6241,train,mapillary+fortyguard,True,
484212766249709,41.8648499,-87.6180367,chicago,b_4660_-7264,1602606264468,274.35018920898,0.717,-0.8,14:00,0.186,0.4414,0.0596,0.2298,train,mapillary+fortyguard,True,
132375842265564,41.8895535,-87.6319114,chicago,b_4663_-7263,1576270690163,268.02734375,0.646,0.36,14:00,0.0,0.2424,0.1263,0.5108,test,mapillary+fortyguard,True,
327683275421017,41.8810195,-87.621053,chicago,b_4662_-7263,1576257916200,269.29406738281,0.717,-0.61,14:00,0.0034,0.2087,0.276,0.3584,test,mapillary+fortyguard,True,
1194510720976523,41.8657482,-87.613814,chicago,b_4660_-7264,1602601867403,163.017578125,0.706,-0.7,14:00,0.4902,0.3528,0.1523,0.0,train,mapillary+fortyguard,True,
1206402256492211,41.8904518,-87.6276886,chicago,b_4663_-7262,1576270337149,85.651763916016,0.672,-0.09,14:00,0.0002,0.2267,0.0671,0.6003,train,mapillary+fortyguard,True,
218493769737639,41.8778754,-87.6307049,chicago,b_4661_-7264,1580161880129,186.79370117188,0.589,0.26,14:00,0.0035,0.0578,0.2231,0.6648,train,mapillary+fortyguard,True,
159292379463261,41.8670957,-87.6481989,chicago,b_4660_-7266,1580160614168,86.270355224609,0.696,0.67,14:00,0.0302,0.0959,0.5651,0.243,train,mapillary+fortyguard,True,
206588777784273,41.8787737,-87.6264822,chicago,b_4661_-7263,1576265311184,179.33343505859,0.608,-0.09,14:00,0.0001,0.279,0.0105,0.6323,train,mapillary+fortyguard,True,
602992118713078,41.867994,-87.6439762,chicago,b_4660_-7266,1694203267896,358.76855331831,0.637,0.65,14:00,0.0245,0.1942,0.4843,0.0375,train,mapillary+fortyguard,True,
487025132488271,41.8855111,-87.6228627,chicago,b_4662_-7262,1580161291052,92.465118408203,0.683,-0.54,14:00,0.0,0.0748,0.1762,0.6651,train,mapillary+fortyguard,True,
231311022084661,41.8747313,-87.6403568,chicago,b_4661_-7265,1580069697327,269.31909179688,0.705,0.43,14:00,0.0,0.1947,0.3964,0.331,train,mapillary+fortyguard,True,
170556584991268,41.888206,-87.6331178,chicago,b_4662_-7263,1576340762190,177.99359130859,0.71,0.43,14:00,0.0,0.2687,0.0732,0.5831,test,mapillary+fortyguard,True,
1618188178375750,41.8729347,-87.6258789,chicago,b_4661_-7264,1602606520508,266.5810546875,0.738,-0.23,14:00,0.1026,0.3961,0.0104,0.4118,train,mapillary+fortyguard,True,
499794771203860,41.8756296,-87.6361341,chicago,b_4661_-7265,1580160874113,89.617095947266,0.704,0.49,14:00,0.0,0.0594,0.5557,0.2891,train,mapillary+fortyguard,True,
197726192173362,41.882367,-87.6325146,chicago,b_4662_-7263,1576339485171,270.00006103516,0.602,0.42,14:00,0.0,0.2001,0.0517,0.6949,test,mapillary+fortyguard,True,
479312960047334,41.8891043,-87.6288951,chicago,b_4663_-7262,1576270624172,268.83404541016,0.582,0.04,14:00,0.0,0.2595,0.0892,0.6171,train,mapillary+fortyguard,True,
1690253824865958,41.8805704,-87.6180367,chicago,b_4662_-7262,1735752467157,178.78603879251,0.688,-0.69,14:00,0.2387,0.1175,0.366,0.0121,train,mapillary+fortyguard,True,
317006473153522,41.8900026,-87.6246724,chicago,b_4663_-7262,1576344821261,186.50433349609,0.661,-0.34,14:00,0.0,0.2233,0.2073,0.4761,train,mapillary+fortyguard,True,
209766638767534,41.8747313,-87.6174335,chicago,b_4661_-7263,1694359198629,179.23430277573,0.719,-0.68,14:00,0.1732,0.203,0.4727,0.0021,train,mapillary+fortyguard,True,
534025617597989,41.8774263,-87.6276886,chicago,b_4661_-7264,1576339254180,358.39056396484,0.57,0.03,14:00,0.0074,0.1832,0.0816,0.6703,train,mapillary+fortyguard,True,
200837548536798,41.8841636,-87.6240692,chicago,b_4662_-7263,1576265754187,354.2890625,0.695,-0.45,14:00,0.0,0.2471,0.0707,0.6165,test,mapillary+fortyguard,True,
308108657355907,41.8868585,-87.6343243,chicago,b_4662_-7263,1576255601222,270.00006103516,0.722,0.47,14:00,0.0,0.1796,0.2449,0.4091,test,mapillary+fortyguard,True,
920962975402902,41.8810195,-87.6337211,chicago,b_4662_-7264,1576273518150,94.079162597656,0.461,0.47,14:00,0.0002,0.2237,0.014,0.5287,train,mapillary+fortyguard,True,
2935065543434413,41.8877568,-87.6301016,chicago,b_4662_-7263,1576258897224,356.61102294922,0.708,0.16,14:00,0.0,0.1699,0.0757,0.6329,test,mapillary+fortyguard,True,
583950782556285,41.8769771,-87.6475957,chicago,b_4661_-7265,1580069846209,267.77075195312,0.722,0.36,14:00,0.0157,0.1342,0.2101,0.4915,train,mapillary+fortyguard,True,
1318229901953551,41.8819178,-87.6294984,chicago,b_4662_-7263,1576258133170,263.56036376953,0.665,0.15,14:00,0.0002,0.2452,0.0345,0.6731,test,mapillary+fortyguard,True,
514324639755937,41.8666465,-87.6222594,chicago,b_4660_-7264,1576349344179,353.85479736328,0.657,-0.62,14:00,0.0922,0.1655,0.2618,0.3816,train,mapillary+fortyguard,True,
303687657984273,41.8733839,-87.61864,chicago,b_4661_-7263,1602606390325,267.38732910156,0.779,-0.67,14:00,0.278,0.4677,0.126,0.0501,train,mapillary+fortyguard,True,
524220868595835,41.8760788,-87.6288951,chicago,b_4661_-7264,1602606768369,274.7155456543,0.678,0.14,14:00,0.0162,0.4819,0.0504,0.3911,train,mapillary+fortyguard,True,
483598389600077,41.8720364,-87.6427698,chicago,b_4661_-7265,1580068508309,351.52935791016,0.699,0.4,14:00,0.0097,0.2177,0.5424,0.1785,train,mapillary+fortyguard,True,
1141915042977727,41.8864094,-87.6313081,chicago,b_4662_-7263,1580161666059,197.23370361328,0.581,0.26,14:00,0.0,0.0535,0.0633,0.7758,test,mapillary+fortyguard,True,
818526712086981,41.8756296,-87.6488022,chicago,b_4661_-7266,1580245024333,269.42370605469,0.499,0.35,14:00,0.0,0.2365,0.2498,0.3943,train,mapillary+fortyguard,True,
251298933410819,41.882367,-87.6451827,chicago,b_4662_-7265,1576515873196,353.59887695312,0.74,0.38,14:00,0.0676,0.2463,0.3589,0.2746,train,mapillary+fortyguard,True,
1115021092331044,41.8891043,-87.6415633,chicago,b_4663_-7263,1576268594174,269.42572021484,0.711,0.44,14:00,0.0027,0.2439,0.3257,0.3693,test,mapillary+fortyguard,True,
815338496059062,41.8805704,-87.6307049,chicago,b_4662_-7264,1580161832115,183.61041259766,0.471,0.27,14:00,0.0,0.0447,0.0992,0.7402,train,mapillary+fortyguard,True,
939306906613638,41.8900026,-87.6373406,chicago,b_4663_-7263,1576340308206,273.5751953125,0.655,0.51,14:00,0.0,0.2295,0.3096,0.3569,test,mapillary+fortyguard,True,
293571535749866,41.8814687,-87.6264822,chicago,b_4662_-7263,1576265149175,177.49230957031,0.51,-0.09,14:00,0.0,0.185,0.0,0.6102,test,mapillary+fortyguard,True,
778169812902988,41.888206,-87.6228627,chicago,b_4662_-7262,1576272006179,96.962219238281,0.638,-0.54,14:00,0.0004,0.2538,0.2871,0.4117,train,mapillary+fortyguard,True,
267868465032083,41.8841636,-87.6367373,chicago,b_4662_-7264,1576258391232,351.53088378906,0.574,0.5,14:00,0.0,0.2499,0.1331,0.5035,train,mapillary+fortyguard,True,
185261990115616,41.8909009,-87.6331178,chicago,b_4663_-7263,1576340559226,86.465728759766,0.682,0.43,14:00,0.0,0.1749,0.217,0.5593,test,mapillary+fortyguard,True,
916146602553479,41.8868585,-87.6469925,chicago,b_4662_-7264,1580248662460,87.746948242188,0.732,0.36,14:00,0.0173,0.2358,0.353,0.3169,train,mapillary+fortyguard,True,
1707360352789761,41.8850619,-87.6325146,chicago,b_4662_-7263,1576340807235,199.09967041016,0.554,0.42,14:00,0.0103,0.22,0.0349,0.6348,test,mapillary+fortyguard,True,
471145794211362,41.8751805,-87.645786,chicago,b_4661_-7265,1576514620165,183.61505126953,0.423,0.34,14:00,0.0,0.2006,0.1614,0.0315,train,mapillary+fortyguard,True,
941340354614669,41.8774263,-87.6174335,chicago,b_4661_-7263,1735595336896,0.35749025555992,0.706,-0.69,14:00,0.3539,0.0657,0.2637,0.0632,train,mapillary+fortyguard,True,
1959521481210257,41.8841636,-87.613814,chicago,b_4662_-7262,1735595477966,33.814792115965,0.688,-0.66,14:00,0.1453,0.2081,0.3055,0.1347,train,mapillary+fortyguard,True,
2949743168682795,41.8801212,-87.6276886,chicago,b_4662_-7263,1576273697139,176.77166748047,0.511,0.03,14:00,0.0,0.2312,0.0895,0.562,test,mapillary+fortyguard,True,
310462007344733,41.8693415,-87.6451827,chicago,b_4660_-7266,1580244644112,176.12713623047,0.637,0.5,14:00,0.0759,0.2548,0.5481,0.0499,train,mapillary+fortyguard,True,
216466333616498,41.8868585,-87.6240692,chicago,b_4662_-7262,1576341515206,349.72149658203,0.697,-0.44,14:00,0.0,0.2156,0.1006,0.6238,train,mapillary+fortyguard,True,
491760625199951,41.8828161,-87.6379438,chicago,b_4662_-7264,1576258336200,82.710235595703,0.631,0.5,14:00,0.0,0.0437,0.0576,0.6686,train,mapillary+fortyguard,True,
841505573112953,41.8742822,-87.6270854,chicago,b_4661_-7264,1602606578862,6.5850219726562,0.681,-0.11,14:00,0.0341,0.1238,0.0306,0.526,train,mapillary+fortyguard,True,
401073354194330,41.8810195,-87.6234659,chicago,b_4662_-7263,1576257945210,268.27124023438,0.656,-0.45,14:00,0.0001,0.2134,0.0765,0.3986,test,mapillary+fortyguard,True,
834482517425561,41.879672,-87.6475957,chicago,b_4662_-7265,1580246099145,356.92443847656,0.646,0.37,14:00,0.0392,0.1861,0.2667,0.4005,train,mapillary+fortyguard,True,
448580399770879,41.8666465,-87.6120043,chicago,b_4660_-7264,1602606152647,270.79705810547,0.746,-0.65,14:00,0.2369,0.1144,0.2254,0.0483,train,mapillary+fortyguard,True,
181498017074720,41.8846128,-87.6294984,chicago,b_4662_-7263,1576341145174,356.12805175781,0.563,0.15,14:00,0.0,0.1981,0.0439,0.6108,test,mapillary+fortyguard,True,
930534817490707,41.873833,-87.6469925,chicago,b_4661_-7266,1580245918219,0,0.624,0.33,14:00,0.0208,0.1851,0.5429,0.0905,train,mapillary+fortyguard,True,
848986205968681,41.8855111,-87.6252757,chicago,b_4662_-7262,1576341449192,84.570892333984,0.47,-0.33,14:00,0.0,0.2147,0.0544,0.6378,train,mapillary+fortyguard,True,
480243909757640,41.8747313,-87.6427698,chicago,b_4661_-7265,1580069724121,267.80261230469,0.708,0.39,14:00,0.0183,0.1756,0.4733,0.2012,train,mapillary+fortyguard,True,
589693919090728,41.888206,-87.6355308,chicago,b_4662_-7263,1576340034258,273.29486083984,0.671,0.5,14:00,0.0,0.2202,0.0594,0.6797,test,mapillary+fortyguard,True,
2935223516715883,41.879672,-87.6246724,chicago,b_4662_-7263,1576265643223,359.2890625,0.711,-0.34,14:00,0.0456,0.2354,0.24,0.3867,test,mapillary+fortyguard,True,
858137802088971,41.8873077,-87.6168302,chicago,b_4662_-7262,1694359076898,97.8100527255,0.406,-0.69,14:00,0.0,0.0048,0.0004,0.0,train,mapillary+fortyguard,True,
2054679048005556,41.8832653,-87.6307049,chicago,b_4662_-7263,1580161794085,182.75,0.502,0.26,14:00,0.0,0.0352,0.0726,0.7832,test,mapillary+fortyguard,True,
157886112943122,41.8900026,-87.6270854,chicago,b_4663_-7262,1576270341170,89.172424316406,0.678,-0.09,14:00,0.0,0.2207,0.0792,0.6092,train,mapillary+fortyguard,True,
238899451340203,41.8841636,-87.6264822,chicago,b_4662_-7263,1576265006172,179.3818359375,0.482,-0.22,14:00,0.0025,0.2157,0.0071,0.6477,test,mapillary+fortyguard,True,
754767555222326,41.8742822,-87.6397535,chicago,b_4661_-7265,1580068392101,178.78125,0.723,0.43,14:00,0.0002,0.2043,0.4195,0.3243,train,mapillary+fortyguard,True,
889070675007336,41.8810195,-87.6361341,chicago,b_4662_-7264,1576273432143,86.109527587891,0.593,0.51,14:00,0.0,0.2365,0.0518,0.6391,train,mapillary+fortyguard,True,
1643786432498821,41.8877568,-87.6325146,chicago,b_4662_-7263,1576254104162,0.71087646484375,0.651,0.36,14:00,0.0,0.1075,0.1293,0.6562,test,mapillary+fortyguard,True,
328256975359544,41.8751805,-87.6355308,chicago,b_4661_-7265,1580160941065,328.64935302734,0.672,0.46,14:00,0.0,0.0703,0.3815,0.4726,train,mapillary+fortyguard,True,
474274820501817,41.8733839,-87.621053,chicago,b_4661_-7264,1602606427830,269.59265136719,0.72,-0.61,14:00,0.3043,0.4697,0.062,0.1209,train,mapillary+fortyguard,True,
4031152863589503,41.8801212,-87.6174335,chicago,b_4662_-7262,1580496205431,176.4267578125,0.606,-0.69,14:00,0.1987,0.2617,0.2225,0.0,train,mapillary+fortyguard,True,
117448223721065,41.8895535,-87.6240692,chicago,b_4663_-7262,1576344827250,189.71600341797,0.663,-0.44,14:00,0.0,0.0488,0.1341,0.553,train,mapillary+fortyguard,True,
5524152100959647,41.8675448,-87.6204497,chicago,b_4660_-7264,1576349414238,99.528503417969,0.586,-0.68,14:00,0.1483,0.2583,0.4969,0.0086,train,mapillary+fortyguard,True,
505901603882683,41.879672,-87.6373406,chicago,b_4662_-7264,1576273210166,268.76898193359,0.558,0.51,14:00,0.0002,0.0037,0.2166,0.4851,train,mapillary+fortyguard,True,
3540021572768506,41.882367,-87.6475957,chicago,b_4662_-7265,1580068030156,180.46875,0.682,0.36,14:00,0.0,0.1799,0.2112,0.5469,train,mapillary+fortyguard,True,
4039276726119857,41.8805704,-87.6331178,chicago,b_4662_-7264,1576273525132,89.999969482422,0.516,0.43,14:00,0.0,0.1745,0.0668,0.6186,train,mapillary+fortyguard,True,
501848824186226,41.876528,-87.6469925,chicago,b_4661_-7265,1580245983110,355.81127929688,0.638,0.36,14:00,0.0,0.2103,0.1679,0.536,train,mapillary+fortyguard,True,
487380725878561,41.8706889,-87.6463892,chicago,b_4661_-7266,1580245865109,357.03460693359,0.488,0.43,14:00,0.1215,0.224,0.4112,0.1665,train,mapillary+fortyguard,True,
149359100486315,41.888206,-87.6252757,chicago,b_4662_-7262,1580161512105,224.55523681641,0.656,-0.33,14:00,0.0,0.0715,0.2787,0.4461,train,mapillary+fortyguard,True,
804325867125376,41.8729347,-87.6180367,chicago,b_4661_-7263,1602606388375,268.71328735352,0.76,-0.67,14:00,0.2068,0.4814,0.2036,0.0589,train,mapillary+fortyguard,True,
525598205282282,41.8909009,-87.6355308,chicago,b_4663_-7263,1576270854158,2.0966796875,0.615,0.5,14:00,0.0029,0.2067,0.131,0.5519,test,mapillary+fortyguard,True,
371762040927480,41.8756296,-87.6282919,chicago,b_4661_-7264,1602606764452,274.30590820312,0.677,0.02,14:00,0.0504,0.422,0.0564,0.3832,train,mapillary+fortyguard,True,
897782557443974,41.882367,-87.6246724,chicago,b_4662_-7263,1576258041180,263.46630859375,0.661,-0.34,14:00,0.0,0.1976,0.0405,0.6362,test,mapillary+fortyguard,True,
226751068783876,41.8715872,-87.6421665,chicago,b_4661_-7265,1580068504183,284.19885253906,0.679,0.43,14:00,0.0537,0.2283,0.5617,0.1212,train,mapillary+fortyguard,True,
544354563223451,41.8792229,-87.6343243,chicago,b_4661_-7264,1576273148154,270.76953125,0.461,0.48,14:00,0.0,0.1896,0.0474,0.6471,train,mapillary+fortyguard,True,
1618156211718902,41.8859602,-87.6307049,chicago,b_4662_-7263,1580161709597,170.51196289062,0.572,0.26,14:00,0.0,0.0748,0.1069,0.7399,test,mapillary+fortyguard,True,
173444024578420,41.8751805,-87.6481989,chicago,b_4661_-7266,1580244573160,95.723266601562,0.62,0.34,14:00,0.0,0.1956,0.4078,0.1404,train,mapillary+fortyguard,True,
504965823980053,41.8868585,-87.6264822,chicago,b_4662_-7262,1580161583132,255.36212158203,0.622,-0.21,14:00,0.0,0.0779,0.2249,0.6295,train,mapillary+fortyguard,True,
578429556476208,41.8895535,-87.6367373,chicago,b_4663_-7263,1576340300247,267.80206298828,0.574,0.5,14:00,0.0,0.2245,0.1555,0.5462,test,mapillary+fortyguard,True,
185993303385175,41.8877568,-87.6222594,chicago,b_4662_-7262,1580161361061,20.136505126953,0.605,-0.54,14:00,0.0,0.0614,0.3178,0.5257,train,mapillary+fortyguard,True,
1616299232614926,41.8657482,-87.61864,chicago,b_4660_-7264,1735595015260,352.35872548728,0.62,-0.8,14:00,0.181,0.2115,0.3146,0.1618,train,mapillary+fortyguard,True,
463160321446054,41.8864094,-87.6463892,chicago,b_4662_-7264,1580247504122,88.778533935547,0.707,0.37,14:00,0.001,0.2279,0.3527,0.3581,train,mapillary+fortyguard,True,
307516350945961,41.8666465,-87.6144173,chicago,b_4660_-7264,1602601854394,229.57278442383,0.727,-0.73,14:00,0.3542,0.3685,0.1183,0.0186,train,mapillary+fortyguard,True,
526314155058467,41.8846128,-87.6319114,chicago,b_4662_-7263,1576254020151,258.2568359375,0.684,0.35,14:00,0.0,0.1688,0.046,0.6748,test,mapillary+fortyguard,True,
517071603040347,41.8805704,-87.645786,chicago,b_4662_-7265,1580247729174,177.37670898438,0.627,0.37,14:00,0.0,0.2393,0.3105,0.1149,train,mapillary+fortyguard,True,
685920190103055,41.8828161,-87.6174335,chicago,b_4662_-7262,1694359135295,204.17162691656,0.73,-0.69,14:00,0.1448,0.2676,0.4946,0.0286,train,mapillary+fortyguard,True,
179986837329628,41.8787737,-87.6313081,chicago,b_4661_-7264,1580161866093,179.12945556641,0.542,0.36,14:00,0.0,0.0752,0.0937,0.7441,train,mapillary+fortyguard,True,
750189515672361,41.888206,-87.6379438,chicago,b_4662_-7263,1576339731174,64.371154785156,0.632,0.5,14:00,0.0408,0.1511,0.1202,0.5865,test,mapillary+fortyguard,True,
586320994331731,41.8769771,-87.6168302,chicago,b_4661_-7263,1735595329128,359.40168682228,0.724,-0.69,14:00,0.1882,0.1354,0.4437,0.0403,train,mapillary+fortyguard,True,
255913786277884,41.8756296,-87.64096,chicago,b_4661_-7265,1576513191143,92.041931152344,0.611,0.42,14:00,0.0,0.256,0.2129,0.4379,train,mapillary+fortyguard,True,
215632683408174,41.8644008,-87.6198465,chicago,b_4660_-7264,1576349441238,164.48858642578,0.661,-0.78,14:00,0.1332,0.1626,0.4356,0.1035,train,mapillary+fortyguard,True,
776444216564927,41.882367,-87.6373406,chicago,b_4662_-7264,1576255769209,174.13671875,0.624,0.5,14:00,0.0074,0.2428,0.0667,0.6127,train,mapillary+fortyguard,True,
475753563481107,41.8850619,-87.6475957,chicago,b_4662_-7264,1580246283061,0,0.583,0.36,14:00,0.0,0.2194,0.0891,0.5884,train,mapillary+fortyguard,True,
521806045619655,41.8805704,-87.6228627,chicago,b_4662_-7263,1576257940226,268.38037109375,0.706,-0.45,14:00,0.0693,0.2357,0.1431,0.4742,test,mapillary+fortyguard,True,
527135248654852,41.876528,-87.6367373,chicago,b_4661_-7264,1580160956108,326.91522216797,0.625,0.5,14:00,0.0,0.0266,0.195,0.5866,train,mapillary+fortyguard,True,
127436786023214,41.8652991,-87.6156238,chicago,b_4660_-7264,1602606242395,269.73709106445,0.735,-0.78,14:00,0.2934,0.4453,0.1578,0.0823,train,mapillary+fortyguard,True,
287251473065714,41.8900026,-87.6294984,chicago,b_4663_-7262,1576258952177,9.6667175292969,0.707,0.16,14:00,0.015,0.2698,0.1119,0.556,train,mapillary+fortyguard,True,
897169214559993,41.8792229,-87.6469925,chicago,b_4661_-7265,1580068721098,358.24139404297,0.744,0.37,14:00,0.056,0.1527,0.2516,0.4269,train,mapillary+fortyguard,True,
509416837075530,41.8661974,-87.6114011,chicago,b_4660_-7264,1602601999338,89.291778564453,0.721,-0.61,14:00,0.3378,0.3194,0.185,0.0099,train,mapillary+fortyguard,True,
1363972297320013,41.8841636,-87.6288951,chicago,b_4662_-7263,1576341118203,2.9596252441406,0.616,0.03,14:00,0.0,0.2225,0.0406,0.636,test,mapillary+fortyguard,True,
392863241783106,41.8733839,-87.6463892,chicago,b_4661_-7266,1580244611224,173.64654541016,0.641,0.34,14:00,0.0007,0.2061,0.58,0.1101,train,mapillary+fortyguard,True,
756900285011450,41.8909009,-87.6252757,chicago,b_4663_-7262,1576261870183,177.27960205078,0.671,-0.34,14:00,0.0555,0.2195,0.0348,0.5844,train,mapillary+fortyguard,True,
456280235671027,41.8877568,-87.6349276,chicago,b_4662_-7263,1576340029179,270,0.684,0.47,14:00,0.0,0.2039,0.1152,0.6284,test,mapillary+fortyguard,True,
494544464924796,41.8751805,-87.6379438,chicago,b_4661_-7265,1580160866100,89.300415039062,0.688,0.47,14:00,0.0,0.0713,0.4919,0.351,train,mapillary+fortyguard,True,
818238845765212,41.8819178,-87.6343243,chicago,b_4662_-7264,1576258177221,274.13665771484,0.712,0.47,14:00,0.0,0.2554,0.0486,0.6517,train,mapillary+fortyguard,True,
1043119086971513,41.8666465,-87.6270854,chicago,b_4660_-7265,1706207310707,20.86283493042,0.685,-0.0,14:00,0.0294,0.1758,0.1412,0.452,test,mapillary+fortyguard,True,
986860442121354,41.8733839,-87.6234659,chicago,b_4661_-7264,1602606447388,270.86782836914,0.71,-0.45,14:00,0.1337,0.2964,0.0149,0.2808,train,mapillary+fortyguard,True,
242293234321878,41.8760788,-87.6337211,chicago,b_4661_-7264,1576516962154,174.16473388672,0.681,0.45,14:00,0.2203,0.23,0.2578,0.2191,train,mapillary+fortyguard,True,
480206746478435,41.8828161,-87.6301016,chicago,b_4662_-7263,1576341097200,94.517517089844,0.653,0.26,14:00,0.0,0.1707,0.0775,0.6103,test,mapillary+fortyguard,True,
176950590880546,41.8922484,-87.6367373,chicago,b_4663_-7263,1576267321211,357.67486572266,0.713,0.51,14:00,0.0353,0.2465,0.2227,0.4102,test,mapillary+fortyguard,True,
1862497147240672,41.8661974,-87.6469925,chicago,b_4660_-7266,1580245748083,356.20343017578,0.659,0.73,14:00,0.0001,0.2535,0.343,0.3412,train,mapillary+fortyguard,True,
314635206698760,41.879672,-87.6397535,chicago,b_4662_-7264,1576273301158,358.12554931641,0.669,0.47,14:00,0.0096,0.2617,0.0781,0.584,train,mapillary+fortyguard,True,
194592679155503,41.8864094,-87.6361341,chicago,b_4662_-7263,1576258574194,52.592468261719,0.689,0.5,14:00,0.0,0.2328,0.1417,0.5186,test,mapillary+fortyguard,True,
472458784034700,41.873833,-87.6391503,chicago,b_4661_-7265,1580068397116,176.34808349609,0.724,0.45,14:00,0.0,0.1946,0.4557,0.2657,train,mapillary+fortyguard,True,
504464610685359,41.8873077,-87.6319114,chicago,b_4662_-7263,1576255534200,268.10040283203,0.717,0.36,14:00,0.0,0.2562,0.2548,0.4015,test,mapillary+fortyguard,True,
169462575092939,41.8832653,-87.645786,chicago,b_4662_-7264,1602606963791,0.32498168945312,0.742,0.37,14:00,0.0638,0.4991,0.1484,0.2499,train,mapillary+fortyguard,True,
4288706634495654,41.8747313,-87.6349276,chicago,b_4661_-7265,1580160936077,321.2744140625,0.676,0.46,14:00,0.0204,0.0773,0.5583,0.3173,train,mapillary+fortyguard,True,
313757513461339,41.8814687,-87.6313081,chicago,b_4662_-7263,1580161818078,185.08703613281,0.569,0.36,14:00,0.0,0.0803,0.0815,0.7858,test,mapillary+fortyguard,True,
3887874841280742,41.8729347,-87.6204497,chicago,b_4661_-7264,1602606422738,270.1418762207,0.753,-0.61,14:00,0.3752,0.4838,0.0427,0.0824,train,mapillary+fortyguard,True,
698392894267027,41.8909009,-87.6379438,chicago,b_4663_-7263,1576261463214,89.999969482422,0.704,0.5,14:00,0.0,0.2487,0.105,0.522,test,mapillary+fortyguard,True,
2512115989181393,41.879672,-87.6168302,chicago,b_4662_-7262,1735595369659,357.01341935061,0.727,-0.69,14:00,0.2277,0.2173,0.3036,0.0812,train,mapillary+fortyguard,True,
503620514153460,41.882367,-87.6270854,chicago,b_4662_-7263,1576258069203,267.892578125,0.668,-0.09,14:00,0.0,0.2436,0.0312,0.6633,test,mapillary+fortyguard,True,
165816922133163,41.8715872,-87.6445795,chicago,b_4661_-7266,1580244979341,357.79901123047,0.547,0.39,14:00,0.0074,0.2073,0.5629,0.0477,train,mapillary+fortyguard,True,
1366216067077481,41.8670957,-87.6198465,chicago,b_4660_-7264,1580496367302,201.17858886719,0.604,-0.76,14:00,0.1423,0.2068,0.1891,0.0454,train,mapillary+fortyguard,True,
313639060198745,41.8850619,-87.6373406,chicago,b_4662_-7264,1576255689214,191.72143554688,0.581,0.49,14:00,0.0,0.1494,0.0384,0.6285,train,mapillary+fortyguard,True,
582861155982557,41.8917992,-87.6337211,chicago,b_4663_-7262,1576268144181,182.06286621094,0.68,0.43,14:00,0.0118,0.2494,0.152,0.5278,train,mapillary+fortyguard,True,
286102793161212,41.8877568,-87.6475957,chicago,b_4662_-7264,1580247480111,167.80407714844,0.663,0.36,14:00,0.0,0.2345,0.1679,0.5499,train,mapillary+fortyguard,True,
2529153470599057,41.8657482,-87.6439762,chicago,b_4660_-7266,1694203231457,1.5855207602245,0.677,0.78,14:00,0.0698,0.1093,0.4174,0.1136,train,mapillary+fortyguard,True,
281952347006115,41.8819178,-87.6469925,chicago,b_4662_-7265,1580068035159,178.12561035156,0.712,0.36,14:00,0.0,0.2141,0.1871,0.523,train,mapillary+fortyguard,True,
908409356669169,41.8868585,-87.6288951,chicago,b_4662_-7263,1580161604162,271.33825683594,0.579,0.04,14:00,0.0,0.0869,0.3488,0.4566,test,mapillary+fortyguard,True,
789243458619957,41.8760788,-87.6463892,chicago,b_4661_-7265,1580245015313,269.06555175781,0.686,0.35,14:00,0.0,0.2125,0.506,0.1702,train,mapillary+fortyguard,True,
541870473512901,41.8895535,-87.6391503,chicago,b_4663_-7263,1576268510193,266.10906982422,0.553,0.48,14:00,0.0584,0.127,0.3365,0.2872,test,mapillary+fortyguard,True,
495339151510202,41.8810195,-87.6282919,chicago,b_4662_-7263,1576273683135,83.947204589844,0.444,0.03,14:00,0.0,0.1735,0.0645,0.6082,test,mapillary+fortyguard,True,
1204559636642249,41.8877568,-87.6246724,chicago,b_4662_-7262,1576344894194,180.50183105469,0.643,-0.33,14:00,0.014,0.2206,0.0728,0.6254,train,mapillary+fortyguard,True,
1470909813696471,41.8724856,-87.6174335,chicago,b_4661_-7263,1694359215565,179.01348079368,0.697,-0.69,14:00,0.2844,0.1617,0.3874,0.0037,train,mapillary+fortyguard,True,
527753215051633,41.8904518,-87.6349276,chicago,b_4663_-7263,1576340521241,91.586517333984,0.69,0.47,14:00,0.0,0.2297,0.1827,0.4998,test,mapillary+fortyguard,True,
753135642239015,41.8819178,-87.6240692,chicago,b_4662_-7263,1576257976160,18.309326171875,0.632,-0.45,14:00,0.0541,0.1802,0.1437,0.4388,test,mapillary+fortyguard,True,
2858934027689896,41.8855111,-87.6301016,chicago,b_4662_-7263,1576341309176,84.882904052734,0.651,0.16,14:00,0.001,0.196,0.0793,0.6608,test,mapillary+fortyguard,True,
920852155413880,41.8747313,-87.6475957,chicago,b_4661_-7266,1580245924081,354.63116455078,0.699,0.34,14:00,0.0,0.1658,0.5264,0.1057,train,mapillary+fortyguard,True,
539696343854574,41.8922484,-87.6264822,chicago,b_4663_-7262,1576271777146,178.39093017578,0.568,-0.22,14:00,0.0,0.192,0.0085,0.6251,train,mapillary+fortyguard,True,
480636266691556,41.8864094,-87.6258789,chicago,b_4662_-7262,1576341416176,93.075469970703,0.593,-0.21,14:00,0.0,0.1382,0.0,0.7867,train,mapillary+fortyguard,True,
834905264710748,41.8756296,-87.643373,chicago,b_4661_-7265,1694203324696,84.242985980404,0.699,0.38,14:00,0.0,0.2121,0.4113,0.2344,train,mapillary+fortyguard,True,
473137883939537,41.8644008,-87.6222594,chicago,b_4660_-7265,1576349296241,2.1113891601562,0.721,-0.63,14:00,0.1561,0.1886,0.0769,0.5479,test,mapillary+fortyguard,True,
303924371227841,41.882367,-87.6397535,chicago,b_4662_-7264,1576258257186,359.11138916016,0.761,0.46,14:00,0.0,0.2587,0.1765,0.4915,train,mapillary+fortyguard,True,
4068182709968543,41.8891043,-87.6361341,chicago,b_4663_-7263,1576340239202,272.21905517578,0.643,0.5,14:00,0.0004,0.1566,0.1774,0.5922,test,mapillary+fortyguard,True,
178911134021675,41.8652991,-87.6180367,chicago,b_4660_-7264,1602606260370,269.85348510742,0.761,-0.8,14:00,0.1955,0.4592,0.0643,0.2647,train,mapillary+fortyguard,True,
217552583175250,41.8900026,-87.6319114,chicago,b_4663_-7263,1576270280199,88.429626464844,0.694,0.36,14:00,0.0,0.2345,0.1251,0.5147,test,mapillary+fortyguard,True,
307409364115833,41.8661974,-87.613814,chicago,b_4660_-7264,1602601960369,90.741973876953,0.716,-0.7,14:00,0.2527,0.437,0.2528,0.0039,train,mapillary+fortyguard,True,
314660210175089,41.8909009,-87.6276886,chicago,b_4663_-7262,1576253342151,176.68634033203,0.665,-0.09,14:00,0.0082,0.1872,0.1116,0.5793,train,mapillary+fortyguard,True,
484406909341379,41.8801212,-87.6451827,chicago,b_4662_-7265,1580069193198,0.65625,0.625,0.38,14:00,0.006,0.232,0.4632,0.0941,train,mapillary+fortyguard,True,
952894589608144,41.882367,-87.6168302,chicago,b_4662_-7262,1735595459096,37.579561101968,0.746,-0.69,14:00,0.1732,0.1638,0.3203,0.2076,train,mapillary+fortyguard,True,
301423454914885,41.8904518,-87.6475957,chicago,b_4663_-7264,1580247386102,178.11895751953,0.472,0.36,14:00,0.0002,0.2526,0.3045,0.4261,train,mapillary+fortyguard,True,
152724450073130,41.8792229,-87.6264822,chicago,b_4661_-7263,1576265304200,181.15283203125,0.546,-0.09,14:00,0.0018,0.2419,0.0,0.6685,train,mapillary+fortyguard,True,
254708980283454,41.8684432,-87.6439762,chicago,b_4660_-7266,1694203275630,357.32004255339,0.618,0.58,14:00,0.0314,0.2012,0.4741,0.0562,train,mapillary+fortyguard,True,
1635787113578693,41.8751805,-87.6403568,chicago,b_4661_-7265,1694203338865,87.966126696801,0.713,0.43,14:00,0.0,0.0516,0.2213,0.4309,train,mapillary+fortyguard,True,
1651723015744282,41.8639516,-87.6192432,chicago,b_4660_-7264,1735752601492,171.72200336827,0.635,-0.78,14:00,0.0995,0.1164,0.3893,0.224,train,mapillary+fortyguard,True,
440023620660866,41.8886552,-87.6331178,chicago,b_4663_-7263,1576340758193,177.63171386719,0.66,0.43,14:00,0.0,0.2789,0.0901,0.5693,test,mapillary+fortyguard,True,
459881511780806,41.8733839,-87.6258789,chicago,b_4661_-7264,1602606522475,265.23104858398,0.72,-0.23,14:00,0.1558,0.1519,0.0,0.3376,train,mapillary+fortyguard,True,
3072028469691681,41.8760788,-87.6361341,chicago,b_4661_-7264,1580160951095,329.21887207031,0.665,0.49,14:00,0.0,0.036,0.2701,0.533,train,mapillary+fortyguard,True,
4212547338765337,41.8648499,-87.6150205,chicago,b_4660_-7264,1602606237340,270.23797607422,0.776,-0.74,14:00,0.2631,0.4751,0.1335,0.0929,train,mapillary+fortyguard,True,
215746553392528,41.8922484,-87.6391503,chicago,b_4663_-7263,1576261334403,267.15167236328,0.709,0.48,14:00,0.0,0.2603,0.2665,0.3876,test,mapillary+fortyguard,True,
941068243385160,41.8810195,-87.6180367,chicago,b_4662_-7262,1576257856191,268.19702148438,0.736,-0.69,14:00,0.1981,0.2125,0.3221,0.1479,train,mapillary+fortyguard,True,
952433769158883,41.8877568,-87.6144173,chicago,b_4662_-7261,1694359095131,103.22173395981,0.436,-0.66,14:00,0.0449,0.0602,0.1116,0.2189,test,mapillary+fortyguard,True,
277394174094043,41.8769771,-87.6319114,chicago,b_4661_-7264,1576274349172,268.41381835938,0.478,0.35,14:00,0.0,0.2371,0.0018,0.6981,train,mapillary+fortyguard,True,
170601458301474,41.8837144,-87.6282919,chicago,b_4662_-7263,1576253520157,183.72723388672,0.618,0.03,14:00,0.0,0.1947,0.087,0.5735,test,mapillary+fortyguard,True,
4767301820160638,41.8751805,-87.6174335,chicago,b_4661_-7263,1735595250559,359.41759572994,0.722,-0.68,14:00,0.0523,0.1874,0.5117,0.084,train,mapillary+fortyguard,True,
3014653205430847,41.8805704,-87.6379438,chicago,b_4662_-7264,1576273400182,86.705535888672,0.525,0.51,14:00,0.0,0.2284,0.0038,0.6805,train,mapillary+fortyguard,True,
445786868603546,41.8693415,-87.6168302,chicago,b_4660_-7264,1735595041164,14.213416151915,0.677,-0.72,14:00,0.171,0.1146,0.4351,0.0447,train,mapillary+fortyguard,True,
1958585987630501,41.8873077,-87.6343243,chicago,b_4662_-7263,1576255598227,268.73858642578,0.73,0.47,14:00,0.0291,0.1705,0.2199,0.4763,test,mapillary+fortyguard,True,
904066188083840,41.8661974,-87.6264822,chicago,b_4660_-7265,1706207305702,4.8628807067871,0.52,0.02,14:00,0.0,0.2634,0.0977,0.313,test,mapillary+fortyguard,True,
1102328570260510,41.8729347,-87.6228627,chicago,b_4661_-7264,1602606444292,269.59729003906,0.723,-0.45,14:00,0.2145,0.353,0.0135,0.2093,train,mapillary+fortyguard,True,
3004146709909445,41.8715872,-87.6469925,chicago,b_4661_-7266,1580245872121,0,0.606,0.38,14:00,0.2111,0.2186,0.2608,0.2237,train,mapillary+fortyguard,True,
173308848023729,41.8670957,-87.6222594,chicago,b_4660_-7264,1576349355236,6.3737487792969,0.448,-0.62,14:00,0.0054,0.1472,0.5994,0.132,train,mapillary+fortyguard,True,
132639088904693,41.876528,-87.6288951,chicago,b_4661_-7264,1576273873158,358.57824707031,0.642,0.14,14:00,0.0,0.2294,0.0,0.6823,train,mapillary+fortyguard,True,
143724877671933,41.8724856,-87.6427698,chicago,b_4661_-7265,1580068513114,358.39044189453,0.712,0.4,14:00,0.0,0.1964,0.477,0.2509,train,mapillary+fortyguard,True,
329319818599038,41.867994,-87.6180367,chicago,b_4660_-7264,1580496356784,217.21954345703,0.613,-0.76,14:00,0.0509,0.16,0.2373,0.1104,train,mapillary+fortyguard,True,
486149519170895,41.8859602,-87.6355308,chicago,b_4662_-7263,1576339623173,0,0.573,0.49,14:00,0.0,0.2416,0.2328,0.4634,test,mapillary+fortyguard,True,
514139326382474,41.8909009,-87.6174335,chicago,b_4663_-7261,1576344035648,98.248352050781,0.436,-0.66,14:00,0.0001,0.2261,0.0826,0.5956,train,mapillary+fortyguard,True,
1517637498577014,41.8868585,-87.6313081,chicago,b_4662_-7263,1576255524187,188.07086181641,0.666,0.26,14:00,0.0,0.2433,0.0339,0.6747,test,mapillary+fortyguard,True,
371964990867497,41.8760788,-87.6488022,chicago,b_4661_-7266,1580246773125,266.54156494141,0.611,0.35,14:00,0.0,0.2311,0.4342,0.2966,train,mapillary+fortyguard,True,
754649301888251,41.8742822,-87.6343243,chicago,b_4661_-7265,1580160919093,270.00006103516,0.73,0.43,14:00,0.1627,0.0583,0.4809,0.11,train,mapillary+fortyguard,True,
483654956118138,41.8810195,-87.6307049,chicago,b_4662_-7263,1580161825139,180,0.448,0.26,14:00,0.0,0.0726,0.0806,0.7262,test,mapillary+fortyguard,True,
3940690282673804,41.8904518,-87.6373406,chicago,b_4663_-7263,1576261473201,104.13723754883,0.677,0.51,14:00,0.0001,0.2672,0.1085,0.5074,test,mapillary+fortyguard,True,
481288423120148,41.8819178,-87.6264822,chicago,b_4662_-7263,1576265125169,179.48608398438,0.455,-0.09,14:00,0.0,0.1768,0.0292,0.6091,test,mapillary+fortyguard,True,
296634058716694,41.8886552,-87.6228627,chicago,b_4663_-7262,1580161426074,277.17767333984,0.75,-0.54,14:00,0.0,0.0858,0.2197,0.5975,train,mapillary+fortyguard,True,
1287561691659002,41.8778754,-87.6403568,chicago,b_4661_-7265,1625769853283,248.83695983887,0.576,0.47,14:00,0.0,0.2475,0.0611,0.5085,train,mapillary+fortyguard,True,
374485797267152,41.8760788,-87.6258789,chicago,b_4661_-7264,1576265392185,180,0.651,-0.23,14:00,0.0,0.2491,0.0182,0.6924,train,mapillary+fortyguard,True,
450536532914310,41.8855111,-87.6325146,chicago,b_4662_-7263,1576254085192,358.51232910156,0.688,0.35,14:00,0.0357,0.1528,0.0561,0.5999,test,mapillary+fortyguard,True,
2557667557869563,41.8814687,-87.6463892,chicago,b_4662_-7265,1580245354149,92.651733398438,0.66,0.37,14:00,0.0,0.2436,0.3118,0.3922,train,mapillary+fortyguard,True,
312912370205499,41.879672,-87.6319114,chicago,b_4662_-7264,1576273128157,266.70562744141,0.599,0.36,14:00,0.0,0.2009,0.0402,0.6686,train,mapillary+fortyguard,True,
514142183051371,41.8891043,-87.638547,chicago,b_4663_-7263,1576340340251,161.99401855469,0.593,0.5,14:00,0.0793,0.2014,0.0283,0.5897,test,mapillary+fortyguard,True,
320065860433549,41.8778754,-87.6174335,chicago,b_4661_-7263,1694359177692,178.71094507516,0.691,-0.69,14:00,0.3005,0.1376,0.3016,0.0001,train,mapillary+fortyguard,True,
813626926242809,41.8873077,-87.6240692,chicago,b_4662_-7262,1576341523190,350.8779296875,0.656,-0.44,14:00,0.0008,0.2298,0.1454,0.5538,train,mapillary+fortyguard,True,
769042537055852,41.8900026,-87.6343243,chicago,b_4663_-7263,1576268200180,181.29229736328,0.456,0.47,14:00,0.0,0.2463,0.0457,0.6406,test,mapillary+fortyguard,True,
4536058499743473,41.8639516,-87.6445795,chicago,b_4660_-7267,1576514683153,170.72442626953,0.556,0.75,14:00,0.0054,0.2595,0.6208,0.0181,train,mapillary+fortyguard,True,
799620373990482,41.8801212,-87.6475957,chicago,b_4662_-7265,1580068072100,179.08270263672,0.69,0.37,14:00,0.0,0.2055,0.322,0.4036,train,mapillary+fortyguard,True,
219291889651130,41.8742822,-87.6469925,chicago,b_4661_-7266,1580068227115,181.25457763672,0.667,0.33,14:00,0.0803,0.2843,0.4537,0.1639,train,mapillary+fortyguard,True,
1670979160502416,41.8832653,-87.6150205,chicago,b_4662_-7262,1735595468465,65.444955573028,0.687,-0.67,14:00,0.1868,0.157,0.4,0.0975,train,mapillary+fortyguard,True,
490865678892479,41.8684432,-87.6463892,chicago,b_4660_-7266,1580245839149,355.47839355469,0.59,0.55,14:00,0.2265,0.2383,0.3872,0.0912,train,mapillary+fortyguard,True,
1185509975297016,41.8859602,-87.6252757,chicago,b_4662_-7262,1580161190075,93.391357421875,0.529,-0.33,14:00,0.0,0.0511,0.0,0.8737,train,mapillary+fortyguard,True,
776009619758943,41.8819178,-87.6391503,chicago,b_4662_-7264,1576258252103,277.12182617188,0.629,0.48,14:00,0.0,0.0856,0.0246,0.6766,train,mapillary+fortyguard,True,
399538641022435,41.8886552,-87.6355308,chicago,b_4663_-7263,1576340435199,78.243621826172,0.727,0.5,14:00,0.0,0.2397,0.0855,0.6617,test,mapillary+fortyguard,True,
483928502818107,41.8868585,-87.621053,chicago,b_4662_-7262,1576272444169,66.595886230469,0.554,-0.61,14:00,0.0,0.1488,0.05,0.4766,train,mapillary+fortyguard,True,
758443101524241,41.8648499,-87.6174335,chicago,b_4660_-7264,1602606255400,270.22222900391,0.749,-0.8,14:00,0.3679,0.4711,0.0574,0.098,train,mapillary+fortyguard,True,
2900544576849240,41.8895535,-87.6313081,chicago,b_4663_-7263,1576266363198,175.27154541016,0.677,0.27,14:00,0.0,0.1836,0.0955,0.5632,test,mapillary+fortyguard,True,
255697396337737,41.8810195,-87.6204497,chicago,b_4662_-7263,1576257909156,269.11553955078,0.721,-0.66,14:00,0.0,0.2267,0.3679,0.2918,test,mapillary+fortyguard,True,
835880878073262,41.8877568,-87.6168302,chicago,b_4662_-7262,1694359078297,97.8100527255,0.581,-0.69,14:00,0.0085,0.001,0.0136,0.0007,train,mapillary+fortyguard,True,
1662753687244798,41.8837144,-87.6307049,chicago,b_4662_-7263,1580161784052,176.56402587891,0.563,0.26,14:00,0.0,0.0526,0.0684,0.8029,test,mapillary+fortyguard,True,
1128898464202729,41.8904518,-87.6270854,chicago,b_4663_-7262,1576270344178,91.083892822266,0.615,-0.09,14:00,0.0,0.2429,0.046,0.5806,train,mapillary+fortyguard,True,
162136432509264,41.8855111,-87.6222594,chicago,b_4662_-7262,1580161297069,227.32952880859,0.604,-0.54,14:00,0.0,0.0847,0.1634,0.7135,train,mapillary+fortyguard,True,
956827195148841,41.888206,-87.6325146,chicago,b_4662_-7263,1576340761193,177.43218994141,0.674,0.36,14:00,0.0,0.2853,0.077,0.5848,test,mapillary+fortyguard,True,
306182490995613,41.8729347,-87.6252757,chicago,b_4661_-7264,1602606518106,270.86669921875,0.731,-0.23,14:00,0.0678,0.4172,0.0422,0.4188,train,mapillary+fortyguard,True,
183306130334118,41.8756296,-87.6355308,chicago,b_4661_-7264,1602606872446,271.32769775391,0.727,0.48,14:00,0.0141,0.3629,0.0318,0.4672,train,mapillary+fortyguard,True,
910884063029747,41.8891043,-87.6282919,chicago,b_4663_-7262,1576253367170,180,0.696,0.04,14:00,0.0,0.2168,0.142,0.5092,train,mapillary+fortyguard,True,
327373658752348,41.8783246,-87.645786,chicago,b_4661_-7265,1602606938171,1.1646728515625,0.751,0.38,14:00,0.0016,0.3939,0.2091,0.2217,train,mapillary+fortyguard,True,
4085874754866614,41.8724856,-87.6451827,chicago,b_4661_-7266,1580244620216,172.55151367188,0.623,0.36,14:00,0.0211,0.2247,0.5796,0.0311,train,mapillary+fortyguard,True,
495372015230816,41.8900026,-87.6240692,chicago,b_4663_-7262,1576341565201,9.9580383300781,0.448,-0.45,14:00,0.0,0.2114,0.1039,0.5808,train,mapillary+fortyguard,True,
530079671705094,41.8774263,-87.6270854,chicago,b_4661_-7264,1576339252193,355.61059570312,0.679,-0.1,14:00,0.0111,0.1739,0.0845,0.654,train,mapillary+fortyguard,True,
377385513567605,41.8828161,-87.6475957,chicago,b_4662_-7265,1580068024139,179.05212402344,0.668,0.36,14:00,0.0,0.1921,0.2428,0.468,train,mapillary+fortyguard,True,
527317664930749,41.8810195,-87.6331178,chicago,b_4662_-7264,1576273529146,87.348236083984,0.604,0.43,14:00,0.0,0.2184,0.0403,0.684,train,mapillary+fortyguard,True,
495966808257328,41.8877568,-87.6294984,chicago,b_4662_-7263,1576258904244,336.31323242188,0.729,0.16,14:00,0.0,0.2432,0.0865,0.6316,test,mapillary+fortyguard,True,
977867956364757,41.8769771,-87.6469925,chicago,b_4661_-7265,1580069842042,282.47827148438,0.688,0.36,14:00,0.008,0.1368,0.1744,0.539,train,mapillary+fortyguard,True,
897350307788535,41.8886552,-87.6252757,chicago,b_4663_-7262,1580161506083,268.68463134766,0.648,-0.33,14:00,0.0,0.0646,0.173,0.707,train,mapillary+fortyguard,True,
149971470474152,41.8733839,-87.6180367,chicago,b_4661_-7263,1602606384553,266.05285644531,0.753,-0.67,14:00,0.2983,0.4742,0.1312,0.0373,train,mapillary+fortyguard,True,
198663028741544,41.8760788,-87.6282919,chicago,b_4661_-7264,1576273867152,6.1509704589844,0.653,0.02,14:00,0.0,0.2073,0.0533,0.6782,train,mapillary+fortyguard,True,
157836176286073,41.8720364,-87.6421665,chicago,b_4661_-7265,1580068511202,359.54614257812,0.702,0.4,14:00,0.0018,0.1799,0.4711,0.2838,train,mapillary+fortyguard,True,
693805072595517,41.8895535,-87.621053,chicago,b_4663_-7262,1694203943496,231.1318369164,0.707,-0.61,14:00,0.034,0.048,0.1231,0.5048,train,mapillary+fortyguard,True,
472397660679891,41.8855111,-87.6349276,chicago,b_4662_-7263,1576339614193,358.16204833984,0.59,0.49,14:00,0.0,0.2457,0.0057,0.7077,test,mapillary+fortyguard,True,
4133854669986313,41.8922484,-87.6313081,chicago,b_4663_-7262,1576266298163,176.37493896484,0.693,0.27,14:00,0.0,0.2145,0.1002,0.5627,train,mapillary+fortyguard,True,
496175191428385,41.879672,-87.6343243,chicago,b_4662_-7264,1576273149149,261.12365722656,0.563,0.48,14:00,0.0,0.2194,0.0499,0.6771,train,mapillary+fortyguard,True,
1767260613457756,41.8864094,-87.6307049,chicago,b_4662_-7263,1580161660054,179.39923095703,0.606,0.26,14:00,0.0,0.0831,0.1022,0.7618,test,mapillary+fortyguard,True,
196453205646832,41.882367,-87.6445795,chicago,b_4662_-7264,1576512733417,188.52026367188,0.708,0.38,14:00,0.2206,0.2407,0.1728,0.2777,train,mapillary+fortyguard,True,
284633280037320,41.8891043,-87.64096,chicago,b_4663_-7263,1576268577153,284.06024169922,0.614,0.44,14:00,0.1002,0.2347,0.1497,0.443,test,mapillary+fortyguard,True,
1148663988987349,41.8805704,-87.6301016,chicago,b_4662_-7263,1576273556126,89.999969482422,0.565,0.27,14:00,0.0,0.2222,0.0377,0.6453,test,mapillary+fortyguard,True,
1656589634533558,41.8900026,-87.6367373,chicago,b_4663_-7263,1576267278214,355.98278808594,0.67,0.51,14:00,0.0,0.1942,0.109,0.5186,test,mapillary+fortyguard,True,
174352471251076,41.8639516,-87.6469925,chicago,b_4660_-7267,1580245720054,354.85601806641,0.681,0.73,14:00,0.0,0.2288,0.3098,0.3795,train,mapillary+fortyguard,True,
166851988774138,41.8909009,-87.6325146,chicago,b_4663_-7262,1576340569189,356.86694335938,0.684,0.36,14:00,0.0288,0.1566,0.4331,0.3154,train,mapillary+fortyguard,True,
140260834752055,41.8917992,-87.6282919,chicago,b_4663_-7262,1576253315158,180,0.669,0.03,14:00,0.0,0.2657,0.0935,0.5734,train,mapillary+fortyguard,True,
482747682845914,41.8810195,-87.645786,chicago,b_4662_-7265,1580247725166,179.12945556641,0.663,0.37,14:00,0.0004,0.2252,0.4226,0.1333,train,mapillary+fortyguard,True,
315179636944826,41.8792229,-87.6313081,chicago,b_4661_-7264,1576273111149,218.39990234375,0.458,0.36,14:00,0.0002,0.2028,0.0328,0.6805,train,mapillary+fortyguard,True,
141627091281329,41.8751805,-87.6451827,chicago,b_4661_-7265,1580245005226,330.5654296875,0.67,0.35,14:00,0.0,0.2318,0.5923,0.1021,train,mapillary+fortyguard,True,
374833937222788,41.8886552,-87.6379438,chicago,b_4663_-7263,1576340405206,85.990966796875,0.651,0.5,14:00,0.0,0.1945,0.0862,0.5807,test,mapillary+fortyguard,True,
948138885998418,41.8760788,-87.64096,chicago,b_4661_-7265,1602606898422,269.42205810547,0.682,0.42,14:00,0.0003,0.4576,0.2104,0.1598,train,mapillary+fortyguard,True,
513140103455168,41.8648499,-87.6198465,chicago,b_4660_-7264,1576349439216,165.58782958984,0.592,-0.78,14:00,0.2534,0.1777,0.3671,0.0781,train,mapillary+fortyguard,True,
1375477829474354,41.8828161,-87.6373406,chicago,b_4662_-7264,1576255764203,182.478515625,0.61,0.5,14:00,0.0163,0.2385,0.0595,0.6132,train,mapillary+fortyguard,True,
1104663286713133,41.8855111,-87.6475957,chicago,b_4662_-7264,1580067903065,178.50366210938,0.626,0.36,14:00,0.0,0.2047,0.0654,0.6411,train,mapillary+fortyguard,True,
187392633238003,41.879672,-87.6469925,chicago,b_4662_-7265,1580246104085,358.90631103516,0.676,0.37,14:00,0.0159,0.2109,0.2386,0.4602,train,mapillary+fortyguard,True,
1351934815192336,41.8666465,-87.6114011,chicago,b_4660_-7263,1602606147300,267.76318359375,0.751,-0.6,14:00,0.244,0.23,0.2137,0.0719,train,mapillary+fortyguard,True,
506462827206841,41.873833,-87.6463892,chicago,b_4661_-7266,1580244606154,166.20788574219,0.602,0.34,14:00,0.0198,0.1761,0.5688,0.032,train,mapillary+fortyguard,True,
906435619916200,41.8913501,-87.6252757,chicago,b_4663_-7262,1576261853878,184.72833251953,0.613,-0.34,14:00,0.0,0.1647,0.0507,0.6565,train,mapillary+fortyguard,True,
272132714625450,41.8787737,-87.6282919,chicago,b_4661_-7264,1576339269174,0,0.624,0.03,14:00,0.0,0.2224,0.0792,0.6442,train,mapillary+fortyguard,True,
466985577745862,41.8855111,-87.6246724,chicago,b_4662_-7262,1580161207062,78.998107910156,0.628,-0.33,14:00,0.0,0.0428,0.0666,0.766,train,mapillary+fortyguard,True,
977806619656554,41.8747313,-87.6421665,chicago,b_4661_-7265,1580069716128,270,0.683,0.39,14:00,0.0755,0.2313,0.4642,0.1714,train,mapillary+fortyguard,True,
146456054120630,41.888206,-87.6349276,chicago,b_4662_-7263,1576340027183,261.62579345703,0.683,0.47,14:00,0.0,0.2021,0.1279,0.6198,test,mapillary+fortyguard,True,
332059908485471,41.8729347,-87.6276886,chicago,b_4661_-7264,1602606555828,269.73648071289,0.583,0.01,14:00,0.015,0.397,0.0,0.4384,train,mapillary+fortyguard,True,
297872705166425,41.8805704,-87.6198465,chicago,b_4662_-7263,1576257869203,268.2109375,0.758,-0.66,14:00,0.0084,0.2729,0.3966,0.2484,test,mapillary+fortyguard,True,
934760618261521,41.8873077,-87.616227,chicago,b_4662_-7262,1694359080395,97.8100527255,0.646,-0.69,14:00,0.0094,0.1508,0.1971,0.2714,train,mapillary+fortyguard,True,
302812091353339,41.876528,-87.6337211,chicago,b_4661_-7264,1576516956078,179.20013427734,0.647,0.46,14:00,0.002,0.1968,0.3101,0.3514,train,mapillary+fortyguard,True,
193186395869860,41.8832653,-87.6301016,chicago,b_4662_-7263,1576341001191,84.825897216797,0.513,0.26,14:00,0.0,0.1566,0.0807,0.5358,test,mapillary+fortyguard,True,
467436387703054,41.8666465,-87.6469925,chicago,b_4660_-7266,1580245752096,1.1227111816406,0.515,0.67,14:00,0.0312,0.2453,0.5055,0.1395,train,mapillary+fortyguard,True,
134786758641308,41.8801212,-87.6397535,chicago,b_4662_-7264,1576273311151,358.10473632812,0.602,0.47,14:00,0.0057,0.23,0.0891,0.6176,train,mapillary+fortyguard,True,
677280486386333,41.8868585,-87.6361341,chicago,b_4662_-7263,1576255612216,228.0322265625,0.733,0.5,14:00,0.0,0.2062,0.1211,0.5626,test,mapillary+fortyguard,True,
775152079837158,41.8742822,-87.6391503,chicago,b_4661_-7265,1580068395107,177.80194091797,0.724,0.45,14:00,0.0001,0.217,0.4875,0.2504,train,mapillary+fortyguard,True,
914755889096915,41.8810195,-87.6355308,chicago,b_4662_-7264,1576273478146,90.809967041016,0.449,0.5,14:00,0.0041,0.196,0.0514,0.6365,train,mapillary+fortyguard,True,
208124577791170,41.8837144,-87.645786,chicago,b_4662_-7264,1580069270145,187.07330322266,0.576,0.37,14:00,0.0,0.1896,0.3289,0.2736,train,mapillary+fortyguard,True,
265266275334915,41.8819178,-87.6313081,chicago,b_4662_-7263,1576258144198,269.37945556641,0.677,0.35,14:00,0.0,0.2482,0.0393,0.6265,test,mapillary+fortyguard,True,
580153702923392,41.8886552,-87.6276886,chicago,b_4663_-7262,1576253372165,180.52014160156,0.688,-0.09,14:00,0.0,0.1741,0.1729,0.5911,train,mapillary+fortyguard,True,
471228579357246,41.8801212,-87.6168302,chicago,b_4662_-7262,1735595433592,3.0982093286644,0.73,-0.68,14:00,0.2379,0.0914,0.3121,0.1198,train,mapillary+fortyguard,True,
483456553075314,41.8855111,-87.6373406,chicago,b_4662_-7263,1576258505229,4.8046569824219,0.586,0.5,14:00,0.0037,0.2372,0.037,0.5529,test,mapillary+fortyguard,True,
619307507024188,41.8661974,-87.6439762,chicago,b_4660_-7266,1694203238158,358.44145021462,0.632,0.78,14:00,0.0712,0.223,0.4545,0.0928,train,mapillary+fortyguard,True,
1552616544940868,41.8864094,-87.6331178,chicago,b_4662_-7263,1576340784226,179.44604492188,0.541,0.42,14:00,0.019,0.2339,0.0551,0.595,test,mapillary+fortyguard,True,
495317491892658,41.882367,-87.6469925,chicago,b_4662_-7265,1580246239072,358.08349609375,0.611,0.36,14:00,0.0003,0.2341,0.2753,0.4352,train,mapillary+fortyguard,True,
329311541971992,41.8891043,-87.643373,chicago,b_4663_-7264,1576268613149,269.03802490234,0.692,0.39,14:00,0.0,0.2205,0.3109,0.3788,train,mapillary+fortyguard,True,
507655110276534,41.876528,-87.6463892,chicago,b_4661_-7265,1580246760083,216.13940429688,0.648,0.36,14:00,0.0,0.215,0.3584,0.2541,train,mapillary+fortyguard,True,
760011008035711,41.8900026,-87.6391503,chicago,b_4663_-7263,1576340329227,198.03979492188,0.587,0.48,14:00,0.0999,0.1679,0.0165,0.63,test,mapillary+fortyguard,True,
1991953711157759,41.8855111,-87.6144173,chicago,b_4662_-7262,1694359112325,169.62231357571,0.682,-0.66,14:00,0.0289,0.1798,0.4605,0.1044,train,mapillary+fortyguard,True,
1518946551633168,41.8814687,-87.6282919,chicago,b_4662_-7263,1576253594165,184.30084228516,0.575,0.03,14:00,0.0,0.2249,0.0933,0.6245,test,mapillary+fortyguard,True,
215460826779258,41.888206,-87.6246724,chicago,b_4662_-7262,1576344890186,183.36352539062,0.592,-0.33,14:00,0.0154,0.2023,0.0702,0.6268,train,mapillary+fortyguard,True,
806129071280143,41.8729347,-87.6174335,chicago,b_4661_-7263,1694359210231,178.97239733969,0.7,-0.68,14:00,0.237,0.1357,0.4308,0.0078,train,mapillary+fortyguard,True,
762569864389526,41.8909009,-87.6349276,chicago,b_4663_-7263,1576340518193,89.999969482422,0.701,0.47,14:00,0.0,0.2281,0.1713,0.5216,test,mapillary+fortyguard,True,
223864205797636,41.8756296,-87.6276886,chicago,b_4661_-7264,1602606704630,266.5500793457,0.707,0.02,14:00,0.175,0.3973,0.045,0.293,train,mapillary+fortyguard,True,
1085132635311928,41.882367,-87.6240692,chicago,b_4662_-7263,1576265672186,358.47686767578,0.703,-0.45,14:00,0.0177,0.2029,0.1487,0.4656,test,mapillary+fortyguard,True,
156337116444492,41.8715872,-87.6415633,chicago,b_4661_-7265,1580068432203,271.15692138672,0.722,0.45,14:00,0.0771,0.2311,0.4828,0.1473,train,mapillary+fortyguard,True,
1362469984129565,41.8917992,-87.6307049,chicago,b_4663_-7262,1576266332158,185.75628662109,0.706,0.27,14:00,0.0,0.1856,0.096,0.5772,train,mapillary+fortyguard,True,
481504449803711,41.876528,-87.6234659,chicago,b_4661_-7263,1576265531151,312.95886230469,0.744,-0.45,14:00,0.0,0.2776,0.0854,0.5838,train,mapillary+fortyguard,True,
532673791088639,41.8792229,-87.6337211,chicago,b_4661_-7264,1576273142164,272.05120849609,0.585,0.48,14:00,0.0,0.2228,0.0395,0.676,train,mapillary+fortyguard,True,
603783221017930,41.8751805,-87.6475957,chicago,b_4661_-7266,1576514446161,98.260955810547,0.407,0.34,14:00,0.0,0.1083,0.0428,0.0658,train,mapillary+fortyguard,True,
1187372496001182,41.8639516,-87.6264822,chicago,b_4660_-7265,1706207272728,125.86328077316,0.575,0.02,14:00,0.0,0.1074,0.0135,0.8538,test,mapillary+fortyguard,True,
211660013865553,41.8819178,-87.6439762,chicago,b_4662_-7264,1576512737316,183.94360351562,0.639,0.39,14:00,0.0558,0.2768,0.2917,0.2828,train,mapillary+fortyguard,True,
321335082706689,41.8886552,-87.6403568,chicago,b_4663_-7263,1576268570181,266.65753173828,0.708,0.46,14:00,0.0444,0.2153,0.175,0.4573,test,mapillary+fortyguard,True,
1269203793541102,41.8868585,-87.6258789,chicago,b_4662_-7262,1576264885226,167.99188232422,0.634,-0.21,14:00,0.0,0.2352,0.0867,0.6105,train,mapillary+fortyguard,True,
323713532600259,41.8648499,-87.6222594,chicago,b_4660_-7265,1576349299222,359.30810546875,0.719,-0.63,14:00,0.1567,0.2013,0.1061,0.5128,test,mapillary+fortyguard,True,
376899380289210,41.8895535,-87.6361341,chicago,b_4663_-7263,1576270172153,84.966003417969,0.726,0.5,14:00,0.0,0.1825,0.1738,0.5426,test,mapillary+fortyguard,True,
945984819292351,41.8810195,-87.6252757,chicago,b_4662_-7263,1576253728155,80.041961669922,0.61,-0.22,14:00,0.0804,0.1981,0.4599,0.1059,test,mapillary+fortyguard,True,
500437197669504,41.8904518,-87.6319114,chicago,b_4663_-7262,1576254156169,87.558044433594,0.698,0.36,14:00,0.0004,0.2308,0.1071,0.5968,train,mapillary+fortyguard,True,
119360466868160,41.8666465,-87.613814,chicago,b_4660_-7264,1602606189568,253.55993652344,0.706,-0.69,14:00,0.3261,0.4034,0.189,0.0363,train,mapillary+fortyguard,True,
3014404658792248,41.8846128,-87.6313081,chicago,b_4662_-7263,1576254017167,260.59716796875,0.693,0.35,14:00,0.0,0.1577,0.0453,0.6699,test,mapillary+fortyguard,True,
1164020542028359,41.8828161,-87.6168302,chicago,b_4662_-7262,1735595459696,37.579561101968,0.746,-0.69,14:00,0.1251,0.1265,0.3435,0.1962,train,mapillary+fortyguard,True,
920903015430000,41.8787737,-87.6307049,chicago,b_4661_-7264,1580161869136,177.6953125,0.614,0.27,14:00,0.0,0.071,0.11,0.7432,train,mapillary+fortyguard,True,
7213782298652308,41.8747313,-87.6445795,chicago,b_4661_-7265,1694203316161,20.720554687464,0.665,0.35,14:00,0.0002,0.184,0.4568,0.1843,train,mapillary+fortyguard,True,
502098347874170,41.888206,-87.6373406,chicago,b_4662_-7263,1576339766184,132.40933227539,0.681,0.5,14:00,0.0,0.1716,0.0958,0.7049,test,mapillary+fortyguard,True,
959182588233321,41.8688923,-87.6439762,chicago,b_4660_-7266,1580160795106,353.88427734375,0.618,0.58,14:00,0.0,0.0846,0.55,0.0485,train,mapillary+fortyguard,True,
4002820159799600,41.8756296,-87.6403568,chicago,b_4661_-7265,1580160855085,87.5859375,0.651,0.44,14:00,0.0,0.0833,0.2601,0.611,train,mapillary+fortyguard,True,
2187446604720846,41.8891043,-87.6331178,chicago,b_4663_-7263,1576340751192,178.73327636719,0.609,0.43,14:00,0.0,0.2805,0.0836,0.5554,test,mapillary+fortyguard,True,
175835737777211,41.8850619,-87.6469925,chicago,b_4662_-7264,1580246291081,357.56402587891,0.605,0.36,14:00,0.0,0.2186,0.1929,0.4971,train,mapillary+fortyguard,True,
857445264851179,41.8805704,-87.6222594,chicago,b_4662_-7263,1576257937213,269.24560546875,0.698,-0.54,14:00,0.2184,0.2394,0.139,0.2974,test,mapillary+fortyguard,True,
983865182422061,41.8652991,-87.6150205,chicago,b_4660_-7264,1602606234390,269.50347900391,0.753,-0.74,14:00,0.1715,0.4635,0.1799,0.1306,train,mapillary+fortyguard,True,
1118008225343534,41.8900026,-87.6288951,chicago,b_4663_-7262,1576262020183,270.76202392578,0.656,0.04,14:00,0.0,0.225,0.071,0.5529,train,mapillary+fortyguard,True,
688047906519212,41.8814687,-87.6180367,chicago,b_4662_-7262,1694359147864,187.46485802429,0.707,-0.69,14:00,0.1211,0.1359,0.485,0.0185,train,mapillary+fortyguard,True,
1435232366861250,41.8909009,-87.6246724,chicago,b_4663_-7262,1576259025225,92.006988525391,0.57,-0.34,14:00,0.0009,0.1894,0.0848,0.675,train,mapillary+fortyguard,True,
2418078991658607,41.8742822,-87.6415633,chicago,b_4661_-7265,1580069709159,271.22125244141,0.683,0.4,14:00,0.0,0.192,0.4199,0.3376,train,mapillary+fortyguard,True,
465911884700176,41.8751805,-87.6373406,chicago,b_4661_-7265,1580160870090,88.55517578125,0.673,0.47,14:00,0.0,0.0778,0.5826,0.2442,train,mapillary+fortyguard,True,
504114173971765,41.8886552,-87.6301016,chicago,b_4663_-7263,1576258918192,350.83734130859,0.695,0.16,14:00,0.0,0.1667,0.095,0.5305,test,mapillary+fortyguard,True,
135569385259324,41.8778754,-87.6475957,chicago,b_4661_-7265,1580068673073,358.14581298828,0.727,0.37,14:00,0.08,0.1733,0.2001,0.418,train,mapillary+fortyguard,True,
759034662770068,41.8666465,-87.6264822,chicago,b_4660_-7265,1706207318682,15.862808704376,0.583,-0.0,14:00,0.0071,0.1395,0.1255,0.5379,test,mapillary+fortyguard,True,
372357424167314,41.8760788,-87.6331178,chicago,b_4661_-7264,1580162020131,271.84619140625,0.616,0.4,14:00,0.0028,0.0943,0.5582,0.2731,train,mapillary+fortyguard,True,
110364524455683,41.8720364,-87.6469925,chicago,b_4661_-7266,1580245876097,357.73577880859,0.642,0.35,14:00,0.0708,0.2109,0.3997,0.2107,train,mapillary+fortyguard,True,
513016003165495,41.8922484,-87.6361341,chicago,b_4663_-7263,1576267341186,88.505767822266,0.643,0.5,14:00,0.0282,0.1944,0.2255,0.4404,test,mapillary+fortyguard,True,
474046753815087,41.8661974,-87.6463892,chicago,b_4660_-7266,1580245750109,0,0.551,0.74,14:00,0.0053,0.2426,0.3589,0.3132,train,mapillary+fortyguard,True,
2639971646301048,41.8729347,-87.6427698,chicago,b_4661_-7265,1580068517134,355.1884765625,0.737,0.38,14:00,0.0,0.2252,0.452,0.2878,train,mapillary+fortyguard,True,
1417493821917451,41.879672,-87.6391503,chicago,b_4662_-7264,1576273236160,270.84558105469,0.665,0.49,14:00,0.031,0.2183,0.2484,0.3908,train,mapillary+fortyguard,True,
295530585551004,41.8684432,-87.6180367,chicago,b_4660_-7264,1576345327160,217.47918701172,0.609,-0.74,14:00,0.0696,0.309,0.3126,0.1809,train,mapillary+fortyguard,True,
373667897342576,41.8805704,-87.6349276,chicago,b_4662_-7264,1576273487144,88.834136962891,0.459,0.5,14:00,0.0,0.2132,0.0437,0.6811,train,mapillary+fortyguard,True,
1208455959626031,41.8873077,-87.6313081,chicago,b_4662_-7263,1576266415186,179.47985839844,0.591,0.27,14:00,0.0,0.1743,0.0383,0.6154,test,mapillary+fortyguard,True,
519189205767693,41.876528,-87.6488022,chicago,b_4661_-7265,1580069853192,270.00006103516,0.681,0.36,14:00,0.0002,0.1706,0.2292,0.5179,train,mapillary+fortyguard,True,
506099504084914,41.8814687,-87.6307049,chicago,b_4662_-7263,1576266596186,183.43609619141,0.509,0.26,14:00,0.0,0.2301,0.0457,0.6238,test,mapillary+fortyguard,True,
901650073732915,41.888206,-87.6270854,chicago,b_4662_-7262,1576271874175,162.02154541016,0.664,-0.09,14:00,0.0,0.2036,0.1379,0.484,train,mapillary+fortyguard,True,
494010358386721,41.8729347,-87.6198465,chicago,b_4661_-7263,1602606407973,268.04083251953,0.726,-0.65,14:00,0.2246,0.4689,0.1604,0.0945,train,mapillary+fortyguard,True,
475920660286836,41.8909009,-87.6373406,chicago,b_4663_-7263,1576261484217,97.735809326172,0.689,0.51,14:00,0.0054,0.2712,0.0886,0.5407,test,mapillary+fortyguard,True,
588935742007663,41.8756296,-87.6301016,chicago,b_4661_-7264,1602606785015,271.36312866211,0.697,0.24,14:00,0.1825,0.3347,0.0171,0.2993,train,mapillary+fortyguard,True,
973308590165217,41.8670957,-87.6192432,chicago,b_4660_-7264,1580496365334,209.37017822266,0.563,-0.76,14:00,0.175,0.2563,0.2,0.0534,train,mapillary+fortyguard,True,
208252734441996,41.8850619,-87.6367373,chicago,b_4662_-7263,1576258492189,1.5230712890625,0.55,0.5,14:00,0.0018,0.2805,0.1403,0.3728,test,mapillary+fortyguard,True,
509491923735962,41.876528,-87.6258789,chicago,b_4661_-7264,1576265390190,180.58441162109,0.632,-0.23,14:00,0.0,0.2557,0.0,0.709,train,mapillary+fortyguard,True,
317214549782264,41.8724856,-87.6397535,chicago,b_4661_-7265,1580068407154,179.24493408203,0.723,0.44,14:00,0.0,0.2258,0.3442,0.3852,train,mapillary+fortyguard,True,
521253028896509,41.8859602,-87.6325146,chicago,b_4662_-7263,1576340787198,180,0.619,0.35,14:00,0.0057,0.2701,0.0586,0.5889,test,mapillary+fortyguard,True,
196616338840766,41.8819178,-87.6463892,chicago,b_4662_-7265,1580068788101,92.901489257812,0.729,0.37,14:00,0.0046,0.1926,0.2772,0.4428,train,mapillary+fortyguard,True,
802874827016337,41.8886552,-87.6427698,chicago,b_4663_-7264,1576268601180,264.99334716797,0.738,0.41,14:00,0.0001,0.206,0.316,0.3309,train,mapillary+fortyguard,True,
298126708651476,41.8868585,-87.6282919,chicago,b_4662_-7263,1576253429158,181.88116455078,0.462,0.04,14:00,0.0004,0.1945,0.1613,0.6169,test,mapillary+fortyguard,True,
125591312873845,41.8895535,-87.638547,chicago,b_4663_-7263,1576340334224,130.95739746094,0.533,0.5,14:00,0.0129,0.1422,0.0018,0.6308,test,mapillary+fortyguard,True,
182134487118917,41.8783246,-87.6174335,chicago,b_4661_-7263,1576257660154,66.650085449219,0.564,-0.69,14:00,0.1613,0.1902,0.4866,0.0,train,mapillary+fortyguard,True,
482627916396973,41.8810195,-87.6276886,chicago,b_4662_-7263,1576253599164,177.78509521484,0.578,0.03,14:00,0.0,0.2395,0.1141,0.6017,test,mapillary+fortyguard,True,
902732090284655,41.8702398,-87.6451827,chicago,b_4660_-7266,1580244634111,174.64514160156,0.632,0.44,14:00,0.027,0.2003,0.5383,0.0114,train,mapillary+fortyguard,True,
138155028331731,41.8877568,-87.6240692,chicago,b_4662_-7262,1576341524191,357.59832763672,0.638,-0.44,14:00,0.0,0.2177,0.1497,0.5464,train,mapillary+fortyguard,True,
299643105091980,41.8657482,-87.6204497,chicago,b_4660_-7264,1576349430213,161.51831054688,0.648,-0.72,14:00,0.0169,0.2418,0.5953,0.0959,train,mapillary+fortyguard,True,
603351381973801,41.8724856,-87.6168302,chicago,b_4661_-7263,1694359214965,179.1288263131,0.698,-0.69,14:00,0.2917,0.1486,0.3831,0.0001,train,mapillary+fortyguard,True,
936588950234630,41.8751805,-87.6270854,chicago,b_4661_-7264,1602606605508,358.05136108398,0.715,-0.11,14:00,0.0635,0.4358,0.0309,0.3869,train,mapillary+fortyguard,True,
817589698893418,41.8805704,-87.6475957,chicago,b_4662_-7265,1580246158103,0.51394653320312,0.603,0.37,14:00,0.0059,0.206,0.1749,0.5173,train,mapillary+fortyguard,True,
740701769942188,41.8855111,-87.6294984,chicago,b_4662_-7263,1576341151204,353.65948486328,0.619,0.16,14:00,0.0,0.237,0.0448,0.6754,test,mapillary+fortyguard,True,
3772975782811527,41.8747313,-87.6469925,chicago,b_4661_-7266,1580069802927,301.40191650391,0.682,0.34,14:00,0.2061,0.1914,0.4907,0.04,train,mapillary+fortyguard,True,
556120315773424,41.8688923,-87.6463892,chicago,b_4660_-7266,1580245847145,21.797271728516,0.59,0.55,14:00,0.1042,0.2395,0.4156,0.1579,train,mapillary+fortyguard,True,
756623321649590,41.8864094,-87.6252757,chicago,b_4662_-7262,1580161176099,146.77484130859,0.626,-0.33,14:00,0.0,0.0578,0.0,0.8755,train,mapillary+fortyguard,True,
848555363564932,41.8756296,-87.6427698,chicago,b_4661_-7265,1694203327196,86.076903880928,0.712,0.4,14:00,0.0,0.1738,0.2809,0.3145,train,mapillary+fortyguard,True,
829987561254197,41.882367,-87.6391503,chicago,b_4662_-7264,1576258263227,359.26458740234,0.752,0.48,14:00,0.0,0.2555,0.17,0.5364,train,mapillary+fortyguard,True,
586917022284648,41.8891043,-87.6355308,chicago,b_4663_-7263,1576340150197,101.60955810547,0.687,0.5,14:00,0.0,0.1506,0.1543,0.657,test,mapillary+fortyguard,True,
276878304138786,41.8652991,-87.6174335,chicago,b_4660_-7264,1602606257444,269.55740356445,0.754,-0.8,14:00,0.4086,0.4348,0.0545,0.1011,train,mapillary+fortyguard,True,
1914202918737460,41.8900026,-87.6313081,chicago,b_4663_-7262,1576266359172,176.49865722656,0.682,0.27,14:00,0.0,0.19,0.1138,0.5684,train,mapillary+fortyguard,True,
907040746812553,41.8859602,-87.6451827,chicago,b_4662_-7264,1580247525098,179.44604492188,0.527,0.37,14:00,0.0518,0.2737,0.186,0.0916,train,mapillary+fortyguard,True,
216386343302883,41.8774263,-87.6343243,chicago,b_4661_-7264,1576513432149,173.46527099609,0.608,0.47,14:00,0.0,0.2291,0.0009,0.6689,train,mapillary+fortyguard,True,
2819658785030837,41.8661974,-87.6132108,chicago,b_4660_-7264,1602601965293,91.391143798828,0.747,-0.7,14:00,0.1969,0.3478,0.2737,0.0039,train,mapillary+fortyguard,True,
1205266349902148,41.8909009,-87.6270854,chicago,b_4663_-7262,1576259005235,87.780853271484,0.65,-0.09,14:00,0.0009,0.0569,0.0592,0.6042,train,mapillary+fortyguard,True,
312878333569386,41.8742822,-87.6439762,chicago,b_4661_-7265,1580069749301,266.34088134766,0.637,0.36,14:00,0.0,0.2144,0.2202,0.0283,train,mapillary+fortyguard,True,
1090147454800955,41.8648499,-87.6144173,chicago,b_4660_-7264,1602606229372,267.70748901367,0.781,-0.74,14:00,0.1191,0.4842,0.2075,0.1136,train,mapillary+fortyguard,True,
3980328932020566,41.8895535,-87.6282919,chicago,b_4663_-7262,1576270606148,269.19836425781,0.43,0.04,14:00,0.0,0.25,0.0735,0.5853,train,mapillary+fortyguard,True,
830173534284736,41.8805704,-87.6373406,chicago,b_4662_-7264,1576255793219,185.25183105469,0.487,0.51,14:00,0.0118,0.2643,0.1064,0.5108,train,mapillary+fortyguard,True,
4177623102258957,41.8873077,-87.6337211,chicago,b_4662_-7263,1576255597204,272.36676025391,0.749,0.43,14:00,0.0,0.2145,0.1672,0.5258,test,mapillary+fortyguard,True,
817985522458977,41.8832653,-87.6475957,chicago,b_4662_-7265,1580246263086,359.09246826172,0.49,0.36,14:00,0.0052,0.2321,0.2754,0.3897,train,mapillary+fortyguard,True,
234454131811319,41.888206,-87.6294984,chicago,b_4662_-7263,1576258900232,357.59838867188,0.728,0.16,14:00,0.0,0.247,0.0751,0.601,test,mapillary+fortyguard,True,
228867699040298,41.8774263,-87.6469925,chicago,b_4661_-7265,1580245997100,359.07269287109,0.557,0.37,14:00,0.013,0.2038,0.2768,0.3736,train,mapillary+fortyguard,True,
779189749637461,41.8909009,-87.6397535,chicago,b_4663_-7263,1576270086165,142.71667480469,0.708,0.48,14:00,0.0356,0.171,0.0788,0.6196,test,mapillary+fortyguard,True,
222544485915814,41.882367,-87.6288951,chicago,b_4662_-7263,1576258125190,262.53460693359,0.67,0.15,14:00,0.0,0.2127,0.0441,0.6752,test,mapillary+fortyguard,True,
817838082491018,41.8670957,-87.6216562,chicago,b_4660_-7264,1576349366217,92.440979003906,0.615,-0.62,14:00,0.0059,0.1982,0.5856,0.0917,train,mapillary+fortyguard,True,
308359610800725,41.876528,-87.6282919,chicago,b_4661_-7264,1576273881153,357.86791992188,0.616,0.03,14:00,0.0585,0.2008,0.0039,0.63,train,mapillary+fortyguard,True,
457876028843602,41.8832653,-87.6246724,chicago,b_4662_-7263,1576272776149,173.65924072266,0.531,-0.34,14:00,0.0533,0.1978,0.2935,0.308,test,mapillary+fortyguard,True,
3001446266741925,41.8724856,-87.6421665,chicago,b_4661_-7265,1580068515185,356.69354248047,0.703,0.4,14:00,0.0,0.2219,0.4788,0.2612,train,mapillary+fortyguard,True,
1247910362575445,41.8900026,-87.621053,chicago,b_4663_-7262,1694203954431,226.76202789074,0.705,-0.61,14:00,0.0336,0.0445,0.1227,0.4884,train,mapillary+fortyguard,True,
142212181221287,41.8792229,-87.638547,chicago,b_4661_-7264,1576273230165,271.05407714844,0.618,0.49,14:00,0.0128,0.1919,0.317,0.3464,train,mapillary+fortyguard,True,
578723306382392,41.8909009,-87.6168302,chicago,b_4663_-7261,1576344047220,89.999969482422,0.676,-0.64,14:00,0.0103,0.2454,0.0975,0.5587,train,mapillary+fortyguard,True,
310351894034513,41.8868585,-87.6307049,chicago,b_4662_-7263,1576255528195,264.10076904297,0.737,0.26,14:00,0.0038,0.2429,0.2523,0.4353,test,mapillary+fortyguard,True,
1482722542071277,41.8742822,-87.6337211,chicago,b_4661_-7264,1580160917105,269.23059082031,0.699,0.43,14:00,0.1649,0.0668,0.4875,0.1076,train,mapillary+fortyguard,True,
840892186505579,41.8877568,-87.6264822,chicago,b_4662_-7262,1580161577092,218.64599609375,0.607,-0.21,14:00,0.0,0.0831,0.0001,0.8547,train,mapillary+fortyguard,True,
1553617444843642,41.8904518,-87.6367373,chicago,b_4663_-7263,1576267275226,359.31207275391,0.703,0.51,14:00,0.0,0.2079,0.1196,0.5455,test,mapillary+fortyguard,True,
310195203947987,41.8819178,-87.6258789,chicago,b_4662_-7263,1576265121206,176.27783203125,0.473,-0.22,14:00,0.0,0.2408,0.0005,0.6615,test,mapillary+fortyguard,True,
254548779795257,41.8886552,-87.6222594,chicago,b_4663_-7262,1580161420075,312.81195068359,0.589,-0.54,14:00,0.0,0.0425,0.3255,0.5521,train,mapillary+fortyguard,True,
199547568653317,41.8913501,-87.6325146,chicago,b_4663_-7262,1576340703270,176.39019775391,0.683,0.36,14:00,0.0086,0.2687,0.129,0.5103,train,mapillary+fortyguard,True,
122920853154519,41.8787737,-87.6355308,chicago,b_4661_-7264,1576267009182,339.15606689453,0.669,0.5,14:00,0.0,0.2313,0.0328,0.6563,train,mapillary+fortyguard,True,
887444441988042,41.8855111,-87.6319114,chicago,b_4662_-7263,1576254086166,359.4921875,0.675,0.35,14:00,0.0,0.2195,0.052,0.669,test,mapillary+fortyguard,True,
295464888714106,41.8922484,-87.6282919,chicago,b_4663_-7262,1576253305146,177.43237304688,0.589,0.03,14:00,0.0,0.2849,0.1371,0.5178,train,mapillary+fortyguard,True,
174731781209819,41.8814687,-87.645786,chicago,b_4662_-7265,1576514564409,210.00152587891,0.701,0.37,14:00,0.0,0.2214,0.2914,0.3693,train,mapillary+fortyguard,True,
225521175578675,41.8756296,-87.6451827,chicago,b_4661_-7265,1580245006349,324.47009277344,0.689,0.36,14:00,0.0,0.2359,0.5976,0.1031,train,mapillary+fortyguard,True,
826554277987595,41.8891043,-87.6379438,chicago,b_4663_-7263,1576268399179,270,0.562,0.5,14:00,0.0,0.2375,0.326,0.3861,test,mapillary+fortyguard,True,
3342078605895035,41.8900026,-87.6337211,chicago,b_4663_-7263,1576268199183,181.20129394531,0.622,0.43,14:00,0.0,0.2471,0.0539,0.6398,test,mapillary+fortyguard,True,
805359506772885,41.8859602,-87.6475957,chicago,b_4662_-7264,1580246299910,354.09039306641,0.602,0.36,14:00,0.0,0.2088,0.2675,0.4009,train,mapillary+fortyguard,True,
1405222579876262,41.8639516,-87.6439762,chicago,b_4660_-7266,1576514883201,358.08294677734,0.571,0.78,14:00,0.0,0.2686,0.4183,0.1037,train,mapillary+fortyguard,True,
543021027072380,41.8801212,-87.6469925,chicago,b_4662_-7265,1580246152092,359.36334228516,0.494,0.37,14:00,0.0,0.175,0.1833,0.5435,train,mapillary+fortyguard,True,
299012035278473,41.8742822,-87.6463892,chicago,b_4661_-7266,1580068616122,268.49163818359,0.647,0.34,14:00,0.0339,0.1787,0.4767,0.0915,train,mapillary+fortyguard,True,
1546129812734326,41.8832653,-87.6144173,chicago,b_4662_-7262,1735595470865,58.653012772587,0.678,-0.65,14:00,0.1249,0.163,0.4351,0.1598,train,mapillary+fortyguard,True,
217386756529854,41.8859602,-87.6246724,chicago,b_4662_-7262,1580161214069,121.32669067383,0.597,-0.33,14:00,0.0,0.0952,0.0713,0.7563,train,mapillary+fortyguard,True,
1007579238085817,41.8706889,-87.6174335,chicago,b_4661_-7264,1735595058190,2.8420331145734,0.647,-0.71,14:00,0.3237,0.1686,0.3023,0.0428,train,mapillary+fortyguard,True,
2894261800828975,41.8886552,-87.6349276,chicago,b_4663_-7263,1576340157166,88.123443603516,0.678,0.47,14:00,0.0,0.1839,0.0828,0.6504,test,mapillary+fortyguard,True,
3556939151074786,41.8733839,-87.6276886,chicago,b_4661_-7264,1602606567643,3.2284851074219,0.724,0.01,14:00,0.2421,0.3266,0.0315,0.2028,train,mapillary+fortyguard,True,
510299636820083,41.8801212,-87.6240692,chicago,b_4662_-7263,1576265654197,3.593017578125,0.715,-0.34,14:00,0.0057,0.2527,0.2089,0.4349,test,mapillary+fortyguard,True,
503234844202595,41.8648499,-87.6168302,chicago,b_4660_-7264,1602606254555,269.92819213867,0.757,-0.8,14:00,0.2697,0.4078,0.1024,0.1392,train,mapillary+fortyguard,True,
460552238350253,41.8810195,-87.6198465,chicago,b_4662_-7263,1576257870185,268.98754882812,0.751,-0.66,14:00,0.0026,0.2425,0.4213,0.262,test,mapillary+fortyguard,True,
840887197317736,41.8877568,-87.616227,chicago,b_4662_-7261,1694359083196,97.8100527255,0.685,-0.69,14:00,0.005,0.0856,0.2985,0.441,test,mapillary+fortyguard,True,
508734840480259,41.8769771,-87.6337211,chicago,b_4661_-7264,1576516896173,255.51831054688,0.476,0.46,14:00,0.0,0.2266,0.0417,0.6373,train,mapillary+fortyguard,True,
1004387616972821,41.8657482,-87.6126075,chicago,b_4660_-7264,1602601973488,87.7822265625,0.727,-0.65,14:00,0.3641,0.2531,0.1913,0.0008,train,mapillary+fortyguard,True,
472583710679979,41.8904518,-87.6264822,chicago,b_4663_-7262,1576264810212,180,0.667,-0.22,14:00,0.0,0.1923,0.0016,0.6993,train,mapillary+fortyguard,True,
321571436022910,41.8670957,-87.6469925,chicago,b_4660_-7266,1580245757136,2.3260803222656,0.564,0.67,14:00,0.0279,0.221,0.5217,0.0966,train,mapillary+fortyguard,True,
583755689185735,41.8805704,-87.6397535,chicago,b_4662_-7264,1576273371026,30.364593505859,0.58,0.47,14:00,0.0189,0.1842,0.0079,0.6688,train,mapillary+fortyguard,True,
3877230382354400,41.8855111,-87.6216562,chicago,b_4662_-7262,1576272546167,97.376861572266,0.648,-0.61,14:00,0.0246,0.0169,0.2086,0.463,train,mapillary+fortyguard,True,
797006197616056,41.888206,-87.6319114,chicago,b_4662_-7263,1576254114163,0,0.703,0.36,14:00,0.0,0.0895,0.2133,0.5749,test,mapillary+fortyguard,True,
285361759935565,41.8841636,-87.645786,chicago,b_4662_-7264,1576512119150,3.7583923339844,0.674,0.37,14:00,0.0162,0.2047,0.382,0.2855,train,mapillary+fortyguard,True,
134119268668282,41.8729347,-87.6246724,chicago,b_4661_-7264,1602606505594,267.59832763672,0.705,-0.35,14:00,0.0018,0.4039,0.0285,0.483,train,mapillary+fortyguard,True,
153278646761431,41.8756296,-87.6349276,chicago,b_4661_-7264,1580162035151,272.44915771484,0.636,0.48,14:00,0.0,0.0524,0.5633,0.3043,train,mapillary+fortyguard,True,
2902898263296040,41.876528,-87.6307049,chicago,b_4661_-7264,1580161891098,180,0.658,0.25,14:00,0.0,0.0722,0.343,0.5202,train,mapillary+fortyguard,True,
292489129185279,41.8724856,-87.6445795,chicago,b_4661_-7266,1580160819544,359.72998046875,0.695,0.36,14:00,0.0,0.0646,0.7338,0.1089,train,mapillary+fortyguard,True,
531757418209002,41.8900026,-87.6234659,chicago,b_4663_-7262,1576341562207,0,0.705,-0.45,14:00,0.0021,0.2032,0.093,0.6315,train,mapillary+fortyguard,True,
474683273842637,41.8859602,-87.6373406,chicago,b_4662_-7263,1576255655211,210.36248779297,0.674,0.5,14:00,0.0,0.178,0.0453,0.6086,test,mapillary+fortyguard,True,
196437558963896,41.8886552,-87.6475957,chicago,b_4663_-7264,1580247432137,178.17260742188,0.438,0.36,14:00,0.0,0.216,0.1917,0.5206,train,mapillary+fortyguard,True,
891276799082502,41.8666465,-87.6439762,chicago,b_4660_-7266,1694203251593,358.70039628397,0.63,0.72,14:00,0.0524,0.1095,0.4164,0.102,train,mapillary+fortyguard,True,
177121307632343,41.8828161,-87.6469925,chicago,b_4662_-7265,1580246254114,357.65747070312,0.647,0.36,14:00,0.0,0.2134,0.4002,0.317,train,mapillary+fortyguard,True,
5778194042198673,41.8810195,-87.6325146,chicago,b_4662_-7264,1576273532128,86.924743652344,0.54,0.43,14:00,0.0,0.2236,0.0521,0.6306,train,mapillary+fortyguard,True,
466702861285318,41.8769771,-87.6463892,chicago,b_4661_-7265,1580246756143,206.73376464844,0.573,0.36,14:00,0.0,0.1977,0.3499,0.0512,train,mapillary+fortyguard,True,
938954673539019,41.8904518,-87.6391503,chicago,b_4663_-7263,1576261447228,93.454986572266,0.737,0.48,14:00,0.0009,0.2663,0.11,0.5314,test,mapillary+fortyguard,True,
1113924090463745,41.8792229,-87.6180367,chicago,b_4661_-7263,1735752476425,178.91371936824,0.697,-0.69,14:00,0.2563,0.1922,0.3636,0.0057,train,mapillary+fortyguard,True,
2830551487207635,41.8819178,-87.6282919,chicago,b_4662_-7263,1576258126196,262.93243408203,0.661,0.03,14:00,0.0,0.2153,0.0453,0.678,test,mapillary+fortyguard,True,
508624563655328,41.8886552,-87.6246724,chicago,b_4663_-7262,1576344884193,189.85424804688,0.58,-0.33,14:00,0.0,0.2053,0.0704,0.6343,train,mapillary+fortyguard,True,
227132738752280,41.8733839,-87.6174335,chicago,b_4661_-7263,1602606375666,335.96258544922,0.698,-0.68,14:00,0.2958,0.4774,0.1136,0.056,train,mapillary+fortyguard,True,
216121110318147,41.8760788,-87.6276886,chicago,b_4661_-7264,1576339218163,358.87744140625,0.666,0.02,14:00,0.0066,0.1242,0.136,0.6627,train,mapillary+fortyguard,True,
273902697804010,41.8652991,-87.6451827,chicago,b_4660_-7266,1576514675177,176.75958251953,0.474,0.75,14:00,0.037,0.2728,0.566,0.0563,train,mapillary+fortyguard,True,
2567010413602460,41.8828161,-87.6240692,chicago,b_4662_-7263,1576265735185,348.83673095703,0.688,-0.45,14:00,0.0334,0.2529,0.1229,0.3864,test,mapillary+fortyguard,True,
5493069180767982,41.8720364,-87.6415633,chicago,b_4661_-7265,1580068433198,269.36413574219,0.72,0.42,14:00,0.0352,0.2544,0.4991,0.1389,train,mapillary+fortyguard,True,
793577118252296,41.8922484,-87.6307049,chicago,b_4663_-7262,1576266294168,177.33624267578,0.72,0.27,14:00,0.0244,0.2318,0.1367,0.5144,train,mapillary+fortyguard,True,
137930091601306,41.8769771,-87.6234659,chicago,b_4661_-7263,1576265571192,315.93292236328,0.706,-0.45,14:00,0.0,0.28,0.0793,0.6002,train,mapillary+fortyguard,True,
1037712893302494,41.8756296,-87.6475957,chicago,b_4661_-7265,1580245214112,359.62579345703,0.61,0.35,14:00,0.0,0.2449,0.4399,0.2066,train,mapillary+fortyguard,True,
1153681068952054,41.8644008,-87.6264822,chicago,b_4660_-7265,1706207293692,148.86311578751,0.666,0.02,14:00,0.0,0.0817,0.0173,0.7992,test,mapillary+fortyguard,True,
508823463828145,41.882367,-87.6439762,chicago,b_4662_-7264,1576512735269,191.08538818359,0.654,0.39,14:00,0.0543,0.2419,0.2797,0.2807,train,mapillary+fortyguard,True,
222671959236181,41.8891043,-87.6403568,chicago,b_4663_-7263,1576268567152,278.09497070312,0.729,0.46,14:00,0.0444,0.2473,0.1821,0.4769,test,mapillary+fortyguard,True,
215294956784646,41.8873077,-87.6258789,chicago,b_4662_-7262,1576271951163,14.163391113281,0.664,-0.21,14:00,0.0,0.2537,0.1789,0.5034,train,mapillary+fortyguard,True,
159313069472917,41.8652991,-87.6222594,chicago,b_4660_-7265,1576349307249,0,0.728,-0.63,14:00,0.0833,0.1904,0.0989,0.4805,test,mapillary+fortyguard,True,
210430900662093,41.8900026,-87.6361341,chicago,b_4663_-7263,1576270186213,92.874786376953,0.716,0.5,14:00,0.0,0.1879,0.1713,0.6006,test,mapillary+fortyguard,True,
464163301512416,41.8841636,-87.6355308,chicago,b_4662_-7263,1576339602173,358.24755859375,0.69,0.49,14:00,0.0,0.2268,0.0487,0.6734,test,mapillary+fortyguard,True,
338898394267731,41.8909009,-87.6319114,chicago,b_4663_-7262,1576340567258,355.35723876953,0.694,0.36,14:00,0.0304,0.1434,0.4667,0.2836,train,mapillary+fortyguard,True,
182134753785420,41.8868585,-87.645786,chicago,b_4662_-7264,1580246367072,99.990875244141,0.714,0.37,14:00,0.0,0.2817,0.2269,0.4532,train,mapillary+fortyguard,True,
977532789657387,41.8792229,-87.6307049,chicago,b_4661_-7264,1580161865126,178.72039794922,0.603,0.27,14:00,0.0062,0.0706,0.092,0.7538,train,mapillary+fortyguard,True,
173554647995373,41.8751805,-87.6445795,chicago,b_4661_-7265,1580160835080,44.636901855469,0.671,0.35,14:00,0.0,0.0455,0.4941,0.3067,train,mapillary+fortyguard,True,
3894685874109313,41.8801212,-87.6264822,chicago,b_4662_-7263,1705769900622,273,0.445,-0.09,14:00,0.0,0.0,0.0,1.0,test,mapillary+fortyguard,True,
957079855121405,41.8648499,-87.6192432,chicago,b_4660_-7264,1576349438198,165.58782958984,0.607,-0.78,14:00,0.1364,0.1787,0.4717,0.0764,train,mapillary+fortyguard,True,
316113470153479,41.8895535,-87.6331178,chicago,b_4663_-7263,1576340745196,177.91009521484,0.714,0.43,14:00,0.0908,0.265,0.1014,0.4628,test,mapillary+fortyguard,True,
1004645783670394,41.8810195,-87.6222594,chicago,b_4662_-7263,1576257934185,268.56195068359,0.683,-0.54,14:00,0.2518,0.2361,0.1426,0.2704,test,mapillary+fortyguard,True,
916793695820825,41.8837144,-87.6325146,chicago,b_4662_-7263,1576340869201,189.85485839844,0.604,0.42,14:00,0.0001,0.1606,0.0382,0.6781,test,mapillary+fortyguard,True,
344025827140990,41.8904518,-87.6288951,chicago,b_4663_-7262,1576262022181,271.70989990234,0.632,0.04,14:00,0.0,0.2104,0.0641,0.5698,train,mapillary+fortyguard,True,
1620087125067031,41.8819178,-87.6180367,chicago,b_4662_-7262,1694359144330,184.73891115645,0.693,-0.69,14:00,0.1381,0.1166,0.4717,0.005,train,mapillary+fortyguard,True,
147033960731024,41.867994,-87.6451827,chicago,b_4660_-7266,1580069396225,176.48333740234,0.604,0.63,14:00,0.0262,0.2445,0.5469,0.0598,train,mapillary+fortyguard,True,
742718249743111,41.8855111,-87.6240692,chicago,b_4662_-7262,1580161286499,75.426849365234,0.63,-0.44,14:00,0.0,0.0631,0.1358,0.7201,train,mapillary+fortyguard,True,
537671934268873,41.8747313,-87.6415633,chicago,b_4661_-7265,1580069708088,269.37445068359,0.688,0.41,14:00,0.0016,0.1818,0.3677,0.3983,train,mapillary+fortyguard,True,
522303658900428,41.8814687,-87.6379438,chicago,b_4662_-7264,1576258206292,269.34790039062,0.712,0.5,14:00,0.0,0.0468,0.0717,0.6268,train,mapillary+fortyguard,True,
487407271052930,41.8702398,-87.6168302,chicago,b_4660_-7264,1735595047532,0.55408464544269,0.673,-0.71,14:00,0.2267,0.2165,0.3517,0.0623,train,mapillary+fortyguard,True,
737542303581799,41.888206,-87.6343243,chicago,b_4662_-7263,1576340024179,236.58941650391,0.692,0.47,14:00,0.0,0.217,0.1347,0.611,test,mapillary+fortyguard,True,
2836252003353848,41.8729347,-87.6270854,chicago,b_4661_-7264,1602606529528,269.29434204102,0.655,-0.11,14:00,0.026,0.3813,0.0,0.4097,train,mapillary+fortyguard,True,
511258133342090,41.8756296,-87.6373406,chicago,b_4661_-7265,1580162051186,268.47161865234,0.581,0.48,14:00,0.0,0.0438,0.0,0.9152,train,mapillary+fortyguard,True,
805491823409188,41.8917992,-87.6403568,chicago,b_4663_-7263,1576261373193,149.22515869141,0.703,0.46,14:00,0.0417,0.2487,0.1676,0.426,test,mapillary+fortyguard,True,
155863919825075,41.8805704,-87.6192432,chicago,b_4662_-7263,1576257867196,269.22277832031,0.769,-0.68,14:00,0.0179,0.2657,0.3775,0.2559,test,mapillary+fortyguard,True,
690801326438865,41.8873077,-87.6156238,chicago,b_4662_-7261,1694359088196,99.84372217201,0.738,-0.68,14:00,0.0222,0.1391,0.337,0.4044,test,mapillary+fortyguard,True,
610413799914163,41.876528,-87.6331178,chicago,b_4661_-7264,1576516786940,7.25,0.429,0.42,14:00,0.0,0.1199,0.0001,0.8114,train,mapillary+fortyguard,True,
244594274101166,41.8832653,-87.6294984,chicago,b_4662_-7263,1576341100196,91.099243164062,0.647,0.15,14:00,0.0,0.2039,0.088,0.5975,test,mapillary+fortyguard,True,
175312204477449,41.8900026,-87.6258789,chicago,b_4663_-7262,1576270359155,90.7060546875,0.476,-0.22,14:00,0.0,0.2155,0.0513,0.5813,train,mapillary+fortyguard,True,
266729828520914,41.8774263,-87.6288951,chicago,b_4661_-7264,1576273888154,358.25927734375,0.608,0.15,14:00,0.0,0.1978,0.0095,0.5911,train,mapillary+fortyguard,True,
4060134480772122,41.8666465,-87.6463892,chicago,b_4660_-7266,1580245754121,358.89666748047,0.583,0.68,14:00,0.0302,0.2469,0.5488,0.0828,train,mapillary+fortyguard,True,
483912756185452,41.8733839,-87.6427698,chicago,b_4661_-7265,1580068521142,356.98236083984,0.733,0.38,14:00,0.0,0.2291,0.2727,0.4763,train,mapillary+fortyguard,True,
526613578712630,41.8801212,-87.6391503,chicago,b_4662_-7264,1576273309155,2.7208862304688,0.638,0.49,14:00,0.0079,0.2535,0.0879,0.6002,train,mapillary+fortyguard,True,
1687795908618178,41.8688923,-87.6180367,chicago,b_4660_-7264,1735595034663,34.686060580485,0.576,-0.74,14:00,0.3804,0.1334,0.2744,0.0208,train,mapillary+fortyguard,True,
558315902225556,41.8868585,-87.6355308,chicago,b_4662_-7263,1576258576203,57.071472167969,0.686,0.49,14:00,0.0,0.2531,0.1511,0.5084,test,mapillary+fortyguard,True,
1100748237071548,41.8850619,-87.621053,chicago,b_4662_-7262,1576272574176,169.04498291016,0.599,-0.61,14:00,0.0241,0.2338,0.4462,0.1838,train,mapillary+fortyguard,True,
3036693696654153,41.8810195,-87.6349276,chicago,b_4662_-7264,1576273484137,88.429840087891,0.563,0.5,14:00,0.0282,0.2159,0.0419,0.6424,train,mapillary+fortyguard,True,
882982058925670,41.8877568,-87.6313081,chicago,b_4662_-7263,1576266389206,181.27307128906,0.497,0.27,14:00,0.0,0.0053,0.0309,0.6724,test,mapillary+fortyguard,True,
212133520463070,41.8769771,-87.6488022,chicago,b_4661_-7265,1580069854126,273.54705810547,0.7,0.36,14:00,0.0,0.1464,0.2083,0.522,train,mapillary+fortyguard,True,
132275718933624,41.8751805,-87.6343243,chicago,b_4661_-7264,1576513227151,130.51849365234,0.537,0.44,14:00,0.0189,0.21,0.1738,0.2799,train,mapillary+fortyguard,True,
216023613363537,41.8819178,-87.6307049,chicago,b_4662_-7263,1580161816098,180,0.606,0.26,14:00,0.0,0.0944,0.1141,0.7244,test,mapillary+fortyguard,True,
168082375230186,41.8886552,-87.6270854,chicago,b_4663_-7262,1576271875171,154.23498535156,0.632,-0.09,14:00,0.0,0.1945,0.1351,0.553,train,mapillary+fortyguard,True,
1159023291886782,41.8828161,-87.6264822,chicago,b_4662_-7263,1705769843571,267,0.516,-0.22,14:00,0.0,0.0002,0.0,0.9675,test,mapillary+fortyguard,True,
3423766374424103,41.8675448,-87.6192432,chicago,b_4660_-7264,1735595027829,32.553399261609,0.651,-0.74,14:00,0.1081,0.1764,0.425,0.0088,train,mapillary+fortyguard,True,
245012424086851,41.8855111,-87.6367373,chicago,b_4662_-7263,1576258558426,15.943176269531,0.604,0.5,14:00,0.0,0.2488,0.0286,0.4691,test,mapillary+fortyguard,True,
4111406258919658,41.8769771,-87.6258789,chicago,b_4661_-7264,1576265382218,183.08837890625,0.528,-0.23,14:00,0.013,0.2598,0.0584,0.6088,train,mapillary+fortyguard,True,
225107725617903,41.8729347,-87.6397535,chicago,b_4661_-7265,1580068406143,178.94232177734,0.706,0.43,14:00,0.0,0.2252,0.3215,0.4062,train,mapillary+fortyguard,True,
856752758252045,41.8864094,-87.6325146,chicago,b_4662_-7263,1576340779211,178.17254638672,0.468,0.36,14:00,0.0,0.2817,0.058,0.6094,test,mapillary+fortyguard,True,
772855010263034,41.8873077,-87.6282919,chicago,b_4662_-7263,1580161595134,271.3154296875,0.626,0.04,14:00,0.0,0.0984,0.2834,0.5149,test,mapillary+fortyguard,True,
238409234745899,41.8900026,-87.638547,chicago,b_4663_-7263,1576340330907,159.15942382812,0.628,0.5,14:00,0.0571,0.222,0.0236,0.5934,test,mapillary+fortyguard,True,
3561638587419233,41.8787737,-87.6174335,chicago,b_4661_-7263,1694359173924,179.78634381509,0.719,-0.69,14:00,0.2064,0.2277,0.4167,0.0106,train,mapillary+fortyguard,True,
763419508807605,41.8855111,-87.613814,chicago,b_4662_-7262,1694359114559,181.08041786139,0.708,-0.66,14:00,0.0061,0.1431,0.5024,0.1481,train,mapillary+fortyguard,True,
